Name,Address,City,State,Zip,County,Phone,Administrator,Licensee,Facility Number,Type,Status,Capacity,License Date,GPO
"LA COSTA GLEN CARLSBAD","1950 SILVERLEAF CIRCLE","CARLSBAD",CA,92009,"SAN DIEGO","(760) 704-1000","KEARNAGHAN, KRISTEN","LA COSTA GLEN CARLSBAD CCRC LLC/LIFE CARE SVCS LLC",374600637,"RCFE-CONTINUING CARE RETIREMENT COMMUNITY",LICENSED,1233,2/11/2003,"None"
"VI AT PALO ALTO","620 SAND HILL ROAD","PALO ALTO",CA,94304,"SANTA CLARA","(650) 853-5000","JOHN KOSELAK","CC-PALO ALTO,INC. & CLASSIC RES.MGMT. LTD. PARTNER",435200930,"RCFE-CONTINUING CARE RETIREMENT COMMUNITY",LICENSED,876,6/2/2005,"Premier, Vizient"
"REATA GLEN ORANGE COUNTY CCRC LLC","2 LAS ESTRELLAS LOOP","RANCHO MISSION VIEJO",CA,92694,"ORANGE","(949) 545-2250","KELLY CONK","REAT GLEN ORANGE COUNTY CCRC",306005546,"RCFE-CONTINUING CARE RETIREMENT COMMUNITY",LICENSED,840,6/19/2019,"None"
"STONERIDGE CREEK PLEASANTON","3300 STONERIDGE CREEK WAY","PLEASANTON",CA,94588,"ALAMEDA","(925) 201-4000","EZEKIEL GRIFFIN","STONERIDGE CREEK PLEASANTON CCRC LLC",19200474,"RCFE-CONTINUING CARE RETIREMENT COMMUNITY",LICENSED,828,9/19/2013,"Premier"
"FORUM AT RANCHO SAN ANTONIO, THE","23500 CRISTO REY DRIVE","CUPERTINO",CA,95014,"SANTA CLARA","(650) 944-0100","ROSALIE B ZBASNIK-HULOG","RSARHC, RSARS INC. & LIFE CARE SERVICES LLC",435200344,"RCFE-CONTINUING CARE RETIREMENT COMMUNITY",LICENSED,817,9/24/1996,"Premier"
"VI AT LA JOLLA VILLAGE","8515 COSTA VERDE BLVD","SAN DIEGO",CA,92122,"SAN DIEGO","(858) 646-7700","BOUDREAU, STEPHANIE","CCW LA JOLLA LLC, CC-LA JOLLA INC, CLASSIC RES MGM",374600675,"RCFE-CONTINUING CARE RETIREMENT COMMUNITY",LICENSED,783,7/16/1998,"Premier, Vizient"
"PARADISE VALLEY ESTATES","2600 ESTATES DRIVE","FAIRFIELD",CA,94533,"SOLANO","(707) 432-1100","YEE, KELLY","NORTHERN CALIFORNIA RETIRED OFFICERS COMMUNITY",486800368,"RCFE-CONTINUING CARE RETIREMENT COMMUNITY",LICENSED,743,12/3/1997,"Premier, Vizient"
"MORNINGSIDE OF FULLERTON","800 MORNINGSIDE DR.","FULLERTON",CA,92835,"ORANGE","(714) 256-8000","RICHARD ALLEN NORDSIEK","MORNINGSIDE SP ASSOCIATES INC, GP OF CORECARE III",300613273,"RCFE-CONTINUING CARE RETIREMENT COMMUNITY",LICENSED,712,11/9/1993,"Vizient"
"GLEN AT SCRIPPS RANCH, THE","9800 GLEN CENTER DRIVE","SAN DIEGO",CA,92131,"SAN DIEGO","(858) 444-8500","KLINE, MEEGAN","GLEN AT SCRIPPS RANCH CCRC LLC",374603600,"RCFE-CONTINUING CARE RETIREMENT COMMUNITY",LICENSED,684,12/23/2019,"None"
"SPRING LAKE VILLAGE","5555 MONTGOMERY DRIVE","SANTA ROSA",CA,95409,"SONOMA","(707) 538-8400","KECK, WILLIAM","FRONT PORCH COMMUNITIES AND SERVICES",490107656,"RCFE-CONTINUING CARE RETIREMENT COMMUNITY",LICENSED,679,8/7/1993,"Premier"
"TERRACES AT SAN JOAQUIN GARDENS, THE","5555 NORTH FRESNO STREET","FRESNO",CA,93710,"FRESNO","(559) 439-4770","CASE, ALEXIS","HUMANGOOD & HUMANGOOD NORCAL & HUMANGOOD FRESNO",100400544,"RCFE-CONTINUING CARE RETIREMENT COMMUNITY",LICENSED,652,2/9/1994,"Premier"
"CASA DE LAS CAMPANAS","18655 WEST BERNARDO DRIVE","SAN DIEGO",CA,92127,"SAN DIEGO","(858) 451-9152","KIMBERLY FINCH-DOMINY","CASA DE LAS CAMPANAS/LIFE CARE SERVICE, LLC",374600488,"RCFE-CONTINUING CARE RETIREMENT COMMUNITY",LICENSED,582,1/1/1997,"Premier, Vizient"
"BRETHREN HILLCREST HOMES","2705 MOUNTAIN VIEW DRIVE","LA VERNE",CA,91750,"LOS ANGELES","(909) 593-4917","KEITH KASIN","BRETHREN HILLCREST HOMES",191501662,"RCFE-CONTINUING CARE RETIREMENT COMMUNITY",LICENSED,574,7/2/1976,"Premier"
"VENTURA TOWNEHOUSE","4900 TELEGRAPH ROAD","VENTURA",CA,93003,"VENTURA","(805) 642-3263","EVAN GRANUCCI","PACIFIC VIEW OF VENTURA, INC.",565801810,"RESIDENTIAL CARE ELDERLY",LICENSED,566,10/5/2012,"Premier"
"FREDERICKA MANOR","183 THIRD AVENUE","CHULA VISTA",CA,91910,"SAN DIEGO","(619) 205-4100","BEN GESKE","FRONT PORCH COMMUNITIES AND SERVICES",374603402,"RESIDENTIAL CARE ELDERLY",LICENSED,560,10/29/2014,"Premier"
"VALLE VERDE","900 CALLE DE LOS AMIGOS","SANTA BARBARA",CA,93105,"SANTA BARBARA","(805) 883-4193","SUSAN E PONCE","HUMANGOOD & HUMANGOOD NORCAL",421700411,"RCFE-CONTINUING CARE RETIREMENT COMMUNITY",LICENSED,547,9/17/1993,"Premier"
"FREEDOM VILLAGE","23442 EL TORO ROAD","LAKE FOREST",CA,92630,"ORANGE","(949) 472-4733","HRAG H BEKERIAN","MURPHY,N.,SHEAM,G.,KUBICKA,C.,KUBICKA,L.,FPW,LLC",300606831,"RCFE-CONTINUING CARE RETIREMENT COMMUNITY",LICENSED,533,7/23/1987,"Premier"
"MOUNT SAN ANTONIO GARDENS","900 EAST HARRISON AVENUE","POMONA",CA,91767,"LOS ANGELES","(909) 624-5061","JOYCE FREMPONG","CONGREGATIONAL HOMES, INCORPORATED",191500496,"RCFE-CONTINUING CARE RETIREMENT COMMUNITY",LICENSED,520,1/4/1993,"None"
"ATHERTON BAPTIST HOMES","214 SOUTH ATLANTIC BLVD.","ALHAMBRA",CA,91801,"LOS ANGELES","(626) 289-4178","ANGELA LEE","ATHERTON BAPTIST HOMES",197802543,"RCFE-CONTINUING CARE RETIREMENT COMMUNITY",LICENSED,518,3/31/1999,"Premier, Vizient"
"UNIVERSITY VILLAGE THOUSAND OAKS","3415 CAMPUS DRIVE","THOUSAND OAKS",CA,91360,"VENTURA","(805) 241-3000","DMITRY ESTRIN","UNIV. VLG. T. OAKS CCRC LLC",565800978,"RCFE-CONTINUING CARE RETIREMENT COMMUNITY",LICENSED,514,9/24/2007,"Vizient"
"WESLEY PALMS","2404 LORING STREET","SAN DIEGO",CA,92109,"SAN DIEGO","(858) 274-4110","JUSTIN WEBER","FRONT PORCH COMMUNITIES AND SERVICES",374600800,"RESIDENTIAL CARE ELDERLY",LICENSED,511,2/2/2000,"Premier"
"ESKATON VILLAGE","3939 WALNUT AVE","CARMICHAEL",CA,95608,"SACRAMENTO","(916) 974-2000","RIST, ALICIA","ESKATON; ESKATON PROPERTIES INC",340313383,"RCFE-CONTINUING CARE RETIREMENT COMMUNITY",LICENSED,500,3/23/1992,"Premier"
"UNIVERSITY RETIREMENT COMMUNITY AT DAVIS","1515 SHASTA DRIVE","DAVIS",CA,95616,"YOLO","(530) 747-7000","MARIA BURTON","UNIVER RETIRE COM AT DAVIS/PACIFIC RETIRE SERVICES",577001215,"RCFE-CONTINUING CARE RETIREMENT COMMUNITY",LICENSED,500,2/18/2000,"Premier, Vizient"
"O'CONNOR WOODS ASSISTED LIVING","3334 WAGNER HEIGHTS RD","STOCKTON",CA,95209,"SAN JOAQUIN","(209) 956-3400","LEAL-MALLETE, PENNY","O'CONNOR WOODS HOUSING; ESKATON PROPERTIES INC",390314809,"RCFE-CONTINUING CARE RETIREMENT COMMUNITY",LICENSED,499,8/14/1991,"None"
"WISTERIA WARNER CENTER LLC","5500 CANOGA AVENUE","WOODLAND HILLS",CA,91367,"LOS ANGELES","(760) 704-6300","SPIEKER E. WARREN III","WISTERIA WARNER CENTER CCRC LLC",197609993,"RESIDENTIAL CARE ELDERLY",PENDING,497,,"None"
"GLEN AT HEATHER FARM WALNUT CREEK CCRC LLC, THE","850 SEVEN HILLS RANCH ROAD","WALNUT CREEK",CA,94598,"CONTRA COSTA","(760) 704-6300","JR. SPIEKER, WARREN E.","DIABLO GLEN WALNUT CREEK CCRC",79201073,"RESIDENTIAL CARE ELDERLY",PENDING,480,,"None"
"TERRACES OF LOS GATOS, THE","800 BLOSSOM HILL ROAD","LOS GATOS",CA,95032,"SANTA CLARA","(408) 356-1006","PETER MORRIS","HUMANGOOD & HUMANGOOD NORCAL",430708817,"RCFE-CONTINUING CARE RETIREMENT COMMUNITY",LICENSED,458,12/22/1992,"Premier"
"PILGRIM PLACE IN CLAREMONT","625 MAYFLOWER ROAD","CLAREMONT",CA,91711,"LOS ANGELES","(909) 399-5500","RICHARD RODAS","PILGRIM PLACE IN CLAREMONT, INC.",197607628,"RCFE-CONTINUING CARE RETIREMENT COMMUNITY",LICENSED,454,1/16/2009,"Vizient"
"VILLAGE, THE","2200 WEST ACACIA","HEMET",CA,92545,"RIVERSIDE","(951) 766-5116","ROB TAKAMI","FREEDOM PROPERTIES HEMET, LLC.",336403573,"RCFE-CONTINUING CARE RETIREMENT COMMUNITY",LICENSED,452,9/18/2000,"None"
"VARIEL OF WOODLAND HILLS, THE","6233 VARIEL AVE","WOODLAND HILLS",CA,91367,"LOS ANGELES","(818) 651-6018","LOURDES BUSTAMANTE","SBLP WARNER CENTER OPCO,LLC;MOMENTUM SENIOR LIVING",195850240,"RESIDENTIAL CARE ELDERLY",LICENSED,436,7/1/2022,"None"
"COVENANT LIVING AT MOUNT MIGUEL","325 KEMPTON STREET","SPRING VALLEY",CA,91977,"SAN DIEGO","(619) 479-4790","RICHARD MILLER","COVENANT LIVING WEST",370800394,"RCFE-CONTINUING CARE RETIREMENT COMMUNITY",LICENSED,435,4/9/1993,"Vizient"
"PENINSULA REGENT (THE)","1 BALDWIN AVENUE","SAN MATEO",CA,94401,"SAN MATEO","(650) 579-5500","MARTIN HERTER","BASS INC; PACIFIC RETIREMENT SERVICES INC",410508359,"RCFE-CONTINUING CARE RETIREMENT COMMUNITY",LICENSED,435,12/15/1988,"Premier, Vizient"
"VIVANTE ON THE COAST","1640 & 1650 MONROVIA AVE","COSTA MESA",CA,92627,"ORANGE","(949) 629-2100","ROBERT FIORENTINO II","VIVANTE WESTSIDE LLC; INTEGRAL SENIOR LIVING MGT",306004582,"RESIDENTIAL CARE ELDERLY",LICENSED,430,10/10/2013,"Vizient"
"GROSSMONT GARDENS SENIOR LIVING","5480 MARENGO AVE","LA MESA",CA,91942,"SAN DIEGO","(619) 463-0281","TORINO, LYNN","VISTA LA MESA SENIOR LIVING, INC.",374604675,"RESIDENTIAL CARE ELDERLY",LICENSED,425,5/4/2023,"Premier"
"SARATOGA RETIREMENT COMMUNITY","14500 FRUITVALE AVENUE","SARATOGA",CA,95070,"SANTA CLARA","(408) 741-7100","SARAH STEL","ODD FELLOWS HOME OF CA; GRAND LODGE; PRS MGMT INC",435201057,"RCFE-CONTINUING CARE RETIREMENT COMMUNITY",LICENSED,418,7/31/2002,"Premier, Vizient"
"CALIFORNIA ARMENIAN HOME","6720 E KINGS CANYON RD","FRESNO",CA,93727,"FRESNO","(559) 251-8414","PAUL ROCHA","CALIFORNIA HOME FOR THE AGED INC",100400070,"RCFE-CONTINUING CARE RETIREMENT COMMUNITY",LICENSED,412,3/20/1985,"Vizient"
"WOODLAND HILLS LIFE PLAN COMMUNITY","23200 W MULHOLLAND DR","WOODLAND HILLS",CA,91364,"LOS ANGELES","(515) 875-4739","TBD","MULHOLLAND SL OPERATING GP LLC; LIFE CARE SERVICES",195850329,"RCFE-CONTINUING CARE RETIREMENT COMMUNITY",PENDING,402,,"None"
"ENSO VILLAGE, A KENDAL AFFILIATE","1801 BOXHEART DRIVE","HEALDSBURG",CA,95448,"SONOMA","(925) 366-3414","ANNET NAKIYUKA","KENDAL AT SONOMA, A ZEN INSPIRED COMMUNITY",496803820,"RCFE-CONTINUING CARE RETIREMENT COMMUNITY",LICENSED,400,11/3/2023,"None"
"IL VILLAGGIO AT SAN LUIS OBISPO","LOS OSOS VALLEY ROAD","SAN LUIS OBISPO",CA,93401,"SAN LUIS OBISPO","(805) 996-0580","TBD","II VILLAGGIO AT SAN LUIS OBISPO LLC LIFE CARE SERV",405802282,"RCFE-CONTINUING CARE RETIREMENT COMMUNITY",PENDING,400,,"None"
"SEQUOIAS SAN FRANCISCO (THE)","1400 GEARY BLVD","SAN FRANCISCO",CA,94109,"SAN FRANCISCO","(415) 922-9700","GLEN GODDARD","SEQUOIA LIVING, INC.",380500593,"RCFE-CONTINUING CARE RETIREMENT COMMUNITY",LICENSED,400,5/21/1975,"None"
"REGENTS POINT","19191 HARVARD AVENUE","IRVINE",CA,92612,"ORANGE","(949) 854-9500","FORNEY, MELINDA M","HUMANGOOD & HUMANGOOD SOCAL",300603257,"RCFE-CONTINUING CARE RETIREMENT COMMUNITY",LICENSED,399,2/23/1982,"Premier, Vizient"
"COVENANT LIVING AT THE SAMARKAND","2550 TREASURE DRIVE","SANTA BARBARA",CA,93105,"SANTA BARBARA","(805) 687-0701","MARJAN ALBERT","COVENANT LIVING WEST",421702848,"RCFE-CONTINUING CARE RETIREMENT COMMUNITY",LICENSED,379,4/6/1993,"Vizient"
"COVENANT LIVING OF TURLOCK","2125 N OLIVE AVENUE","TURLOCK",CA,95382,"STANISLAUS","(209) 632-9976","RYAN HUST","COVENANT LIVING WEST",500301453,"RCFE-CONTINUING CARE RETIREMENT COMMUNITY",LICENSED,377,6/19/1989,"Vizient"
"ACACIA CREEK - UNION CITY","34400 MISSION BLVD.","UNION CITY",CA,94587,"ALAMEDA","(510) 441-3700","CHUCK MAJOR","MASONIC HOMES CAL & ACACIA CREEK, MASONIC SEN LIV",15601302,"RCFE-CONTINUING CARE RETIREMENT COMMUNITY",LICENSED,376,5/20/2010,"Premier"
"BROOKDALE RIVERWALK","350 CALLOWAY DR","BAKERSFIELD",CA,93312,"KERN","(661) 587-0221","TOOMER, JEFFREY","BLC GLENWOOD-GARDENS AL-LH; BROOKDALE LIVING COMMS",157203395,"RCFE-CONTINUING CARE RETIREMENT COMMUNITY",LICENSED,376,6/26/2006,"Premier, Vizient"
"CASA DORINDA","300 HOT SPRINGS RD.","SANTA BARBARA",CA,93108,"SANTA BARBARA","(805) 969-8011","BRIAN MCCAGUE","MONTECITO RETIREMENT ASSOCIATION",421700160,"RCFE-CONTINUING CARE RETIREMENT COMMUNITY",LICENSED,360,10/31/1993,"Vizient"
"CLAREMONT MANOR","650 W. HARRISON AVE.","CLAREMONT",CA,91711,"LOS ANGELES","(909) 626-1227","ROBERT BARTON","FRONT PORCH COMMUNITIES AND SERVICES",198601672,"RESIDENTIAL CARE ELDERLY",LICENSED,360,7/11/2013,"Premier"
"MEADOWS OF NAPA VALLEY, THE","1800 ATRIUM PARKWAY","NAPA",CA,94559,"NAPA","(707) 257-7885","KRISTINE MORROW","ODD FELLOWS HOME OF CALIFORNIA; PRS MGMT INC",286801070,"RCFE-CONTINUING CARE RETIREMENT COMMUNITY",LICENSED,350,7/31/2002,"Premier"
"SAN FRANCISCO TOWERS","1661 PINE STREET","SAN FRANCISCO",CA,94109,"SAN FRANCISCO","(415) 776-0500","MARK NITSCHE","FRONT PORCH COMMUNITIES AND SERVICES",380540292,"RCFE-CONTINUING CARE RETIREMENT COMMUNITY",LICENSED,350,10/31/1997,"Premier, Vizient"
"COVINGTON, THE","3 PURSUIT","ALISO VIEJO",CA,92656,"ORANGE","(949) 389-8500","DONALD CASH BENTON","EPISCOPAL COMMUNITIES & SERVICES FOR SENIORS",306002255,"RCFE-CONTINUING CARE RETIREMENT COMMUNITY",LICENSED,343,5/20/2004,"None"
"SAN DIMAS RETIREMENT CENTER","834 WEST ARROW HIGHWAY","SAN DIMAS",CA,91773,"LOS ANGELES","(909) 599-8441","PRISCILLA GAYTAN","SAN DIMAS RETIREMENT, LLC",191500609,"RESIDENTIAL CARE ELDERLY",LICENSED,343,2/18/1988,"None"
"TAMALPAIS","501 VIA CASITAS","GREENBRAE",CA,94904,"MARIN","(415) 461-2300","TUMBALE, TERENCE","SEQUOIA LIVING, INC.",210102761,"RCFE-CONTINUING CARE RETIREMENT COMMUNITY",LICENSED,341,6/1/1988,"None"
"VILLA GARDENS","842 EAST VILLA STREET","PASADENA",CA,91101,"LOS ANGELES","(626) 796-8162","SHAUN RUSHFORTH","FRONT PORCH COMMUNITIES AND SERVICES",197602345,"RCFE-CONTINUING CARE RETIREMENT COMMUNITY",LICENSED,340,6/30/1999,"Premier"
"GRACE RETIREMENT VILLAGE","1100 E. WHITTIER BLVD.","LA HABRA",CA,90631,"ORANGE","(562) 694-6515","MICHELLE SONG","GRACE RETIREMENT VILLAGE, INC",306090049,"RESIDENTIAL CARE ELDERLY",LICENSED,340,2/25/2022,"Premier"
"GRACE RETIREMENT VILLAGE","1100 E WHITTIER BLVD","LA HABRA",CA,90631,"ORANGE","(562) 694-6515","AGAS, VIRGILIO","GRACE RETIRMENT VILLAGE INC",306006640,"RESIDENTIAL CARE ELDERLY",PENDING,340,,"None"
"WALNUT VILLAGE","891 WALNUT STREET","ANAHEIM",CA,92802,"ORANGE","(714) 776-7150","DEBORAH INFIELD","FRONT PORCH COMMUNITIES AND SERVICES",306000961,"RCFE-CONTINUING CARE RETIREMENT COMMUNITY",LICENSED,334,6/30/1999,"Premier, Vizient"
"MERRILL GARDENS AT SANTA MARIA","1220 SUEY ROAD","SANTA MARIA",CA,93454,"SANTA BARBARA","(805) 928-2662","MICHAEL EASBEY","MG AT SANTA MARIA, LP ; SHI-IV MERRILL GP, LLC ; M",425850140,"RESIDENTIAL CARE ELDERLY",LICENSED,330,9/10/2021,"Premier, Vizient"
"SEQUOIAS-PORTOLA VALLEY, THE","501 PORTOLA ROAD","PORTOLA VALLEY",CA,94028,"SAN MATEO","(650) 851-1501","SUZANNE WASLEY-FAIRLEY","SEQUOIA LIVING, INC.",410500567,"RCFE-CONTINUING CARE RETIREMENT COMMUNITY",LICENSED,328,11/5/1985,"None"
"TOWN & COUNTRY","555 E. MEMORY LANE","SANTA ANA",CA,92706,"ORANGE","(714) 547-7581","SARA MODUGNO","CHRISTIAN AND MISSIONARY ALLIANCE",300600977,"RCFE-CONTINUING CARE RETIREMENT COMMUNITY",LICENSED,328,12/5/1975,"Premier"
"ATRIA EL CAMINO GARDENS","2426 GARFIELD AVE","CARMICHAEL",CA,95608,"SACRAMENTO","(916) 488-5722","STANSEL, DANA","WG EL CAMINO GARDENS SH LP; ATRIA MANAGEMENT CO",347000389,"RESIDENTIAL CARE ELDERLY",LICENSED,325,10/31/1995,"Vizient"
"VARENNA AT FOUNTAINGROVE","1401 FOUNTAINGROVE PKWY","SANTA ROSA",CA,95403,"SONOMA","(707) 526-1226","BUOT, FERDINAND","VARENNA LLC, GALLAHER SR LVG; WELLQUEST LIVING LLC",496803049,"RCFE-CONTINUING CARE RETIREMENT COMMUNITY",LICENSED,322,5/2/2008,"Premier, Vizient"
"SAVANT OF WOODLAND HILLS","21711 VENTURA BLVD","WOODLAND HILLS",CA,91364,"LOS ANGELES","(818) 999-2610","SIDNEY, KEVAN","WOODLAND HILLS OPERATIONS LLC",195850546,"RESIDENTIAL CARE ELDERLY",LICENSED,322,12/31/2024,"None"
"PIEDMONT GARDENS #1","110-41ST STREET","OAKLAND",CA,94611,"ALAMEDA","(510) 654-7172","WITTMAN, DANIEL","HUMANGOOD & HUMANGOOD NORCAL",11400514,"RCFE-CONTINUING CARE RETIREMENT COMMUNITY",LICENSED,321,3/25/1993,"Premier"
"ST. PAUL'S TOWERS","100 BAY PLACE","OAKLAND",CA,94610,"ALAMEDA","(510) 835-4700","YUEN, CONNIE","FRONT PORCH COMMUNITIES AND SERVICES",11400627,"RCFE-CONTINUING CARE RETIREMENT COMMUNITY",LICENSED,320,8/14/1985,"Premier"
"MORNINGSTAR OF PASADENA","951 S. FAIR OAKS AVENUE","PASADENA",CA,91105,"LOS ANGELES","(626) 204-1700","TALIAFERRO, KEVIN","OLYMPIC SENIOR CARE LLC:MORNINGSTAR MGT SNR LLC",198603416,"RESIDENTIAL CARE ELDERLY",LICENSED,310,9/23/2021,"Premier"
"IVY AT WELLINGTON, THE","24903 MOULTON PARKWAY","LAGUNA HILLS",CA,92653,"ORANGE","(949) 458-2311","VADNAIS, GERRY","WELL OAK TENANT LLC;OAKMONT MANAGEMENT GROUP LLC",306006222,"RESIDENTIAL CARE ELDERLY",LICENSED,305,6/7/2023,"None"
"PLYMOUTH VILLAGE OF REDLANDS","900 SALEM DRIVE","REDLANDS",CA,92373,"SAN BERNARDINO","(909) 793-1233","MICHAEL HARRISON","HUMANGOOD & HUMANGOOD NORCAL",360904812,"RCFE-CONTINUING CARE RETIREMENT COMMUNITY",LICENSED,303,2/24/1981,"Premier"
"ELLORE SENIOR LIVING","2350 CALLE DE LUNA","SANTA CLARA",CA,95054,"SANTA CLARA","(408) 755-6868","AQUINO, JOYCE","TASMAN ASL OPCO TENANT LLC;OAKMONT MGMT. GROUP LLC",435202961,"RESIDENTIAL CARE ELDERLY",LICENSED,303,3/19/2025,"None"
"MONTECEDRO","2212 EL MOLINO AVE","ALTADENA",CA,91001,"LOS ANGELES","(626) 788-4900","WEIDERT, DAVID","EPISCOPAL COMMUNITIES & SERVICES FOR SENIORS",197610430,"RCFE-CONTINUING CARE RETIREMENT COMMUNITY",LICENSED,300,7/31/2023,"Vizient"
"VIAMONTE AT WALNUT CREEK","2801 SHADELANDS DRIVE","WALNUT CREEK",CA,94598,"CONTRA COSTA","(925) 954-2600","MELODY MITCHELL ALLEN","SEQUOIA LIVING INC",79201006,"RCFE-CONTINUING CARE RETIREMENT COMMUNITY",LICENSED,300,12/1/2020,"Vizient"
"PASEA, THE","1420 E. PALOMAR STREET","CHULA VISTA",CA,91913,"SAN DIEGO","(619) 591-0600","SANO, MARIA","1420 PALOMAR, LLC; INTEGRAL SENIOR LIVING MGMT LLC",374604968,"RESIDENTIAL CARE ELDERLY",PENDING,300,,"None"
"REAL CARE LLC","818 REAL RD","BAKERSFIELD",CA,93309,"KERN","(661) 760-7610","PELAYA, JESSICA","LJN CAPITAL LLC DBA REAL CARE",157209417,"RESIDENTIAL CARE ELDERLY",LICENSED,300,5/9/2025,"None"
"ST. PAUL'S PLAZA","1420 E PALOMAR STREET","CHULA VISTA",CA,91913,"SAN DIEGO","(619) 591-0600","STRATMAN, KIM","ST. PAUL'S EPIS HOME, INC; INTEG SEN LVNG MGMT LLC",374603643,"RESIDENTIAL CARE ELDERLY",LICENSED,300,7/21/2015,"None"
"VISTA DEL MAR SENIOR LIVING","3360 MAGNOLIA AVENUE","LONG BEACH",CA,90806,"LOS ANGELES","(562) 595-1559","SUZETTE S. JOHNSON","3360 MAGNOLIA AVE., INC.",197608029,"RESIDENTIAL CARE ELDERLY",LICENSED,300,10/11/2010,"Premier"
"WHITE SANDS LA JOLLA","7450 OLIVETAS AVE","LA JOLLA",CA,92037,"SAN DIEGO","(858) 454-4201","SMART, SHELLY","HUMANGOOD & HUMANGOOD SOCAL",372000641,"RCFE-CONTINUING CARE RETIREMENT COMMUNITY",LICENSED,299,8/30/1974,"Premier"
"EMERALD COURT","1731 MEDICAL CENTER","ANAHEIM",CA,92801,"ORANGE","(714) 778-5100","DAIZEL C GASPERIAN","KRC ANAHEIM, & KISCO SENIOR LIVING, LLC",306001407,"RESIDENTIAL CARE ELDERLY",LICENSED,299,12/6/2001,"Premier, Vizient"
"KINGSLEY MANOR","1055 NORTH KINGSLEY DRIVE","LOS ANGELES",CA,90029,"LOS ANGELES","(323) 661-1128","LIYON O'QUINN","FRONT PORCH COMMUNITIES AND SERVICES",197608482,"RESIDENTIAL CARE ELDERLY",LICENSED,299,7/12/2013,"Premier"
"INLAND CHRISTIAN HOME, INC","1950 SOUTH MOUNTAIN AVENUE","ONTARIO",CA,91762,"SAN BERNARDINO","(909) 983-0084","MARY WOLFF","INLAND CHRISTIAN HOME, INC",360902944,"RCFE-CONTINUING CARE RETIREMENT COMMUNITY",LICENSED,297,2/20/1994,"Premier"
"HACIENDA MISSION SAN LUIS REY, THE","4000 MISSION AVE","OCEANSIDE",CA,92057,"SAN DIEGO","(520) 797-4000","PEREZ, MARIANO","MISSION SAN LUIS REY LLC; WATERMARK RETIREMENT",374604717,"RESIDENTIAL CARE ELDERLY",LICENSED,294,9/1/2023,"Premier"
"CYPRESS COURT ESCONDIDO","1255 N. BROADWAY","ESCONDIDO",CA,92026,"SAN DIEGO","(760) 747-1940","ROB JOHNSTON","KRC ESCONDIDO, LP; NORTHSTAR SENIOR LIVING,INC.",374600378,"RESIDENTIAL CARE ELDERLY",LICENSED,293,7/12/1996,"Premier"
"AVOCET AT PLAYA VISTA","12490 FIELDING CIRCLE","PLAYA VISTA",CA,90094,"LOS ANGELES","(424) 216-7788","MCGEVNA, KEITH M","HSH PLAYA MANAGEMENT CA LLC; SRG PLAYA MGMT LLC",198320478,"RCFE-CONTINUING CARE RETIREMENT COMMUNITY",LICENSED,286,10/1/2024,"Premier"
"SILVERGATE RANCHO BERNARDO","16061 AVENIDA VENUSTO","SAN DIEGO",CA,92128,"SAN DIEGO","(858) 451-1100","BRAKEVILLE, SONDRA","AMERICARE HEALTH & RETIREMENT, INC.",374604323,"RESIDENTIAL CARE ELDERLY",LICENSED,285,6/18/2020,"Premier"
"ROWNTREE GARDENS","12151 DALE STREET","STANTON",CA,90680,"ORANGE","(714) 530-9100","CLAUDIA LUSCA-BORCSA","CALIFORNIA FRIENDS HOMES, INC.",300600816,"RCFE-CONTINUING CARE RETIREMENT COMMUNITY",LICENSED,280,7/11/1982,"None"
"BROOKDALE UPTOWN WHITTIER","13250 E PHILADELPHIA ST","WHITTIER",CA,90601,"LOS ANGELES","(562) 945-3904","PRECIOSA (SUZIE) MAGPAYO","SUMMERVILLE AT COBBCO INC; EMERITUS CORPORATION",198601778,"RESIDENTIAL CARE ELDERLY",LICENSED,280,7/31/2014,"Premier, Vizient"
"SAMARITAN VILLAGE","7700 FOX ROAD","HUGHSON",CA,95326,"STANISLAUS","(209) 883-3000","RIKKI PEREZCHICA","HUGHSON SAMARITAN VILLAGE",507002396,"RESIDENTIAL CARE ELDERLY",LICENSED,277,9/9/2003,"Premier, Vizient"
"LAKES, THE","5801 SUN LAKES BLVD","BANNING",CA,92220,"RIVERSIDE","(915) 845-2220","MATSUSHITA, LORI","LAKES SENIOR LIVING, LLC, THE",335530266,"RESIDENTIAL CARE ELDERLY",LICENSED,276,1/22/2025,"None"
"LAKE PARK SENIOR LIVING","1850 ALICE STREET","OAKLAND",CA,94612,"ALAMEDA","(510) 835-5511","KORFHAGE, KIRSTEN","LAKE MERRITT SENIOR LIVING LLC;CALSON CARE OAKLAND",19201182,"RCFE-CONTINUING CARE RETIREMENT COMMUNITY",LICENSED,275,12/6/2022,"Premier"
"EISENBERG VLG OF THE LA JEWISH HOME FOR THE AGING","18855 VICTORY BOULEVARD","RESEDA",CA,91335,"LOS ANGELES","(818) 774-3000","GLASS, KATHLEEN K.","EISENBERG VLG OF THE LA JEWISH HOME FOR THE AGING",191201867,"RESIDENTIAL CARE ELDERLY",LICENSED,271,9/3/1977,"None"
"MOLDAW FAMILY RESIDENCES AT 899 CHARLESTON","899 EAST CHARLESTON ROAD","PALO ALTO",CA,94303,"SANTA CLARA","(650) 433-3600","MARK BADDAS","899 CHARLESTON; LIFE CARE SERVICES, LLC",435294340,"RCFE-CONTINUING CARE RETIREMENT COMMUNITY",LICENSED,270,10/22/2009,"Premier"
"FAIRWINDS - WOODWARD PARK","9525 N FT WASHINGTON RD","FRESNO",CA,93730,"FRESNO","(559) 434-6444","VALERO, DESIREE","FRESN LLC; LEISURE CARE LLC",107201156,"RESIDENTIAL CARE ELDERLY",LICENSED,270,3/14/2001,"Premier, Vizient"
"BROOKDALE CHATSWORTH","20801 DEVONSHIRE BLVD","CHATSWORTH",CA,91311,"LOS ANGELES","(818) 341-2552","AMANDA MONROY","SUMMERVILLE AT COBBCO INC; EMERITUS CORPORATION",191221435,"RESIDENTIAL CARE ELDERLY",LICENSED,268,11/3/1998,"Premier, Vizient"
"CHATSWORTH COMMONS SENIOR LIVING, LLC","20801 DEVONSHIRE ST.","CHATSWORTH",CA,91311,"LOS ANGELES","(323) 902-6000","MONROY, DAVID","CHATSWORTH COMMONS SENIOR LIVING, LLC",197610638,"RESIDENTIAL CARE ELDERLY",PENDING,268,,"Vizient"
"VISTA DEL MONTE","3775 MODOC ROAD","SANTA BARBARA",CA,93105,"SANTA BARBARA","(805) 687-0793","DOUGLAS TUCKER","FRONT PORCH COMMUNITIES AND SERVICES, INC.",425800464,"RCFE-CONTINUING CARE RETIREMENT COMMUNITY",LICENSED,266,7/30/1999,"Premier"
"ATRIA HACIENDA","44600 MONTEREY AVE","PALM DESERT",CA,92260,"RIVERSIDE","(760) 341-0890","ROBERT STANSBURY","WG HACIENDA SH LP; ATRIA MANAGEMENT CO LLC",336400075,"RESIDENTIAL CARE ELDERLY",LICENSED,266,9/21/1994,"Vizient"
"BROOKDALE NOHL RANCH","380 S ANAHEIM HILLS RD","ANAHEIM HILLS",CA,92807,"ORANGE","(714) 974-1616","SARAH DEVORE","BLC NOHL RANCH LLC",306002955,"RESIDENTIAL CARE ELDERLY",LICENSED,266,8/15/2005,"None"
"CHANNING HOUSE","850 WEBSTER STREET","PALO ALTO",CA,94301,"SANTA CLARA","(650) 327-0950","RHONDA BEKKEDAHL","CHANNING HOUSE",430700136,"RCFE-CONTINUING CARE RETIREMENT COMMUNITY",LICENSED,264,3/20/1993,"Premier, Vizient"
"PALM VILLAGE RETIREMENT COMMUNITY","703 WEST HERBERT AVENUE","REEDLEY",CA,93654,"FRESNO","(559) 638-6933","JIM HIGBEE","MENNONITE BRETHREN HOMES, INC.",100404809,"RCFE-CONTINUING CARE RETIREMENT COMMUNITY",LICENSED,262,2/13/1987,"Vizient"
"PALMCREST GRAND RESIDENCE","3503 CEDAR AVENUE","LONG BEACH",CA,90807,"LOS ANGELES","(562) 595-4551","GOMEZ, VERONICA","PALMCREST GRAND HOME ASSISTED LIVING, LLC",198602069,"RESIDENTIAL CARE ELDERLY",LICENSED,262,3/14/2016,"Vizient"
"IVY PARK AT SEAL BEACH","3850 AND 3840 LAMPSON AVE","SEAL BEACH",CA,90740,"ORANGE","(562) 594-5788","TAMI OJWANG","TRANSFORMER OPCO LLC; OAKMONT MANAGEMENT GROUP LLC",306006402,"RESIDENTIAL CARE ELDERLY",LICENSED,261,5/7/2024,"Vizient"
"COTERIE CATHEDRAL HILL","1001 VAN NESS AVENUE","SAN FRANCISCO",CA,94109,"SAN FRANCISCO","(415) 915-6615","MATTHEW TURNER","VAN NESS OPCO TENANT LLC; ATRIA MANAGEMENT COMPANY",385601116,"RESIDENTIAL CARE ELDERLY",LICENSED,260,2/24/2022,"Premier"
"CARMEL VALLEY MANOR","8545 CARMEL VALLEY ROAD","CARMEL",CA,93923,"MONTEREY","(831) 624-1281","CHRIS REGAN","NORTHERN CALIFORNIA CONGREGATIONAL RETIREMENT HOME",270700110,"RCFE-CONTINUING CARE RETIREMENT COMMUNITY",LICENSED,258,11/12/1993,"Premier"
"SILVERADO SENIOR LIVING-BEVERLY PLACE","330 N. HAYWORTH AVE","LOS ANGELES",CA,90048,"LOS ANGELES","(323) 852-9200","GIUNTO,TAYLOR L.","SILVERADO BEVERLY PLACE LLC;SILVERADO SR LVNG MGMT",198603266,"RESIDENTIAL CARE ELDERLY",LICENSED,256,4/7/2021,"None"
"DOWNEY RETIREMENT CENTER","11500 DOLAN AVENUE","DOWNEY",CA,90241,"LOS ANGELES","(562) 869-2416","BRANDIE MENDIBLES","BROOKSHIRE PARTNERS",198601838,"RESIDENTIAL CARE ELDERLY",LICENSED,252,8/3/2016,"None"
"CARLOTTA, THE","41-505 CARLOTTA DRIVE","PALM DESERT",CA,92211,"RIVERSIDE","(760) 346-5420","JOHN BRENNAN","WELL OAK CCRC TENANT LLC; OAKMONT ET AL",331881459,"RCFE-CONTINUING CARE RETIREMENT COMMUNITY",LICENSED,250,10/1/2023,"None"
"ROYAL OAKS","1763 ROYAL OAKS DRIVE","DUARTE",CA,91010,"LOS ANGELES","(626) 359-9371","ANDREW M SMITH","HUMANGOOD & HUMANGOOD SOCAL",191502216,"RCFE-CONTINUING CARE RETIREMENT COMMUNITY",LICENSED,250,12/29/1989,"Premier"
"TERRACES AT LOS ALTOS, THE","373 PINE LANE","LOS ALTOS",CA,94022,"SANTA CLARA","(650) 948-8291","GONZALES, DEBORAH","HUMANGOOD & HUMANGOOD NORCAL",430708050,"RCFE-CONTINUING CARE RETIREMENT COMMUNITY",LICENSED,250,2/27/1967,"Premier"
"CRESTAVILLA","30111 NIGUEL RD","LAGUNA NIGUEL",CA,92677,"ORANGE","(949) 272-9772","MYRA ARAGONES","CRESTAVILLA TRS, LLC: KSL CRESTAVILLA MANAGER ,LLC",306006198,"RESIDENTIAL CARE ELDERLY",LICENSED,250,12/28/2022,"Premier"
"NOVELLE SENIOR LIVING","3355 ALMADEN EXPRESSWAY","SAN JOSE",CA,95118,"SANTA CLARA","(999) 999-9999","TAMO, DAVID","CP-SRM SAN JOSE LLC/MERRILL GARDENS L.L.C (MGR)",435202973,"RESIDENTIAL CARE ELDERLY",PENDING,250,,"None"
"PALO ALTO COMMONS","4075 EL CAMINO WAY","PALO ALTO",CA,94306,"SANTA CLARA","(650) 494-0760","LI LI","WELLQUEST PALO ALTO TENANTCO,LLC ; WELLQUEST ET AL",435202819,"RESIDENTIAL CARE ELDERLY",LICENSED,250,6/30/2021,"Premier"
"PONTE PALMERO","3083 PONTE MORINO DRIVE","CAMERON PARK",CA,95682,"EL DORADO","(530) 677-9100","PILEGAARD, LANDON","CAMERON PARK SENIOR LIVING, LLC",97004177,"RESIDENTIAL CARE ELDERLY",LICENSED,250,2/3/2009,"Vizient"
"SEASIDE TERRACE","9925 LA ALAMEDA AVE","FOUNTAIN VALLEY",CA,92708,"ORANGE","(714) 962-5531","PEDROZA, TRICIA","SEASIDE TERRACE HOLDINGS CORP.",306006386,"RESIDENTIAL CARE ELDERLY",LICENSED,250,12/13/2023,"None"
"VILLAGE AT RANCHO SOLANO ASSISTED LIVING, THE","3350 CHERRY HILLS COURT","FAIRFIELD",CA,94534,"SOLANO","(707) 425-3588","WHINERY,MORGAN","WELLTOWER PEGASUS TENANT LLC; PSL ASSOCIATES LLC",486803806,"RESIDENTIAL CARE ELDERLY",LICENSED,250,2/1/2019,"Premier"
"CASA DE MANANA","849 COAST BLVD","LA JOLLA",CA,92037,"SAN DIEGO","(858) 454-2151","MARIVEL JOHNSON","FRONT PORCH COMMUNITIES AND SERVICES",374603439,"RESIDENTIAL CARE ELDERLY",LICENSED,249,9/26/2013,"Premier"
"BROOKDALE PLACE OF SAN MARCOS","1590 W SAN MARCOS BLVD","SAN MARCOS",CA,92078,"SAN DIEGO","(760) 471-9904","PRESTON, MARIO","BLC-BROOKDALE PLACE OF SAN MARCOS LP",374601046,"RESIDENTIAL CARE ELDERLY",LICENSED,245,12/26/2000,"Premier"
"DISCOVERY COMMONS SAN MARCOS","1590 WEST SAN MARCOS BLVD","SAN MARCOS",CA,92078,"SAN DIEGO","(760) 471-9904","PRESTON, MARIO","VOP SAN MARCOS, LP & ATCS II LLC",371881740,"RESIDENTIAL CARE ELDERLY",PENDING,245,,"None"
"PASADENA HIGHLANDS","1575 E WASHINGTON BLVD","PASADENA",CA,91104,"LOS ANGELES","(801) 815-0808","KAY CANO","WELLQUEST 625 PASADENA LLC; WELLQUEST LIVING LLC",198603384,"RESIDENTIAL CARE ELDERLY",LICENSED,245,1/12/2021,"Premier"
"MASONIC HOME FOR ADULTS","34400 MISSION BLVD.","UNION CITY",CA,94587,"ALAMEDA","(510) 471-3434","SOLEDAD MARTINEZ","MASONIC HOMES OF CALIFORNIA",11440129,"RCFE-CONTINUING CARE RETIREMENT COMMUNITY",LICENSED,242,2/3/1993,"None"
"MOTION PICTURE & TELEVISION FUND","23388 MULHOLLAND DRIVE","WOODLAND HILLS",CA,91364,"LOS ANGELES","(818) 876-1208","LORENA SORIA","MOTION PICTURE AND TELEVISION FUND, INC.",191201966,"RESIDENTIAL CARE ELDERLY",LICENSED,241,9/5/1993,"Premier, Vizient"
"ABRIA DEL CIELO","1589 N. WATERMAN AVE","SAN BERNARDINO",CA,92404,"SAN BERNARDINO","(909) 884-4757","CRISELDA ESPIRITU SANTO","MERE ENTERPRISES, INC",366425270,"RESIDENTIAL CARE ELDERLY",LICENSED,240,5/21/2012,"Premier"
"BELMONT VILLAGE WESTWOOD","10475 WILSHIRE BLVD","LOS ANGELES",CA,90024,"LOS ANGELES","(310) 475-7501","SCHROEDER, CHRIS","BELMONT VILLAGE WESTWOOD TNNT; BELMONT VILLAGE LP",197608291,"RESIDENTIAL CARE ELDERLY",LICENSED,240,5/1/2012,"Vizient"
"WATERMARK AT ALMADEN, THE","4610 ALMADEN EXPRESSWAY","SAN JOSE",CA,95118,"SANTA CLARA","(669) 258-4567","COREY MILLER","US ALLIANCE HOLDEN OF SAN JOSE TENTANT;WATERMARK",435202775,"RESIDENTIAL CARE ELDERLY",LICENSED,240,12/18/2020,"Premier"
"WATERMARK AT NAPA VALLEY, THE","4055 SOLANO AVENUE","NAPA",CA,94558,"NAPA","(707) 345-1480","GRANT WEGNER","NAPA SR HOUSING LLC; INTEGRAL SR LIVING MGMT LLC",286803919,"RESIDENTIAL CARE ELDERLY",LICENSED,240,10/20/2020,"Premier"
"WATERMARK AT NAPA VALLEY, THE","4055 SOLANO AVE","NAPA",CA,94558,"NAPA","(707) 345-1480","WEGNER, GRANT","4055 SOLANO AVE OPCO LLC; ATSC II LLC",286804281,"RESIDENTIAL CARE ELDERLY",LICENSED,240,4/1/2025,"None"
"WATERMARK AT WESTWOOD VILLAGE, THE","947 TIVERTON AVENUE","LOS ANGELES",CA,90024,"LOS ANGELES","(310) 208-4590","STEPHANIE KOFFMAN","WESTWOOD SR HSG LLC; ATSC II LLC",198320127,"RESIDENTIAL CARE ELDERLY",LICENSED,237,3/25/2021,"None"
"MONTCLAIR ROYALE SENIOR LIVING","9685 MONTE VISTA AVE","MONTCLAIR",CA,91763,"SAN BERNARDINO","(909) 621-3545","SANTOS, ANNAMARIE","MONTCLAIR ROYALE SENIOR LIVING",361800147,"RESIDENTIAL CARE ELDERLY",LICENSED,236,10/16/2017,"Premier"
"IVY PARK AT LAGUNA WOODS","24441 CALLE SONORA","LAGUNA WOODS",CA,92637,"ORANGE","(949) 830-8057","TURGEON, JENNIFER","WELL OAK TENANT;OAKMONT MANAGEMET GROUP LLC",306006223,"RESIDENTIAL CARE ELDERLY",LICENSED,233,7/26/2023,"Vizient"
"SAVANT OF RIVERSIDE","4609 ARLINGTON AVE","RIVERSIDE",CA,92504,"RIVERSIDE","(951) 462-1025","MOLLY BOWIE","RIVERSIDE RETIREMENT VILLA LLC",331881480,"RESIDENTIAL CARE ELDERLY",LICENSED,232,4/15/2024,"None"
"CARSON SENIOR ASSISTED LIVING","345 EAST CARSON STREET","CARSON",CA,90745,"LOS ANGELES","(310) 830-4010","SHOLOM GOLDMAN","SECROM, INC.",198204950,"RESIDENTIAL CARE ELDERLY",LICENSED,230,4/24/2006,"None"
"MONTECITO OAKMONT SENIOR LIVING","4756 CLAYTON ROAD","CONCORD",CA,94521,"CONTRA COSTA","(925) 692-5838","RICHARD PEILSTICK","OAKMONT SENIOR LIVING OF MONTECITO OPCO, LP;ET AL",79201083,"RESIDENTIAL CARE ELDERLY",LICENSED,230,4/4/2022,"None"
"PARK TERRACE","21952 BUENA SUERTE","RANCHO SANTA MARGARI",CA,92688,"ORANGE","(949) 888-2250","KOEHLER, EUGENE (GENO)","KRC SANTA MARGARITA LLC; KISCO SENIOR LIVING LLC",306001157,"RESIDENTIAL CARE ELDERLY",LICENSED,230,6/23/2000,"Vizient"
"SANTIANNA OAKMONT SIGNATURE LIVING","2560 FARADAY AVE","CARLSBAD",CA,92010,"SAN DIEGO","(442) 325-8090","STEVENSON, CHERYL","OAKMONT OF CARLSBAD LLC; OAKMONT MANAGEMENT GROUP",374604533,"RESIDENTIAL CARE ELDERLY",LICENSED,226,4/21/2022,"Premier"
"SANTIANNA OAKMONT SIGNATURE LIVING","2560 FARADAY AVE","CARLSBAD",CA,92010,"SAN DIEGO","(442) 244-9251","STEVENSON, CHERYL","OAKMONT CARLSBAD OPCO, LLC;OAKMONT MGMT. GROUP LLC",374604947,"RESIDENTIAL CARE ELDERLY",PENDING,226,,"None"
"BELMONT VILLAGE ALBANY","1100 SAN PABLO AVE","ALBANY",CA,94706,"ALAMEDA","(510) 525-4554","JESUS GONZALEZ CAMARILLO","BELMONT VILLAGE BERKELEY LLC; BELMONT THREE LLC",19200721,"RESIDENTIAL CARE ELDERLY",LICENSED,225,7/6/2017,"Vizient"
"BELMONT VILLAGE ALBANY","1100 SAN PABLO AVENUE","ALBANY",CA,94706,"ALAMEDA","(949) 496-9301","CAMARILLO, JESUS GONZALEZ","BELMONT VILLAGE ALBANY CPT OPERATOR LLC",19201453,"RESIDENTIAL CARE ELDERLY",PENDING,225,,"Vizient"
"HERITAGE POINTE","27356 BELLOGENTE","MISSION VIEJO",CA,92691,"ORANGE","(949) 364-9685","JONATHAN PERLES","JEWISH HOME FOR THE AGING; LIFE CARE SERVICES, LLC",300607488,"RESIDENTIAL CARE ELDERLY",LICENSED,225,4/17/1991,"Premier"
"IVY PARK AT MILPITAS","80 CEDAR WAY","MILPITAS",CA,95035,"SANTA CLARA","(408) 770-9575","MEGHIAN GEUL","WM MILPITAS MGR LP,GP OF MILPITAS PHASE I OPS LP",435202744,"RESIDENTIAL CARE ELDERLY",LICENSED,225,12/29/2020,"Premier"
"MONTERA, THE","5740 LAKE MURRAY BLVD","LA MESA",CA,91942,"SAN DIEGO","(619) 832-2599","ALLEN, CATHY","MONTERA MSL LLC;MSL COMMUNITY MANAGEMENT LLC",374604083,"RESIDENTIAL CARE ELDERLY",LICENSED,225,1/24/2019,"Premier"
"MONTERA, THE","5740 LAKE MURRAY BLVD","LA MESA",CA,91942,"SAN DIEGO","(619) 464-6801","KABADI, SANJAY","S-H MONTERA OPCO LLC; MSL COMMUNITY MANAGEMENT LLC",374604855,"RESIDENTIAL CARE ELDERLY",PENDING,225,,"None"
"WESTMONT OF RIVERSIDE","17050 ARNOLD DRIVE","RIVERSIDE",CA,92518,"RIVERSIDE","(951) 697-2100","MONYA HENRY","WESTMONT MGR,GP OF RIVERSIDE OPS LP;WESTMONT LVNG",331880776,"RESIDENTIAL CARE ELDERLY",LICENSED,225,9/4/2019,"Premier"
"CARLSBAD BY THE SEA","2855 CARLSBAD BLVD.","CARLSBAD",CA,92008,"SAN DIEGO","(760) 492-3359","DIGERNESS, PAULA","FRONT PORCH COMMUNITIES AND SERVICES",374600799,"RCFE-CONTINUING CARE RETIREMENT COMMUNITY",LICENSED,224,8/4/1999,"Premier, Vizient"
"ROSEWOOD RETIREMENT COMMUNITY","1301 NEW STINE ROAD","BAKERSFIELD",CA,93309,"KERN","(661) 834-0620","BALABAN, ROCHELLE","HUMANGOOD & HUMANGOOD NORCAL",150400536,"RCFE-CONTINUING CARE RETIREMENT COMMUNITY",LICENSED,220,3/15/1974,"Premier, Vizient"
"ASTORIA PARK SENIOR LIVING","925 EAST VILLA STREET","PASADENA",CA,91106,"LOS ANGELES","(626) 796-4303","STEPHANIE FUNDERBURG","ASTORIA PARK SENIOR LIVING LLC",198603566,"RESIDENTIAL CARE ELDERLY",LICENSED,220,10/26/2022,"Premier"
"BELMONT VILLAGE LA JOLLA","3880 NOBEL DRIVE","LA JOLLA",CA,92037,"SAN DIEGO","(858) 450-2500","ARP, JAMES","HSRE-BV IV TRS LLC; BELMONT THREE LLC ET AL",374604562,"RESIDENTIAL CARE ELDERLY",LICENSED,220,7/21/2022,"None"
"BROOKDALE LOMA LINDA","25585 VAN LEUVEN STREET","LOMA LINDA",CA,92354,"SAN BERNARDINO","(909) 796-5421","LUJAN, MARITZA","EMERIKEYT PALMS AT LOMA LINDA INC",361881034,"RESIDENTIAL CARE ELDERLY",LICENSED,220,1/27/2021,"Premier, Vizient"
"BROOKDALE SCOTTS VALLEY","100 LOCKEWOOD LN","SCOTTS VALLEY",CA,95066,"SANTA CRUZ","(831) 438-7533","KUMAR, BEENA","BLC OAK TREE VILLA, INC",445294156,"RESIDENTIAL CARE ELDERLY",LICENSED,220,8/18/2005,"Premier"
"CARMEL VILLAGE RETIREMENT COMMUNITY","17077 SAN MATEO","FOUNTAIN VALLEY",CA,92708,"ORANGE","(714) 962-6667","MANDY TAYLOR","WELLQUEST 625 FOUNTAIN VALLEY LLC",306005513,"RESIDENTIAL CARE ELDERLY",LICENSED,220,4/18/2019,"Premier"
"IVY PARK OF WELLINGTON","24962 CALLE ARAGON","LAGUNA WOODS",CA,92637,"ORANGE","(562) 865-9500","DAVID ARMOUR","WELL OAK TENANT LLC;OAKMONT MANAGEMENT GROUP LLC",306006233,"RESIDENTIAL CARE ELDERLY",LICENSED,220,9/28/2023,"Premier, Vizient"
"LYNNE & ROY M FRANK RESIDENCES","ONE AVALON AVENUE","SAN FRANCISCO",CA,94112,"SAN FRANCISCO","(415) 562-2855","ROBERT SARISON","HEBREW HOME FOR AGED DISABLED",385601084,"RESIDENTIAL CARE ELDERLY",LICENSED,220,9/11/2020,"None"
"MENIFEE SENIOR LIVING","28333 VALLEY BOULEVARD","SUN CITY",CA,92586,"RIVERSIDE","(951) 679-8811","LETH, RANCE","HSRE PACIFICA MENIFEE VALLEY OPCO LP;MENIFEE MGR",331881073,"RESIDENTIAL CARE ELDERLY",LICENSED,220,6/1/2021,"Premier"
"MONTE VISTA VILLAGE SENIOR LIVING","2211 MASSACHUSETTS AVENUE","LEMON GROVE",CA,91945,"SAN DIEGO","(619) 465-1331","ADRIAN GUILLEN","PACIFICA MONTE VISTA LLC; MONTE VISTA MGR LLC",374604441,"RESIDENTIAL CARE ELDERLY",LICENSED,219,1/19/2023,"Premier"
"FOUNTAINVIEW AT EISENBERG VILLAGE","6440 WILBUR AVENUE","RESEDA",CA,91335,"LOS ANGELES","(818) 654-5534","ADAM PENA","FOUNTAINVIEW AT EISENBERG VLG,LLC.& EVLAJHA,INC.",197607880,"RCFE-CONTINUING CARE RETIREMENT COMMUNITY",LICENSED,216,2/23/2010,"None"
"ATRIA AT FOSTER SQUARE","707 THAYER LN","FOSTER CITY",CA,94404,"SAN MATEO","(650) 532-2460","FREDDIE FULLON","ASLO & FOSTER CITY PTRS, GPS FC OPCO; ATRIA MGT CO",415600980,"RESIDENTIAL CARE ELDERLY",LICENSED,216,12/12/2016,"None"
"GRANDVIEW, THE","2211 W 6TH STREET","LOS ANGELES",CA,90057,"LOS ANGELES","(213) 380-7000","FLORES, YENI","GRANDVIEW LLC, THE",197609105,"RESIDENTIAL CARE ELDERLY",LICENSED,215,8/25/2017,"None"
"LAGUNA ESTATES SENIOR LIVING","1088 LAGUNA DRIVE","CARLSBAD",CA,92008,"SAN DIEGO","(760) 434-7116","KIMBERLY BONN","EC OPCO CA PARTNER VI LLC,GP;SH1 SHORELINE MGMTLLC",374604065,"RESIDENTIAL CARE ELDERLY",LICENSED,214,4/15/2019,"Premier"
"MERRILL GARDENS AT GILROY","7610 ISABELLA WAY","GILROY",CA,95020,"SANTA CLARA","(206) 676-5300","BILLY MITCHELL","MG AT GILROY, LP ; SHI-IV MERRILL GP, LLC ; MERRIL",435202806,"RESIDENTIAL CARE ELDERLY",LICENSED,214,9/10/2021,"Vizient"
"NOVELLUS CLAIREMONT LLC","5219 CLAIREMONT MESA BLVD.","SAN DIEGO",CA,92117,"SAN DIEGO","(858) 292-8044","LAIRD, CANDI","NOVELLUS CLAIREMONT LLC",374604722,"RESIDENTIAL CARE ELDERLY",LICENSED,214,10/1/2023,"Premier"
"OAKMONT OF EAST SACRAMENTO","5301 F STREET","EAST SACRAMENTO",CA,95819,"SACRAMENTO","(916) 905-2400","KATHLEEN GILBEY","OAKMONT SENIOR LIVING OF SACRAMENTO OPCO LLC; ET A",342701121,"RESIDENTIAL CARE ELDERLY",LICENSED,214,4/4/2022,"Vizient"
"CROFTON MANOR INN","1950 E. 5TH ST.","LONG BEACH",CA,90802,"LOS ANGELES","(562) 437-0093","AMALIA ESQUIVIAS","IRA DAVID ENTERPRISES, INC.",191671691,"RESIDENTIAL CARE ELDERLY",LICENSED,213,7/28/1983,"None"
"HILLTOP SPRINGS SENIOR LIVING","7 HILLTOP DR","REDDING",CA,96003,"SHASTA","(530) 395-1777","O'FARRELL, KEILA","REDDING SENIOR LIVING LLC; MOSAIC MANAGEMENT INC",455002932,"RESIDENTIAL CARE ELDERLY",LICENSED,211,8/4/2023,"None"
"REDWOOD TERRACE","710 WEST 13TH AVENUE","ESCONDIDO",CA,92025,"SAN DIEGO","(760) 747-4306","LEIF CAMERON","HUMANGOOD; HUMANGOOD SOCAL",374600566,"RCFE-CONTINUING CARE RETIREMENT COMMUNITY",LICENSED,210,8/26/1997,"Premier, Vizient"
"ANAHEIM VILLA","3411 W BALL ROAD","ANAHEIM",CA,92804,"ORANGE","(714) 821-9660","PARK, YOUNG","ANAHEIM VILLA INC",306006387,"RESIDENTIAL CARE ELDERLY",LICENSED,210,3/1/2024,"Premier"
"ATRIA COVELL GARDENS","1111 ALVARADO AVE","DAVIS",CA,95616,"YOLO","(530) 756-0700","CAROL DOWELL","WG COVELL SH LP; ATRIA MANAGEMENT CO LLC",577000881,"RESIDENTIAL CARE ELDERLY",LICENSED,210,9/24/1997,"Vizient"
"CRESCENDO SENIOR LIVING","351 EAST PALM DRIVE","PLACENTIA",CA,92870,"ORANGE","(714) 528-4990","GALAL, LAUREL","THARON CRESCENDO LLC",306006473,"RESIDENTIAL CARE ELDERLY",LICENSED,210,9/4/2024,"None"
"IVY PARK AT CATHEDRAL HILL","1550 SUTTER STREET","SAN FRANCISCO",CA,94109,"SAN FRANCISCO","(415) 921-1552","ELLA FRICK","COVENTRY SUBTENANT LP;OAKMONT MANAGEMENT GROUP LLC",385600429,"RESIDENTIAL CARE ELDERLY",LICENSED,210,2/2/2018,"Vizient"
"IVY PARK AT CATHEDRAL HILL","1550 SUTTER STREET","SAN FRANCISCO",CA,94109,"SAN FRANCISCO","(415) 921-1552","SUMABAT, JEFF","WELL OAK TENANT LLC;OAKMONT MANAGEMENT GROUP LLC",385601146,"RESIDENTIAL CARE ELDERLY",PENDING,210,,"Vizient"
"SUNNYCREST SENIOR LIVING","1925 SUNNY CREST DRIVE","FULLERTON",CA,92835,"ORANGE","(714) 992-1999","AGUIRRE, MONICA","FULLERTON SH LLC;MOSAIC MANAGEMENT INC",306005223,"RESIDENTIAL CARE ELDERLY",LICENSED,210,6/28/2017,"None"
"GLEN PARK AT LONG BEACH","1046 E 4TH ST","LONG BEACH",CA,90802,"LOS ANGELES","(562) 432-7468","MICHAEL MENDOZA","GLEN PARK AT LONG BEACH INC",198602134,"RESIDENTIAL CARE ELDERLY",LICENSED,208,7/7/2015,"None"
"ATRIA HILLCREST","405 HODENCAMP RD","THOUSAND OAKS",CA,91360,"VENTURA","(805) 373-0606","REMON PAGELS","WG HILLCREST INN SH LP; ATRIA MANAGEMENT CO LLC",565800366,"RESIDENTIAL CARE ELDERLY",LICENSED,207,4/20/1998,"Vizient"
"JASMIN TERRACE AT EL MOLINO","245 S. EL MOLINO AVE.","PASADENA",CA,91101,"LOS ANGELES","(626) 578-0460","VIRGINIA GARCIA","V & E MANAGEMENT, LLC",197607655,"RESIDENTIAL CARE ELDERLY",LICENSED,206,3/26/2009,"None"
"REGENCY PARK OAK KNOLL","255 SOUTH OAK KNOLL","PASADENA",CA,91101,"LOS ANGELES","(626) 578-1551","ANABELLE ARGENAL","REGENCY PARK, SOUTH OAK KNOLL",191200037,"RESIDENTIAL CARE ELDERLY",LICENSED,206,2/12/1987,"Vizient"
"WATERMARK AT SAN JOSE, THE","1017 S BASCOM AVE","SAN JOSE",CA,95128,"SANTA CLARA","(520) 797-4000","KELLIE SHEARER","US ALLIANCE HOLDEN OF SAN JOSE II TENANT;WATERMARK",435202937,"RESIDENTIAL CARE ELDERLY",LICENSED,205,11/14/2024,"None"
"HARBOR TERRACE RETIREMENT CENTER OF SAN PEDRO, LLC","435 WEST 8TH STREET","SAN PEDRO",CA,90731,"LOS ANGELES","(310) 547-0090","HOLLY RICE","HARBOR TERRACE RETIREMENT CENTER OF SAN PEDRO, LLC",198200855,"RESIDENTIAL CARE ELDERLY",LICENSED,202,4/16/1996,"Premier"
"CAPRIANA","460 LA FLORESTA DRIVE","BREA",CA,92821,"ORANGE","(714) 985-5500","REYNOLDS, TONYA","WELL OAK CCRC TENANT LLC; OAKMONT MANAGEMENT GROUP",306006242,"RCFE-CONTINUING CARE RETIREMENT COMMUNITY",LICENSED,200,7/1/2023,"None"
"MEADOWBROOK VILLAGE CHRISTIAN RETIREMENT COMMUNITY","100 HOLLAND GLEN","ESCONDIDO",CA,92026,"SAN DIEGO","(760) 746-2500","MARK MEMMELAAR","MEADOWBROOK VILLAGE CHRISTIAN RETIREMENT COMMUNITY",374603081,"RCFE-CONTINUING CARE RETIREMENT COMMUNITY",LICENSED,200,11/18/2010,"Premier, Vizient"
"WESTMINSTER GARDENS","1420 SANTO DOMINGO AVENUE","DUARTE",CA,91010,"LOS ANGELES","(626) 358-2569","ANDREW M SMITH","HUMANGOOD & HUMANGOOD SOCAL",197605591,"RCFE-CONTINUING CARE RETIREMENT COMMUNITY",LICENSED,200,5/4/2004,"Premier"
"ANAHEIM CROWN PLAZA","641 SOUTH BEACH BLVD","ANAHEIM",CA,92804,"ORANGE","(714) 827-7007","KIM N KINCAID","KINCAID SENIOR LIVING INC",306005316,"RESIDENTIAL CARE ELDERLY",LICENSED,200,9/22/2017,"Vizient"
"ARCADIA GARDENS RETIREMENT HOTEL","720 W. CAMINO REAL","ARCADIA",CA,91007,"LOS ANGELES","(626) 574-8571","PAMELA PARSONS","ARCADIA GARDENS MANAGEMENT CORP.",197606145,"RESIDENTIAL CARE ELDERLY",LICENSED,200,3/14/2005,"Premier"
"ARCADIA RETIREMENT VILLAGE","607 WEST DUARTE RD","ARCADIA",CA,91007,"LOS ANGELES","(626) 447-6070","VIRGILIO AGAS","GOLDWATER SAG HOLDINGS LLC",198603401,"RESIDENTIAL CARE ELDERLY",LICENSED,200,2/24/2021,"Vizient"
"ARCADIA RETIREMENT VILLAGE","607 WEST DUARTE RD","ARCADIA",CA,91007,"LOS ANGELES","(626) 447-6070","ACHARYA, NIRJARA","ARCADIA OPERATIONS, LLC",198603824,"RESIDENTIAL CARE ELDERLY",PENDING,200,,"Vizient"
"ATRIA WALNUT CREEK","1400 MONTEGO","WALNUT CREEK",CA,94598,"CONTRA COSTA","(925) 938-6611","KELLI GREENE","WG MONTEGO HEIGHTS SH LP; ATRIA MANAGEMENT CO LLC",75600352,"RESIDENTIAL CARE ELDERLY",ON PROBATION,200,6/25/1999,"None"
"BRUCEVILLE POINT","9730 BACKER RANCH ROAD","ELK GROVE",CA,95757,"SACRAMENTO","(916) 226-5300","HOSTETTER, ERIC","SHI-III BRUCEVILLE POINT OWNER LLC ; TENFOLD ET AL",342701040,"RESIDENTIAL CARE ELDERLY",LICENSED,200,5/28/2021,"None"
"FAIRWINDS - IVEY RANCH","4490 MESA DR","OCEANSIDE",CA,92056,"SAN DIEGO","(760) 439-8090","SOMMER, JESSICA","OSID LLC: LEISURE CARE LLC",374601258,"RESIDENTIAL CARE ELDERLY",LICENSED,200,8/2/2002,"Premier, Vizient"
"INN AT THE PARK VENTURA","21200 VENTURA BLVD","WOODLAND HILLS",CA,91364,"LOS ANGELES","(818) 884-7100","ANGUIANO, ROSE","VENTURA PARK MANAGEMENT LLC",195850339,"RESIDENTIAL CARE ELDERLY",LICENSED,200,8/2/2023,"None"
"KENSINGTON AT WALNUT CREEK, THE","1580 GEARY ROAD","WALNUT CREEK",CA,94597,"CONTRA COSTA","(925) 973-1121","VILLANUEVA, JOSEPH","KENSINGTON TENANT LLC & KISCO SENIOR LIVING, LLC",79201241,"RESIDENTIAL CARE ELDERLY",LICENSED,200,8/18/2023,"Premier"
"MERIDIAN AT LAGUNA HILLS, THE","24552 PASEO DE VALENCIA BLDG A","LAGUNA HILLS",CA,92653,"ORANGE","(949) 581-6111","JENSEN, ERIC","PACIFICA LAGUNA HILLS LLC; LAGUNA HILLS MGR LLC",306005804,"RESIDENTIAL CARE ELDERLY",LICENSED,200,9/6/2024,"Premier"
"PINNACLES AT BURTON, THE","8750 BURTON WAY","LOS ANGELES",CA,90048,"LOS ANGELES","(310) 278-9720","CHANEL ANN SANCHEZ","BEVERLY HILLS CARMEL, INC; CALSON CARE SOUTH LLC",197602106,"RESIDENTIAL CARE ELDERLY",LICENSED,200,6/4/1999,"None"
"PRAIRIE CITY LANDING","645 WILLARD DR","FOLSOM",CA,95630,"SACRAMENTO","(916) 458-0303","MARTIN, CHERYL K","SHI-III PRAIRIE CITY LANDING OWNER LLC; ARTEGAN",342700370,"RESIDENTIAL CARE ELDERLY",LICENSED,200,1/28/2019,"Vizient"
"ST PAUL'S MANOR","2635 SECOND AVE","SAN DIEGO",CA,92103,"SAN DIEGO","(619) 239-2097","RAPP, DAMIEN","ST PAUL'S EPISCOPAL HOME, INC",370800558,"RESIDENTIAL CARE ELDERLY",LICENSED,200,10/15/1974,"None"
"ST. PAUL'S VILLA","2340 FOURTH AVENUE","SAN DIEGO",CA,92101,"SAN DIEGO","(619) 232-2996","ELEANOR DOWNING","ST. PAUL'S EPISCOPAL HOME, INC.",370804823,"RESIDENTIAL CARE ELDERLY",LICENSED,200,1/31/1992,"None"
"VERED, THE","16161 VENTURA BLVD.","ENCINO",CA,91436,"LOS ANGELES","(818) 538-7550","MOAN, CASSANDRA","CP-SRM VENTURA, LLC; MOMENTUM SENIOR LIVING LLC",197610714,"RESIDENTIAL CARE ELDERLY",PENDING,200,,"None"
"WEST PARK SENIOR LIVING","801 CYPRESS WAY","SAN DIMAS",CA,91773,"LOS ANGELES","(909) 592-8844","CRYSTENE CHAR","PACIFICA RANCHO PARK LP/WEST PARK MGR LLC",198603550,"RESIDENTIAL CARE ELDERLY",LICENSED,200,12/27/2022,"Premier"
"WESTMINSTER VILLA","13881 DAWSON STREET","GARDEN GROVE",CA,92843,"ORANGE","(714) 534-7880","PATTY OSUNA","WESTMINSTER VILLA, INC.",306004795,"RESIDENTIAL CARE ELDERLY",LICENSED,200,7/29/2015,"Premier"
"WESTMONT OF BRENTWOOD","450 JOHN MUIR PKWY","BRENTWOOD",CA,94513,"CONTRA COSTA","(925) 516-8006","AGUSTIN SAMANIEGO","BRENTWOOD ASSISTED LIVING LLC; WESTMONT LIVING INC",75601300,"RESIDENTIAL CARE ELDERLY",LICENSED,200,1/19/2007,"Vizient"
"WESTMONT OF ESCONDIDO","500 E VALLEY PKWY","ESCONDIDO",CA,92025,"SAN DIEGO","(760) 737-5110","AUSTIN IRWIN","ESCONDIDO OPERATIONS LP; WESTMONT LIVING INC",374603399,"RESIDENTIAL CARE ELDERLY",LICENSED,200,9/30/2013,"None"
"WILDOMAR SENIOR ASSISTED LIVING","32365 SOUTH PASADENA ST","WILDOMAR",CA,92595,"RIVERSIDE","(323) 902-6000","YOUSEFIAN, ROSE","WILDOMAR SENIOR ASSISTED LIVING LLC",335530171,"RESIDENTIAL CARE ELDERLY",LICENSED,200,10/15/2024,"Premier"
"CARLTON PLAZA OF SAN LEANDRO","1000 EAST 14TH ST.","SAN LEANDRO",CA,94577,"ALAMEDA","(510) 636-0660","EVELYN JENSEN","CARLTON SENIOR LIVING, LLC",15600341,"RESIDENTIAL CARE ELDERLY",LICENSED,199,9/2/1999,"Premier"
"HARBOR HEIGHTS ASSISTED LIVING AND MEMORY CARE","525 W. LA PALMA AVE","ANAHEIM",CA,92801,"ORANGE","(714) 459-3353","DUSUN LEE","ANAHEIM PALACE INC",306006452,"RESIDENTIAL CARE ELDERLY",LICENSED,199,4/24/2024,"Premier"
"IVY PARK AT ROCKVILLE","4625 MANGELS BLVD","FAIRFIELD",CA,94534,"SOLANO","(707) 356-2229","TEDRA GODFREY","CREPUSCULE PROPERTIES INC; OAKMONT MGMT GROUP LLC",486803653,"RESIDENTIAL CARE ELDERLY",LICENSED,199,8/26/2016,"None"
"LEISURE VALE ASSISTED LIVING","413 E. CYPRESS STREET","GLENDALE",CA,91205,"LOS ANGELES","(818) 244-2323","ANGELA SMITH","LEISURE GROVE, LLC",197610442,"RESIDENTIAL CARE ELDERLY",LICENSED,199,3/28/2024,"Premier"
"LOS FELIZ GARDENS","205 E LOS FELIZ ROAD","GLENDALE",CA,91205,"LOS ANGELES","(818) 241-2273","SHAPIRO, NONNA","LOS FELIZ RESIDENTIAL CARE CENTER INC",197609342,"RESIDENTIAL CARE ELDERLY",LICENSED,199,7/21/2017,"None"
"SONRISA SENIOR LIVING","1031 ROSEVILLE PKWY","ROSEVILLE",CA,95678,"PLACER","(279) 213-0047","CLYMO, MICHAEL","US ALLIANCE HOLDEN OF ROSEVILLE TENANT;WATERMARK",315920051,"RESIDENTIAL CARE ELDERLY",LICENSED,199,10/11/2023,"Premier"
"TERRACES OF ROSEVILLE, THE","707 SUNRISE AVE","ROSEVILLE",CA,95661,"PLACER","(916) 786-3277","CLAWSON, KRISTINE","TERRACES SH LLC; INTEGRAL SENIOR LIVING MGMT LLC",312700019,"RESIDENTIAL CARE ELDERLY",LICENSED,199,9/29/2016,"Premier"
"LAS VILLAS DEL NORTE","1325 LAS VILLAS WAY","ESCONDIDO",CA,92026,"SAN DIEGO","(760) 741-1047","FARISH, JOLENE","ESCONDIDO SH LLC; INTEGRAL SENIOR LVG MGMT LLC",374604294,"RESIDENTIAL CARE ELDERLY",LICENSED,198,5/5/2020,"Premier, Vizient"
"MORNINGSTAR SENIOR LIVING OF MISSION VIEJO","28570 MARGUERITE PARKWAY","MISSION VIEJO",CA,92692,"ORANGE","(949) 649-4855","GONZALEZ, GEORGE","CD-TT MISSION VIEJO LLC; MORNINGSTAR SNR MGMT, LLC",306006248,"RESIDENTIAL CARE ELDERLY",LICENSED,198,6/6/2023,"None"
"FULLERTON VILLA","2441 W. ORANGETHORPE AVE.","FULLERTON",CA,92833,"ORANGE","(714) 992-5380","JAE WAN RIM","FIRST CARE INC.",306004839,"RESIDENTIAL CARE ELDERLY",LICENSED,197,9/22/2017,"None"
"OAKLAND HEIGHTS SENIOR LIVING","2330, 2350, 2361 E 29TH ST","OAKLAND",CA,94606,"ALAMEDA","(510) 534-3637","GARCIA, ANTHONY","PACIFICA OAKLAND LLC & LP; OAKLAND MGR LLC",19200513,"RESIDENTIAL CARE ELDERLY",LICENSED,197,6/30/2014,"None"
"SAVANT OF JURUPA VALLEY","5881 EL PALOMINO DRIVE","RIVERSIDE",CA,92509,"RIVERSIDE","(951) 683-3333","PATRICK L. MCADOO-MORTON","VILLA DE ANZA HOLDINGS, LLC",335530032,"RESIDENTIAL CARE ELDERLY",LICENSED,197,8/17/2022,"Vizient"
"WHITTEN HEIGHTS ASSISTED LIVING AND MEMORY CARE","200 WEST WHITTIER BLVD.","LA HABRA",CA,90631,"ORANGE","(562) 691-1200","STEVE SHEN","WHITTEN LLC",306004192,"RESIDENTIAL CARE ELDERLY",LICENSED,196,4/14/2010,"Premier"
"ATRIA NEWPORT BEACH","393 HOSPITAL ROAD","NEWPORT BEACH",CA,92663,"ORANGE","(949) 631-3555","KEYS, BRIAN","ASLO GP LLC,GP OF NEWPORT BEACH OPCO LP;ATRIA MGMT",306005789,"RESIDENTIAL CARE ELDERLY",LICENSED,195,1/21/2021,"Premier"
"COURTYARD PLAZA","6951 LENNOX AVENUE","VAN NUYS",CA,91405,"LOS ANGELES","(818) 780-5005","EVELINA PAPAZYAN","PLAZA RESIDENTIAL ENTERPRISES, INC.",197603560,"RESIDENTIAL CARE ELDERLY",LICENSED,195,12/14/2001,"None"
"RHODA GOLDMAN PLAZA","2180 POST STREET","SAN FRANCISCO",CA,94115,"SAN FRANCISCO","(415) 345-5060","ADRIENNE FAIR","JEWISH FAMILY AND CHILDREN'S SERVICES",385600125,"RESIDENTIAL CARE ELDERLY",LICENSED,195,9/14/2000,"Vizient"
"VILLAGE AT NORTHRIDGE, THE","9222 CORBIN AVE","NORTHRIDGE",CA,91324,"LOS ANGELES","(818) 350-2951","THOMAS REKOWSKI","NORTHRIDGE SUBTENANT LLC; SRG MANAGEMENT LLC",197608838,"RESIDENTIAL CARE ELDERLY",LICENSED,194,6/9/2015,"Premier"
"CANTERBURY WOODS","651 SINEX AVENUE","PACIFIC GROVE",CA,93950,"MONTEREY","(831) 373-3111","ELVYRA ABARE","FRONT PORCH COMMUNITIES AND SERVICES",270708224,"RCFE-CONTINUING CARE RETIREMENT COMMUNITY",LICENSED,190,9/15/1989,"Premier, Vizient"
"SUNNY VIEW RETIREMENT COMMUNITY","22445 CUPERTINO ROAD","CUPERTINO",CA,95014,"SANTA CLARA","(408) 454-5600","RYAN GOLZE","FRONT PORCH COMMUNITIES AND SERVICES",435201317,"RCFE-CONTINUING CARE RETIREMENT COMMUNITY",LICENSED,190,5/2/2003,"Premier"
"SAN CLEMENTE VILLAS BY THE SEA","660 CAMINO DE LOS MARES","SAN CLEMENTE",CA,92673,"ORANGE","(949) 489-3400","PAOLI, FRED","660 VILLAS I, LLC ; MSL COMMUNITY MANAGEMENT LLC",306006472,"RESIDENTIAL CARE ELDERLY",LICENSED,190,8/5/2024,"None"
"MERCY MCMAHON TERRACE","3865 J STREET","SACRAMENTO",CA,95816,"SACRAMENTO","(916) 733-6510","MARY ERICKSON","MERCY MCMAHOM TERRACE",340312763,"RESIDENTIAL CARE ELDERLY",LICENSED,189,1/24/1990,"Premier, Vizient"
"ATTERDAG VILLAGE OF SOLVANG","636 N ATTERDAG ROAD","SOLVANG",CA,93463,"SANTA BARBARA","(805) 688-3263","CHRIS PARKER","SOLVANG LUTHERAN HOME, INC.",421700369,"RCFE-CONTINUING CARE RETIREMENT COMMUNITY",LICENSED,188,5/28/1993,"Premier"
"REGENT VILLA RETIREMENT HOME","201 W WARDLOW RD","LONG BEACH",CA,90807,"LOS ANGELES","(562) 595-6529","GORDON, JENNI","REGENT VILLA RETIREMENT HOME INC",198602039,"RESIDENTIAL CARE ELDERLY",LICENSED,188,8/25/2015,"None"
"CANTERBURY, THE","5801 CRESTRIDGE RD","RANCHO PALOS VERDES",CA,90275,"LOS ANGELES","(310) 541-2410","DAVE HONE","EPISCOPAL COMMUNITIES & SERVICES FOR SENIORS",191603774,"RCFE-CONTINUING CARE RETIREMENT COMMUNITY",LICENSED,187,3/31/1993,"None"
"ARARAT HOME OF LOS ANGELES","15105 MISSION HILLS RD.","MISSION HILLS",CA,91345,"LOS ANGELES","(818) 365-3000","RITA NORAVIAN","ARARAT HOME OF LOS ANGELES, INC.",191222081,"RCFE-CONTINUING CARE RETIREMENT COMMUNITY",LICENSED,186,6/26/1992,"Vizient"
"BROOKDALE OCEANSIDE","3524 LAKE BLVD","OCEANSIDE",CA,92056,"SAN DIEGO","(760) 945-1811","CANDI LAIRD","EMERITUS PROPERTIES XVI INC; EMERITUS CORPORATION",374601952,"RESIDENTIAL CARE ELDERLY",LICENSED,186,3/1/2004,"Premier, Vizient"
"POINT AT ROCKRIDGE, THE","4500 GILBERT STREET","OAKLAND",CA,94611,"ALAMEDA","(510) 658-9266","JEFF SUMABAT","AG-ACP ROCKRIDGE TRS LLC;INTEGRAL SNR LVG MGMT LLC",19200873,"RESIDENTIAL CARE ELDERLY",LICENSED,186,8/7/2019,"Premier"
"VETERANS HOME OF CALIFORNIA-FRESNO","2811 W. CALIFORNIA AVENUE","FRESNO",CA,93706,"FRESNO","(559) 493-4400","SCOTT H. RICHARDS","CALIFORNIA DEPARTMENT OF VETERANS AFFAIRS",107206701,"RESIDENTIAL CARE ELDERLY",LICENSED,186,10/8/2013,"Premier"
"HOLLENBECK PALMS","573 S. BOYLE AVE","LOS ANGELES",CA,90033,"LOS ANGELES","(323) 263-6195","DIANA MEDINA","HOLLENBECK PALMS",191800001,"RCFE-CONTINUING CARE RETIREMENT COMMUNITY",LICENSED,185,4/16/1993,"Premier"
"ATRIA COLLWOOD","5308 MONROE AVE","SAN DIEGO",CA,92115,"SAN DIEGO","(619) 286-3583","JULIA LOPEZ","WG COLLWOOD KNOLLS SH LP; ATRIA MANAGEMENT CO LLC",374600890,"RESIDENTIAL CARE ELDERLY",LICENSED,185,12/20/1999,"Vizient"
"CARLTON SENIOR LIVING SACRAMENTO","1075 FULTON AVENUE","SACRAMENTO",CA,95825,"SACRAMENTO","(916) 971-4800","WIMMER, KASIE","CARLTON PLAZA FOREVER/SAC LP; CARLTON SR LVG LLC",342701213,"RESIDENTIAL CARE ELDERLY",LICENSED,185,9/19/2022,"Premier"
"HUNTINGTON TERRACE","18800 FLORIDA ST","HUNTINGTON BEACH",CA,92648,"ORANGE","(714) 848-8811","GREGORY CASE","S-H HUNTINGTON TERRACE OPCO; MSL COMMUNITY MGT LLC",306004796,"RESIDENTIAL CARE ELDERLY",LICENSED,185,7/31/2015,"Premier"
"IVY PARK AT SALINAS","1320 PADRE DRIVE","SALINAS",CA,93901,"MONTEREY","(831) 754-5532","POST, SARA","WELL IVY 6 TENANT LLC & OAKMONT MGMT GROUP LLC",275202849,"RESIDENTIAL CARE ELDERLY",LICENSED,185,4/5/2022,"Premier, Vizient"
"MEADOWBROOK AT AGOURA HILLS","5217 CHESEBRO RD","AGOURA HILLS",CA,91301,"LOS ANGELES","(818) 991-3544","JOEYVIC ALVARADO","ARHC MBAGHCA01 TRS; SLH AGOURA HILLS MANAGER, LLC",197608878,"RESIDENTIAL CARE ELDERLY",LICENSED,185,9/3/2015,"Premier"
"STERLING INN","17738 FRANCESCA ROAD","VICTORVILLE",CA,92392,"SAN BERNARDINO","(760) 245-2999","BARBER, DONALD","KOERICK STERLING INN G.P, VICTORVILLE, LLC,",366413246,"RESIDENTIAL CARE ELDERLY",LICENSED,185,11/30/2007,"None"
"BELMONT VILLAGE SABRE SPRINGS","13075 EVENING CREEK DR S","SAN DIEGO",CA,92128,"SAN DIEGO","(858) 486-5020","TRACY KNEPPLE","BELMONT VILLAGE SABRE SPR TNNT & LP; BELMONT THREE",374603279,"RESIDENTIAL CARE ELDERLY",LICENSED,184,8/1/2012,"Vizient"
"CHATEAU LONG BEACH","3100 E. ARTESIA BLVD.","LONG BEACH",CA,90805,"LOS ANGELES","(562) 428-5371","ESPERANZA NAAKTGEBOREN","CHATEAU LONG BEACH, THE",197800131,"RESIDENTIAL CARE ELDERLY",LICENSED,184,8/29/1994,"Premier"
"CARLTON PLAZA OF SAN JOSE","380 BRANHAM LANE","SAN JOSE",CA,95136,"SANTA CLARA","(408) 972-1400","SHANTELA YADAO","CARLTON SENIOR LIVING, LLC",435200727,"RESIDENTIAL CARE ELDERLY",LICENSED,183,9/22/1999,"Premier"
"SAKURA GARDENS AT LOS ANGELES","325 S BOYLE AVE","LOS ANGELES",CA,90033,"LOS ANGELES","(323) 263-9651","JINA MALEKSARKISSIANS","PACIFICA SL BOYLE LLC; NORTHSTAR SENIOR LIVING INC",198602192,"RESIDENTIAL CARE ELDERLY",LICENSED,183,7/24/2017,"Premier"
"VALLEY SILVERTOWN","6833 FALLBROOK AVE","WEST HILLS",CA,91307,"LOS ANGELES","(818) 883-4123","ODEN, STEPHANIE","VALLEY SILVERTOWN INC",197610466,"RESIDENTIAL CARE ELDERLY",LICENSED,183,3/7/2024,"Premier"
"SEGOVIA OF PALM DESERT","39905 VIA SCENA","PALM DESERT",CA,92260,"RIVERSIDE","(760) 674-3200","SALVADOR JIMENEZ","WELL OAK CCRC TENANT LLC; OAKMONT MANAGEMENT GROUP",331881372,"RCFE-CONTINUING CARE RETIREMENT COMMUNITY",LICENSED,182,7/1/2023,"None"
"ATRIA TAMALPAIS CREEK","853 TAMALPAIS AVE","NOVATO",CA,94947,"MARIN","(415) 892-0944","TANCHOCO, CORRINE","WG TAMALPAIS CREEK SH LP; ATRIA MANAGEMENT CO LLC",216800331,"RESIDENTIAL CARE ELDERLY",LICENSED,180,7/25/1996,"Vizient"
"BELMONT VILLAGE ALISO VIEJO","300 FREEDOM LN","ALISO VIEJO",CA,92656,"ORANGE","(949) 643-1050","AYALA, ROSA","BMSH I BELMONT AV GP LLC; BELMONT THREE LLC",306005563,"RESIDENTIAL CARE ELDERLY",LICENSED,180,2/22/2019,"Vizient"
"BROADVIEW RESIDENTIAL CARE CENTER","535 WEST BROADWAY","GLENDALE",CA,91204,"LOS ANGELES","(818) 246-4951","BETSY K DAVIS","535 W. BROADWAY, INC.",191221839,"RESIDENTIAL CARE ELDERLY",LICENSED,180,1/22/1992,"None"
"BROOKDALE TRACY","355 W GRANT LINE RD","TRACY",CA,95376,"SAN JOAQUIN","(209) 835-1000","PRIYA LAL","SUMMERVILLE AT HERITAGE PLACE LLC; EMERITUS CORP",397003261,"RESIDENTIAL CARE ELDERLY",LICENSED,180,4/26/2006,"Premier"
"CARLTON PLAZA OF ELK GROVE","6915 ELK GROVE BLVD.","ELK GROVE",CA,95758,"SACRAMENTO","(916) 714-2404","JENNELL REVERA","CARLTON SENIOR LIVING, LLC",347005464,"RESIDENTIAL CARE ELDERLY",LICENSED,180,8/7/2015,"Premier"
"LANTERN CREST","800 LANTERN CREST WAY","SANTEE",CA,92071,"SAN DIEGO","(619) 258-8886","SELIM K. CIFTCI","SANTEE SNR RET I LLC(OWNER)/LCM, LLC (MNGT)",374603253,"RESIDENTIAL CARE ELDERLY",LICENSED,180,5/30/2012,"Premier"
"MAGNOLIA OF MILLBRAE","201 CHADBOURNE AVENUE","MILLBRAE",CA,94030,"SAN MATEO","(650) 697-7700","LOLA BORREGO","MAGNOLIA OF MILLBRAE, INC.",415600154,"RESIDENTIAL CARE ELDERLY",LICENSED,180,4/8/1999,"Vizient"
"MARBELLA TRACY","355 WEST GRANT LINE ROAD","TRACY",CA,95376,"SAN JOAQUIN","(209) 835-1000","LAL, PRIYA","VOP TRACY GP LLC,GP OF VOP TRACY LP; INTEGRAL",392701629,"RESIDENTIAL CARE ELDERLY",PENDING,180,,"None"
"VISTA CORONA SENIOR LIVING","737 MAGNOLIA AVE","CORONA",CA,92879,"RIVERSIDE","(951) 737-1600","BLASIA LEE-LOLE","S-H OPCO CROWN POINT;VISTA CORONA SR. LIVING INC.",336426511,"RESIDENTIAL CARE ELDERLY",LICENSED,180,8/29/2014,"Premier"
"VISTA CORONA SENIOR LIVING","737 MAGNOLIA AVE","CORONA",CA,92879,"RIVERSIDE","(951) 737-1600","BENDER,JAMES","VISTA CORONA SENIOR LIVING INC",335530353,"RESIDENTIAL CARE ELDERLY",PENDING,180,,"None"
"WOODBRIDGE TERRACE","1 WITHERSPOON","IRVINE",CA,92604,"ORANGE","(949) 654-8500","CHRISTIAN OTBO","HSRE-KISCO I TRS, LLC; KSL WOODBRIDGE MGR LLC",306005960,"RESIDENTIAL CARE ELDERLY",LICENSED,180,6/11/2021,"Premier"
"VILLAGE AT SHERMAN OAKS, THE","5450 VESPER AVE","SHERMAN OAKS",CA,91411,"LOS ANGELES","(818) 994-7900","GRACE HARTNETT","SHERMAN OAKS SUBTENANT LLC; SRG MANAGEMENT LLC",197608694,"RESIDENTIAL CARE ELDERLY",LICENSED,179,3/5/2015,"Premier"
"GENERATIONS OF LOS ANGELES ASSISTED LVNG. FACILITY","3540 MARTIN LUTHER KING, JR.","LYNWOOD",CA,90262,"LOS ANGELES","(310) 638-4113","CAMARIN JOHNSON","GENERATIONS OF LOS ANGELES ASSISTED LIVING FACILIT",198320498,"RESIDENTIAL CARE ELDERLY",LICENSED,178,6/4/2024,"Premier"
"LA VIDA REAL","11588 VIA RANCHO SAN DIEGO","EL CAJON",CA,92019,"SAN DIEGO","(619) 660-5778","GARCIA, KIMBERLY","LVR SUBTENANT LLC; SRG MANAGMENT LLC",374603565,"RESIDENTIAL CARE ELDERLY",LICENSED,177,12/30/2014,"Premier, Vizient"
"BELMONT VILLAGE SAN RAMON","1000 WALNUT DRIVE","SAN RAMON",CA,94583,"CONTRA COSTA","(925) 242-1000","COONS, JENNIFER","BELMONTVILLAGE SANRAMON TENANTLLC;BELMONTVILLAGELP",79201442,"RESIDENTIAL CARE ELDERLY",LICENSED,176,1/13/2025,"Vizient"
"BEVERLY HILLS LOVING CARE","1019 S. WOOSTER STREET","LOS ANGELES",CA,90035,"LOS ANGELES","(310) 652-3555","LIDA ZARAFSHAN","IRANIAN JEWISH SENIOR CENTER",197603601,"RESIDENTIAL CARE ELDERLY",LICENSED,176,1/8/2003,"None"
"SAVANT OF ALHAMBRA","1 E COMMONWEALTH AVE","ALHAMBRA",CA,91801,"LOS ANGELES","(626) 289-3871","MADELEINE SIEVERT","ALHAMBRA SENIOR VILLA LLC",198603597,"RESIDENTIAL CARE ELDERLY",LICENSED,176,6/1/2023,"None"
"SAVANT OF TARZANA","5711 RESEDA BLVD","TARZANA",CA,91356,"LOS ANGELES","(818) 996-2022","NARINE MERTKHANYAN","SUMMIT TARZANA OPERATIONS, LLC",197610366,"RESIDENTIAL CARE ELDERLY",LICENSED,176,4/1/2023,"None"
"ARARAT GARDENS","1230 EAST WINDSOR ROAD","GLENDALE",CA,91205,"LOS ANGELES","(818) 244-7219","KESHISHYAN, VARSENIK","ARARAT HOME OF LOS ANGELES, INC.",198603605,"RCFE-CONTINUING CARE RETIREMENT COMMUNITY",LICENSED,175,3/1/2023,"None"
"1440 BY THE BAY","1440 40TH STREET","EMERYVILLE",CA,94608,"ALAMEDA","(510) 594-8800","HALL, STEPHANIE J","EMERYVILLE SR. HSNG, LLC; ATSC II LLC",19200874,"RESIDENTIAL CARE ELDERLY",LICENSED,175,11/4/2019,"Premier"
"ALMA VIA OF SAN FRANCISCO","ONE THOMAS MORE WAY","SAN FRANCISCO",CA,94132,"SAN FRANCISCO","(415) 337-1339","CLEITUS JONES","ELDER CARE ALLIANCE OF SF, ELDER CARE ALLIANCE",385600270,"RESIDENTIAL CARE ELDERLY",LICENSED,175,10/30/2003,"Vizient"
"ATRIA PARK OF SAN MATEO","2883 S NORFOLK ST","SAN MATEO",CA,94403,"SAN MATEO","(650) 378-3000","BROOKS, THOMAS KIRK","WG HILLSDALE SH LP; ATRIA MANAGEMENT CO LLC",415600133,"RESIDENTIAL CARE ELDERLY",ON PROBATION,175,6/28/2001,"None"
"BELLARA SENIOR LIVING","22400 2ND STREET","HAYWARD",CA,94541,"ALAMEDA","(760) 547-2863","COLLETTE VALENTINE","SRMHAYWARD LLC; INTEGRAL SENIOR LIVING MGMT LLC",19201373,"RESIDENTIAL CARE ELDERLY",LICENSED,175,11/1/2024,"None"
"BELMONT VILLAGE CARDIFF","3535 MANCHESTER AVE","CARDIFF BY THE SEA",CA,92007,"SAN DIEGO","(760) 436-8900","ASHLEY MARCELLUS","BELMONT VILLAGE CARDIFF TENANT & LP; BELMONT THREE",374603231,"RESIDENTIAL CARE ELDERLY",LICENSED,175,8/1/2012,"Vizient"
"BELMONT VILLAGE LOS GATOS","5121 UNION AVENUE","SAN JOSE",CA,95124,"SANTA CLARA","(408) 559-3333","MARTINEZ, RADHIKA","BELMONT UNION AVENUE TENANT LLC; BELMONT THREE LLC",435202856,"RESIDENTIAL CARE ELDERLY",LICENSED,175,3/24/2022,"None"
"CEDARS ASSISTED LIVING, THE","17300 ROSCOE BLVD.","NORTHRIDGE",CA,91325,"LOS ANGELES","(818) 344-2042","STEPHAN SARMAZIAN","CEDARS ASSISTED LIVING, INC.",197608267,"RESIDENTIAL CARE ELDERLY",LICENSED,175,12/16/2011,"Premier"
"CHATEAU III","175 CLEAVELAND ROAD","PLEASANT HILL",CA,94523,"CONTRA COSTA","(925) 935-1001","TRACEY INGLEMAN","CARLTON SENIOR LIVING, LLC",75600194,"RESIDENTIAL CARE ELDERLY",LICENSED,175,8/1/1997,"Premier"
"EVEREST AT OCEANSIDE","3500 LAKE BLVD.","OCEANSIDE",CA,92056,"SAN DIEGO","(760) 414-9411","MCBRIDE, FERLINA","EVEREST OCEANSIDE BLESSING STAR, LLC;EVEREST SR. L",374604806,"RESIDENTIAL CARE ELDERLY",LICENSED,175,11/4/2024,"None"
"GOLDEN POND RETIREMENT COMMUNITY","3415 MAYHEW ROAD","SACRAMENTO",CA,95827,"SACRAMENTO","(916) 369-8967","RYAN NAKAO","WALGENBACH, BRIAN & GILL, DOUG",347000985,"RESIDENTIAL CARE ELDERLY",LICENSED,175,2/5/1999,"Premier, Vizient"
"IVY PARK AT SIMI VALLEY","5300 E. LOS ANGELES AVE.","SIMI VALLEY",CA,93063,"VENTURA","(805) 583-3500","BOGOYEVAC, LEA","WELL OAK TENANT LLC;OAKMONT MANAGEMENT GROUP LLC",565850299,"RESIDENTIAL CARE ELDERLY",LICENSED,175,4/10/2023,"Vizient"
"QUAIL PARK RETIREMENT VILLAGE, LLC","4520 W CYPRESS AVE","VISALIA",CA,93277,"TULARE","(559) 624-3500","SIDOTI,JAMES","QP RETIREMENT VILLAGE,LLC & LIVING CARE MANAGEMENT",547201356,"RESIDENTIAL CARE ELDERLY",LICENSED,175,11/8/2001,"Premier"
"SONRISA VILLA INC.","708 E. 5TH ST.","HOLTVILLE",CA,92250,"IMPERIAL","(760) 756-3285","OSCAR CHAVEZ","SONRISA VILLA INC.",134604417,"RESIDENTIAL CARE ELDERLY",LICENSED,175,9/7/2021,"Premier"
"STUDIO ROYALE","3975 OVERLAND AVENUE","CULVER CITY",CA,90232,"LOS ANGELES","(310) 836-5854","LEWIS,ERNEST D.","STUDIO ROYALE, LLC; CADENCE SL ROYALE, LLC",198601566,"RESIDENTIAL CARE ELDERLY",LICENSED,175,3/15/2013,"Premier, Vizient"
"SAVANT OF SANTA MONICA","1447 17TH STREET","SANTA MONICA",CA,90404,"LOS ANGELES","(310) 829-5904","NATHANIEL VENZON","SANTA MONICA OPERATIONS LLC",198320378,"RESIDENTIAL CARE ELDERLY",LICENSED,174,5/18/2023,"None"
"WESTCHESTER VILLA","220 W. MANCHESTER BLVD.","INGLEWOOD",CA,90301,"LOS ANGELES","(310) 673-1093","EVANGELINE AGATEP","AMERICARE GROUP, INC.",198205367,"RESIDENTIAL CARE ELDERLY",LICENSED,174,8/13/2007,"Premier"
"FOUNTAINGROVE LODGE","4210 THOMAS LAKE HARRIS DRIVE","SANTA ROSA",CA,95403,"SONOMA","(707) 576-1101","LEONE, MEGAN E.","WELL OAK CCRC TENANT LLC; OAKMONT MANAGEMENT GROUP",496804113,"RCFE-CONTINUING CARE RETIREMENT COMMUNITY",LICENSED,173,7/1/2023,"Vizient"
"RANCHO VISTA SENIOR LIVING","760 EAST BOBIER DRIVE","VISTA",CA,92084,"SAN DIEGO","(760) 941-1480","DOMINGO, ELIZABETH","PACIFICA EAST LAKE LLC; VISTA MGR LLC",374604134,"RESIDENTIAL CARE ELDERLY",LICENSED,172,4/29/2019,"Premier"
"SUNLIT GARDENS ASSISTED LIVING","9428 19TH STREET","ALTA LOMA",CA,91701,"SAN BERNARDINO","(909) 481-2600","DEL JUNCO, TIRSO","CDR RNCHO CUC TRS LLC &SUNLIT GARDENS, LLC",365530159,"RESIDENTIAL CARE ELDERLY",LICENSED,172,3/14/2024,"None"
"SUNLIT GARDENS ASSISTED LIVING","9428 19TH STREET","ALTA LOMA",CA,91701,"SAN BERNARDINO","(909) 481-2600","GONZALEZ, LUIS","SUNLIT GARDENS, LLC",365530374,"RESIDENTIAL CARE ELDERLY",PENDING,172,,"None"
"BELLA VILLAGGIO","40235 PORTOLA AVE","PALM DESERT",CA,92260,"RIVERSIDE","(760) 607-5200","JIM GERMYN","PDBV LLC; LEISURE CARE LLC",331880645,"RESIDENTIAL CARE ELDERLY",LICENSED,170,7/12/2019,"Premier, Vizient"
"BRITTANY HOUSE","5401 E CENTRALIA ST","LONG BEACH",CA,90808,"LOS ANGELES","(562) 421-4717","ERIN REHBEIN","BRITTANY HEALTHCARE LLC",198320417,"RESIDENTIAL CARE ELDERLY",LICENSED,170,2/9/2024,"Premier"
"IVY PARK AT HAYWARD","1200 RUSSELL WAY","HAYWARD",CA,94541,"ALAMEDA","(510) 727-1700","NAENSILA RANDHAWA","HAYWARD SR. HSNG. I OPCO LLC;OAKMONT MGMT GRP LLC",19200922,"RESIDENTIAL CARE ELDERLY",LICENSED,170,10/9/2020,"None"
"MERIDIAN AT LAKE SAN MARCOS, THE","1177 SAN MARINO DR BLDG 1 & 2","SAN MARCOS",CA,92078,"SAN DIEGO","(760) 510-7500","AMY BANAGA","PACIFICA L 24 LLC; SAN MARCOS MGR LLC",374603339,"RESIDENTIAL CARE ELDERLY",LICENSED,170,3/14/2014,"Premier"
"OAKMONT OF CHINO HILLS","14837 PEYTON DRIVE","CHINO HILLS",CA,91709,"SAN BERNARDINO","(909) 606-3010","MEDRANO, JANETH","OAKMONT SR LVNG CHINO HILLS OPCO;OAKMONT MGMT GROU",361881162,"RESIDENTIAL CARE ELDERLY",LICENSED,170,9/7/2021,"Vizient"
"PARK VIEW ESTATES","11360 WARNER AVE.","FOUNTAIN VALLEY",CA,92708,"ORANGE","(949) 333-3486","MARIA ARRIAGA","FOUNTAIN VALLEY OPCO LLC;SUNSHINE RETIREMENT ET AL",306005798,"RESIDENTIAL CARE ELDERLY",LICENSED,170,1/20/2021,"Premier"
"POINTE AT SUMMIT HILLS, THE","4501 UPLAND POINT DRIVE","BAKERSFIELD",CA,93306,"KERN","(661) 447-4800","PERLA PENA","SUMMIT HILLS 85 LLC; THE POINTE AT BAKERSFIELD LLC",157206770,"RESIDENTIAL CARE ELDERLY",LICENSED,170,4/8/2016,"Premier"
"POINTE AT SUMMIT HILLS, THE","4501 UPLAND POINT DRIVE","BAKERSFIELD",CA,93306,"KERN","(323) 217-7877","PENA, PERLA","POINT AT BAKERSFIELD LLC, THE",157209551,"RESIDENTIAL CARE ELDERLY",PENDING,170,,"None"
"RESERVE AT THOUSAND OAKS, THE","3575 N. MOORPARK ROAD","THOUSAND OAKS",CA,91360,"LOS ANGELES","(805) 492-2471","SPENCER, ELIZABETH","MSL COMMUNITY MANAGEMENT LLC/THE RESERVE MSL LLC",197609632,"RESIDENTIAL CARE ELDERLY",LICENSED,170,7/30/2018,"None"
"TERRAZA COURT SENIOR LIVING","10955 WASHINGTON BLVD","CULVER CITY",CA,90232,"LOS ANGELES","(310) 838-7800","KAVANAUGH, BRITTANY","TERRAZA COURT SENIOR LIVING LLC",198320456,"RESIDENTIAL CARE ELDERLY",LICENSED,170,10/22/2024,"Premier"
"WELLQUEST OF ELK GROVE","8871 E STOCKTON BLVD","ELK GROVE",CA,95624,"SACRAMENTO","(916) 689-1000","ELENA CUEVAS","WELLQUEST ELK GROVE TENANTCO LLC; WELLQUEST LIVING",342700722,"RESIDENTIAL CARE ELDERLY",LICENSED,170,9/23/2020,"Premier"
"IVY AT GOLDEN GATE, THE","1601 19TH AVENUE","SAN FRANCISCO",CA,94122,"SAN FRANCISCO","(415) 664-6264","RAUKHMAN, KATHERINE","WELL OAK TENANT LLC;OAKMONT MANAGEMENT GROUP LLC",385601148,"RESIDENTIAL CARE ELDERLY",LICENSED,168,8/30/2023,"None"
"PARK REGENCY RETIREMENT CENTER","1750 W. LA HABRA BLVD.","LA HABRA",CA,90631,"ORANGE","(714) 441-1164","ASHLEY WILLETT","JOHNSON, FRANK D. & BAUMAN, IRVING",306000059,"RESIDENTIAL CARE ELDERLY",LICENSED,168,8/30/1994,"Premier"
"CITY VIEW LA, LLC","515 N LA BREA AVE","LOS ANGELES",CA,90036,"LOS ANGELES","(323) 938-2131","GINSBERG, MENDY","CITY VIEW LA, LLC",198603220,"RESIDENTIAL CARE ELDERLY",LICENSED,166,8/27/2019,"Premier"
"MERRILL GARDENS AT CAMPBELL","2115 S WINCHESTER BLVD","CAMPBELL",CA,95008,"SANTA CLARA","(408) 370-6454","BRADLEY, BURGOYNE","SHI-III MG GP, SHI-III CAMPBELL; MERRILL GARDENS",435202572,"RESIDENTIAL CARE ELDERLY",LICENSED,166,10/9/2017,"Premier, Vizient"
"RENAISSANCE VILLAGE MURRIETA","24271 JACKSON AVENUE","MURRIETA",CA,92562,"RIVERSIDE","(951) 319-8243","BRIAN TAUBE","RVMUR OPERATIONS CO. LLC/RENAISSANCE VILLAGES INC.",331800083,"RESIDENTIAL CARE ELDERLY",LICENSED,166,1/20/2017,"None"
"BELMONT VILLAGE CALABASAS","24141 VENTURA BLVD","CALABASAS",CA,91302,"LOS ANGELES","(818) 222-2600","NELSON, NANCY","BELMONT VILLAGE CALABASAS LLC; BELMONT THREE LLC",197609518,"RESIDENTIAL CARE ELDERLY",LICENSED,165,3/23/2018,"Vizient"
"BELMONT VILLAGE CALABASAS","24141 VENTURA BLVD.","CALABASAS",CA,91302,"LOS ANGELES","(818) 222-2600","NELSON, NANCU","BELMONT VILLAGE CALABASAS CPT;OPERATOR LLC & BELMO",195850579,"RESIDENTIAL CARE ELDERLY",PENDING,165,,"Vizient"
"CADENCE MILLBRAE","1201 BROADWAY","MILLBRAE",CA,94030,"SAN MATEO","(650) 742-9150","JOAN NEWMAN","1201 BROADWAY-OPERATOR LLC;CADENCE SL MILLBRAE LLC",415601039,"RESIDENTIAL CARE ELDERLY",LICENSED,165,8/1/2018,"Premier, Vizient"
"CHATEAU PLEASANT HILL","2726-2770 PLEASANT HILL RD.","PLEASANT HILL",CA,94523,"CONTRA COSTA","(925) 935-1660","JOHN MCCRAW","CARLTON SENIOR LIVING, LLC",71440541,"RESIDENTIAL CARE ELDERLY",LICENSED,165,10/18/1988,"None"
"OCEANSIDE SENIOR LIVING","5508 AVENIDA PACIFICA WAY","OCEANSIDE",CA,92057,"SAN DIEGO","(760) 978-6602","JOHNSON, KRISTELANGELICA","HRSE PACFICIA SENIOR LIVING OCEANSIDE TRS LLC",374604300,"RESIDENTIAL CARE ELDERLY",LICENSED,165,10/7/2020,"Premier"
"BROOKDALE BROOKHURST","15302 BROOKHURST ST","WESTMINSTER",CA,92683,"ORANGE","(714) 775-6775","JOHN GOODWIN","SUMMERVILLE 13 LLC; EMERITUS CORPORATION",306002962,"RESIDENTIAL CARE ELDERLY",LICENSED,164,7/14/2005,"Premier, Vizient"
"IVY PARK AT SEVEN OAKS","4301 AND 4225 BUENA VISTA ROAD","BAKERSFIELD",CA,93311,"KERN","(661) 837-1337","BRADLEY, PAMELA","WELL IVY 6 TENANT LLC;OAKMONT MANAGEMENT GROUP LLC",157209257,"RESIDENTIAL CARE ELDERLY",LICENSED,164,1/25/2023,"None"
"VALLEY VISTA SENIOR LIVING","7040 VAN NUYS BLVD","VAN NUYS",CA,91405,"LOS ANGELES","(818) 906-4400","ELIZABETH J WHITTINGTON","VALLEY VISTA SENIOR LIVING; SEASONS MANAGEMENT LLC",197609969,"RESIDENTIAL CARE ELDERLY",LICENSED,164,4/9/2020,"None"
"WESTMONT OF LA MESA","9000 MURRAY DR","LA MESA",CA,91942,"SAN DIEGO","(619) 369-9700","GARCIA, KIMBERLY","WESTMONT MGR GP LLC,GP OF LM OPS LP;WESTMONT LVNG",374604079,"RESIDENTIAL CARE ELDERLY",LICENSED,164,9/25/2019,"None"
"IVY PARK AT CERRITOS","11000 NEW FALCON WAY","CERRITOS",CA,90703,"LOS ANGELES","(562) 865-9500","LAURA RODRIGUEZ","CERRITOS SUBTENANT LP;OAKMONT MGMT. GROUP LLC",198602608,"RESIDENTIAL CARE ELDERLY",LICENSED,163,7/2/2018,"Vizient"
"CEDAR CREEK SENIOR LIVING","500 N. WESTBERRY BLVD.","MADERA",CA,93637,"MADERA","(559) 673-2345","ELDRIDGE, KIMBERLY","GAHC4 MADERA CA TRS SUB; COGIR SL CEDAR CREEK LLC",207209043,"RESIDENTIAL CARE ELDERLY",LICENSED,162,7/1/2020,"Premier"
"IVY PARK AT SAN RAMON","9199 FIRCEST LANE","SAN RAMON",CA,94583,"CONTRA COSTA","(949) 744-5200","MORGAN, OREISHA","WELL IVY 6 TENANT LLC;OAKMONT MANAGEMENT GROUP LLC",79201116,"RESIDENTIAL CARE ELDERLY",LICENSED,162,4/8/2022,"Vizient"
"RIDGE AT WESTLAKE VILLAGE, THE","31200 CEDAR VALLEY DRIVE","WESTLAKE VILLAGE",CA,91362,"LOS ANGELES","(805) 572-7705","LARIOS, BRIAN","SHP VI HOLDEN WESTLAKE LLC;OAKMONT MGMT. GROUP LLC",195850578,"RESIDENTIAL CARE ELDERLY",LICENSED,162,1/31/2025,"None"
"SUMMERSET LINCOLN ASSISTED LIVING","550 2ND ST","LINCOLN",CA,95648,"PLACER","(916) 644-3151","MEGAN GALLAGHER","SUMMERSET LINCOLN ASSISTED LIVING LLC",312700555,"RESIDENTIAL CARE ELDERLY",LICENSED,162,1/28/2020,"None"
"TERRACES AT BETHANY, THE","200 VERA AVENUE","RIPON",CA,95366,"SAN JOAQUIN","(209) 253-5127","VENTURA, JOSE","BETHANY HOME SOCIETY OF SAN JOAQUIN COUNTY, INC",392701525,"RESIDENTIAL CARE ELDERLY",PENDING,161,,"None"
"MERCY RETIREMENT & CARE CENTER","3431 FOOTHILL BOULEVARD","OAKLAND",CA,94601,"ALAMEDA","(510) 534-8540","MCCARRON, KATHLEEN","MERCY RET & CARE CTR AND ELDER CARE ALLIANCE",15600255,"RCFE-CONTINUING CARE RETIREMENT COMMUNITY",LICENSED,160,3/11/1999,"Premier, Vizient"
"ALMAVIA OF SAN RAFAEL","515 NORTHGATE DRIVE","SAN RAFAEL",CA,94903,"MARIN","(415) 491-1900","ANGELA BOUCHER-TURIN","ELDER CARE ALL. OF SAN RAFAEL/ELDER CARE ALLIANCE",216801868,"RESIDENTIAL CARE ELDERLY",LICENSED,160,4/28/2006,"Premier"
"ATRIA NEWPORT PLAZA","1455 SUPERIOR AVE","NEWPORT BEACH",CA,92663,"ORANGE","(949) 645-6833","GONZALEZ, JOHANNA","VSL GP II LLC, GP OF VAOC NEWPORT PLAZA LP; ATRIA",306005449,"RESIDENTIAL CARE ELDERLY",LICENSED,160,1/16/2019,"None"
"ATRIA SANTA CLARITA","24431 LYONS AVE","SANTA CLARITA",CA,91321,"LOS ANGELES","(661) 254-9933","APRIL PRINCESA","ARHC SVSCLSA01 TRS LLC; ATRIA MANAGEMENT CO LLC",197608685,"RESIDENTIAL CARE ELDERLY",LICENSED,160,2/2/2015,"Premier, Vizient"
"ATRIA SUNNYVALE","175 E REMINGTON DR","SUNNYVALE",CA,94087,"SANTA CLARA","(408) 738-3410","FLAVIO SILVA","WG SUNNYVALE SH LP; ATRIA MANAGEMENT CO LLC",435200731,"RESIDENTIAL CARE ELDERLY",LICENSED,160,6/25/1999,"Vizient"
"BELMONT VILLAGE BURBANK","455 E ANGELENO AVE","BURBANK",CA,91501,"LOS ANGELES","(818) 972-2405","RODRIGUEZ, MARY JANE","BELMONT VILLAGE BURBANK TENANT; BELMONT THREE LLC",197608468,"RESIDENTIAL CARE ELDERLY",LICENSED,160,6/1/2013,"Vizient"
"BROOKDALE VALLEY VIEW","5900 CHAPMAN AVE","GARDEN GROVE",CA,92845,"ORANGE","(714) 898-3524","JOHN GOODWIN","SUMMERVILLE AT COBBCO INC; EMERITUS CORPORATION",306001000,"RESIDENTIAL CARE ELDERLY",LICENSED,160,6/24/1999,"Premier, Vizient"
"CASA DE MODESTO","1745 ELDENA WAY","MODESTO",CA,95350,"STANISLAUS","(925) 594-1122","ISSAKHANI, STEPHANY","NOBLE HEALTHCARE AT HOME INC",502701450,"RESIDENTIAL CARE ELDERLY",LICENSED,160,8/30/2024,"Premier, Vizient"
"CONCORD ROYALE","4230 CLAYTON ROAD","CONCORD",CA,94521,"CONTRA COSTA","(925) 676-3410","KUHLMANN, MARIA CONNIE","BERG SENIOR SERVICES, LLC.",75600578,"RESIDENTIAL CARE ELDERLY",LICENSED,160,5/13/2002,"Vizient"
"ESKATON VILLAGE GRASS VALLEY","625 ESKATON CIR","GRASS VALLEY",CA,95945,"NEVADA","(530) 273-1778","ALICIA RIST","ESKATON PROPERTIES INC",297001933,"RESIDENTIAL CARE ELDERLY",LICENSED,160,5/20/2002,"Premier"
"GOLDEN MANOR RETIREMENT CENTER","1109 WEST BEVERLY BLVD.","MONTEBELLO",CA,90640,"LOS ANGELES","(323) 724-3870","MARIA JACOBO","1109 WEST BEVERLY BLVD., LLC",197606171,"RESIDENTIAL CARE ELDERLY",LICENSED,160,5/13/2005,"None"
"LAKEWOOD PARK MANOR","12045 LAKEWOOD BLVD","DOWNEY",CA,90242,"LOS ANGELES","(562) 923-4417","NARINE MERTKHANYAN","LAKEWOOD RESIDENTIAL CARE LLC",198602950,"RESIDENTIAL CARE ELDERLY",LICENSED,160,7/12/2018,"Premier"
"LEGACY OAKS OF SACRAMENTO","1922 MORSE AVENUE","SACRAMENTO",CA,95825,"SACRAMENTO","(559) 313-8062","JONATHAN AGUILAR","MORSE INVESTMENT PARTNERS LLC;CSG SR LVNG MGMT LLC",342702896,"RESIDENTIAL CARE ELDERLY",LICENSED,160,12/20/2024,"Premier"
"MEADOWS SENIOR LIVING, THE","9325 EAST STOCKTON BLVD.","ELK GROVE",CA,95624,"SACRAMENTO","(916) 877-7835","SELLERS, ALYSSA","VOP THE MEADOWS LP; MILESTONE RETIREMENT COMMUNITI",342701306,"RESIDENTIAL CARE ELDERLY",LICENSED,160,1/23/2024,"Premier"
"NOVELLUS STOCKTON","6037 N. PERSHING AVENUE","STOCKTON",CA,95207,"SAN JOAQUIN","(209) 951-2030","MONARES, GRETCHEN","NOV PERSHING LLC",392700997,"RESIDENTIAL CARE ELDERLY",LICENSED,160,12/17/2021,"None"
"OAKMONT OF ESCONDIDO HILLS","3012 BEAR VALLEY PARKWAY","ESCONDIDO HILLS",CA,92025,"SAN DIEGO","(760) 735-8084","BRENNAN, JOHN","OAKMONT SR. LVMG. OF ESCONDIDO OPCO; OAKMONT MGMT",374604457,"RESIDENTIAL CARE ELDERLY",LICENSED,160,8/13/2021,"Vizient"
"PARK LANE, THE","200 GLENWOOD CIR","MONTEREY",CA,93940,"MONTEREY","(831) 373-0101","NATASHA PRUNTY","PAC MONTEREY INC,GP OF P MONT LP;PARK LANE MGR LLC",275294322,"RESIDENTIAL CARE ELDERLY",LICENSED,160,2/23/2010,"Premier"
"REGENCY GRAND AT WEST COVINA","150 SOUTH GRAND AVENUE","WEST COVINA",CA,91791,"LOS ANGELES","(626) 332-3344","MIMS-BURRIS, MARY","KRE-RENEW TIGER CUBS REGENCY GRAND OPERATION ET AL",198603428,"RESIDENTIAL CARE ELDERLY",LICENSED,160,4/19/2021,"Premier"
"SAVANT OF GARDEN GROVE","5900 CHAPMAN AVE","GARDEN GROVE",CA,92845,"ORANGE","(714) 898-3524","ZENOU, ADAM","GARDEN GROVE OPERATIONS, LLC",306006709,"RESIDENTIAL CARE ELDERLY",PENDING,160,,"Vizient"
"SILVERGATE SAN MARCOS RETIREMENT RESIDENCE","1550/1560 SECURITY PLACE","SAN MARCOS",CA,92078,"SAN DIEGO","(760) 744-4484","JOAN RINK-CARROLL","AMERICARE HEALTH & RETIREMENT, INC. A CALIF. CORP.",374600026,"RESIDENTIAL CARE ELDERLY",LICENSED,160,5/26/1994,"Premier"
"TREVISTA CONCORD","1081 MOHR LN","CONCORD",CA,94518,"CONTRA COSTA","(925) 798-3900","CLAWSON, DAVID J","TREG CONCORD OP DIR,LLC;BULLARDS BAR,LLC",79200855,"RESIDENTIAL CARE ELDERLY",LICENSED,160,11/26/2019,"Vizient"
"VACAVILLE SENIOR ASSISTED LIVING, LLC","2061 PEABODY RD","VACAVILLE",CA,95687,"SOLANO","(323) 902-6000","SAMANIEGO, AGUSTIN","VACAVILLE SENIOR ASSISTED LIVING, LLC",486804297,"RESIDENTIAL CARE ELDERLY",PENDING,160,,"Vizient"
"WESTMONT OF CULVER CITY","11141 WASHINGTON BLVD","CULVER CITY",CA,90232,"LOS ANGELES","(310) 736-4118","DAWN M SMITH","WESTMONT LIV INC;WM CULVER CITY MGR;GP CULVER CITY",198320402,"RESIDENTIAL CARE ELDERLY",LICENSED,160,7/30/2024,"Premier"
"A1 DEL MONTE STOCKTON","517 E. FULTON STREET","STOCKTON",CA,95204,"SAN JOAQUIN","(209) 910-5910","SANDEEP SAINI","A1 DEL MONTE INC.",392700993,"RESIDENTIAL CARE ELDERLY",LICENSED,158,7/1/2021,"Premier"
"AMBASSADOR GARDEN","7324 CANBY AVENUE","RESEDA",CA,91335,"LOS ANGELES","(818) 705-3404","SOFI DRUKER","CANBY RETIREMENT, CORP.",197603652,"RESIDENTIAL CARE ELDERLY",LICENSED,158,3/4/2002,"None"
"BELMONT VILLAGE THOUSAND OAKS","3680 N MOORPARK RD","THOUSAND OAKS",CA,91360,"VENTURA","(805) 496-9301","CYNTIA DRACHENBERG","BMSH I BELMONT TO GP LLC; BELMONT THREE LLC",565802433,"RESIDENTIAL CARE ELDERLY",LICENSED,158,6/23/2017,"Premier, Vizient"
"BELMONT VILLAGE THOUSAND OAKS","3680 N MOORPARK RD","THOUSAND OAKS",CA,91360,"VENTURA","(805) 496-9301","DRACHENBERG, CYNTIA","MOORPARK RD LLC; BELMONT VILLAGE & BELMONT THREE",565850581,"RESIDENTIAL CARE ELDERLY",PENDING,158,,"Vizient"
"NAZARETH HOUSE","3333 MANNING AVENUE","LOS ANGELES",CA,90064,"LOS ANGELES","(310) 839-2361","JOSEPHINE WAZIR","SISTERS OF NAZARETH OF LOS ANGELES, THE",191600500,"RESIDENTIAL CARE ELDERLY",LICENSED,158,5/27/1993,"None"
"VINTAGE GARDENS","540 S. PEACH","FRESNO",CA,93727,"FRESNO","(559) 252-4036","GEBBIA, LOUIS","CENTRAL CALIFORNIA NIKKEI FOUNDATION",107203197,"RESIDENTIAL CARE ELDERLY",LICENSED,158,7/25/2005,"Premier"
"IVY AT BLUE OAKS, THE","275 ROSEVILLE PARKWAY","ROSEVILLE",CA,95678,"PLACER","(916) 432-2878","SWEARINGEN, MICHELLE","BLUE OAKS PROPERTY TENANT LLC;OAKMONT MGMT. GROUP",315920222,"RESIDENTIAL CARE ELDERLY",LICENSED,157,11/21/2024,"None"
"LEISURE GARDEN SENIOR ASSISTED LIVING FACILITY","44523 15TH STREET WEST","LANCASTER",CA,93534,"LOS ANGELES","(661) 941-4578","CRYSTAL BARRIENTOS","MAXICARE SENIOR HOME, LLC",197610032,"RESIDENTIAL CARE ELDERLY",LICENSED,157,12/2/2020,"None"
"BRASWELL'S CHATEAU VILLA","620 E. HIGHLAND AVENUE","REDLANDS",CA,92374,"SAN BERNARDINO","(909) 793-0433","MELANIE NIEZ","BRASWELL, JAMES W",360902129,"RESIDENTIAL CARE ELDERLY",LICENSED,156,8/29/1977,"Premier"
"MERIDIAN AT CHINO","11918 CENTRAL AVENUE","CHINO",CA,91710,"SAN BERNARDINO","(909) 548-2100","ISABEL ENRIQUEZ","HSRE PACIFICA HILLSBOROUGH TRS LLC; HILLSBOROUGH",361880893,"RESIDENTIAL CARE ELDERLY",LICENSED,156,5/28/2020,"Premier"
"ATRIA GOLDEN CREEK","33 CREEK RD","IRVINE",CA,92604,"ORANGE","(949) 786-5665","JAMES D. CRADDOCK","WG GOLDEN CREEK SH LP; ATRIA MANAGEMENT CO LLC",306000752,"RESIDENTIAL CARE ELDERLY",LICENSED,155,4/16/1998,"Premier, Vizient"
"BROOKDALE IRVINE","10 MARQUETTE","IRVINE",CA,92612,"ORANGE","(949) 854-3766","CARRIE GALLOWAY","BLC INN AT THE PARK LLC",306002954,"RESIDENTIAL CARE ELDERLY",LICENSED,155,8/10/2005,"Premier"
"GLEN TERRA ASSISTED LIVING","917 N LOUISE STREET","GLENDALE",CA,91207,"LOS ANGELES","(818) 291-1918","RECORDS, TERRY","ALF MANAGEMENT GROUP, INC.",197609005,"RESIDENTIAL CARE ELDERLY",LICENSED,155,8/2/2017,"None"
"HUNTINGTON RETIREMENT HOTEL","20920 EARL STREET","TORRANCE",CA,90503,"LOS ANGELES","(310) 370-5828","HEATHER ARGUETA","ADF INVESTMENTS",191600341,"RESIDENTIAL CARE ELDERLY",LICENSED,155,4/16/1988,"None"
"LODGE AT GLEN COVE, THE","140 GLEN COVE MARINA ROAD","VALLEJO",CA,94591,"SOLANO","(707) 653-4728","JASMINE SEIFFERT","GLEN COVE,VALLEJO CA, INC. ; CALSON MANAGEMENT,LLC",486803921,"RESIDENTIAL CARE ELDERLY",LICENSED,155,1/15/2021,"None"
"OAKMONT OF ORANGE","630 THE CITY DRIVE SOUTH","ORANGE",CA,92868,"ORANGE","(714) 880-8624","ANNA PASTORES","WELLTOWER ORANGE TENANT LLC;OAKMONT MGMT",306005740,"RESIDENTIAL CARE ELDERLY",LICENSED,155,12/24/2020,"Vizient"
"WESTMONT OF FRESNO","7442 & 7468 N MILLBROOK AVE","FRESNO",CA,93720,"FRESNO","(559) 446-1266","EDUARDO RANGEL","WESTMONT MGR GP LLC,GP OF FRESNO OPS;WESTMONT LVNG",107208908,"RESIDENTIAL CARE ELDERLY",LICENSED,155,7/11/2019,"Premier"
"ATRIA PALM DESERT","44300 SAN PASCUAL AVE","PALM DESERT",CA,92260,"RIVERSIDE","(760) 773-3772","FLORES, DENISE","WG PALM DESERT INC; ATRIA MANAGEMENT CO LLC",336400954,"RESIDENTIAL CARE ELDERLY",LICENSED,154,2/9/1996,"Vizient"
"HIGH DESERT HAVEN","1240 COLLEGE HEIGHTS BLVD.","RIDGECREST",CA,93555,"KERN","(760) 371-1989","POYTHRESS, LINDA","HIGH DESERT HAVEN, LLC",157209516,"RESIDENTIAL CARE ELDERLY",LICENSED,154,5/6/2025,"Premier"
"CARDINAL POINT AT MARINER SQUARE","2431 MARINER SQUARE DR","ALAMEDA",CA,94501,"ALAMEDA","(510) 337-1033","GERALD VADNAIS","CARDINAL PT MARINER, GALLAHER SR LVG; WELLQUEST",15601222,"RCFE-CONTINUING CARE RETIREMENT COMMUNITY",LICENSED,153,2/28/2006,"Premier, Vizient"
"ATRIA VALLEY VIEW","1228 ROSSMOOR PKWY","WALNUT CREEK",CA,94595,"CONTRA COSTA","(925) 937-7300","BINDRA, MONIQUE S","WG VALLEY VIEW SH LP; ATRIA MANAGEMENT CO LLC",75600353,"RESIDENTIAL CARE ELDERLY",LICENSED,153,6/25/1999,"Vizient"
"BROOKDALE SAN JOSE","1009 BLOSSOM RIVER WAY","SAN JOSE",CA,95123,"SANTA CLARA","(408) 445-7770","RYAN GOLZE","BLC-ATRIUM AT SAN JOSE LP",435202447,"RESIDENTIAL CARE ELDERLY",LICENSED,153,1/29/2015,"Premier"
"DISCOVERY VILLAGE SAN JOSE","1009 BLOSSOM RIVER WAY","SAN JOSE",CA,95123,"SANTA CLARA","(408) 445-7770","DONNER, ZEINAB","VOP SAN JOSE LP; ATCS II LLC (MGMT CO)",435202971,"RESIDENTIAL CARE ELDERLY",PENDING,153,,"None"
"MAINPLACE SENIOR LIVING","1800 1832 W. CULVER AVENUE","ORANGE",CA,92868,"ORANGE","(714) 978-2534","RHONWINN HIPOLITO","ORANGE SENIOR LIVING INC",306005636,"RESIDENTIAL CARE ELDERLY",LICENSED,153,11/13/2019,"Premier, Vizient"
"OAKMONT OF FULLERTON","433 W. BASTENCHURY ROAD","FULLERTON",CA,92835,"ORANGE","(714) 869-1940","SCHROEDER, LINDSAY","WELL OAK TENANT LLC;OAKMONT MANAGEMEMT GROUP LLC",306006224,"RESIDENTIAL CARE ELDERLY",LICENSED,152,1/26/2023,"Vizient"
"WESTMINSTER TERRACE","7571 WESTMINSTER BLVD","WESTMINSTER",CA,92683,"ORANGE","(714) 891-6608","CRISTINA MILLER","WESTMINSTER TERRACE LLC",306006195,"RESIDENTIAL CARE ELDERLY",LICENSED,152,3/6/2023,"Premier"
"WESTMONT OF CYPRESS","4889 & 4775 KATELLA AVE.","LOS ALAMITOS",CA,90720,"ORANGE","(858) 729-6720","NANCY RODRIGUEZ","WESTMONT LIVING, INC ; WM CYPRESS MGR.LP GP OF CYP",306005908,"RESIDENTIAL CARE ELDERLY",LICENSED,152,12/14/2021,"None"
"BYRON PARK","1700 TICE VALLEY BLVD","WALNUT CREEK",CA,94595,"CONTRA COSTA","(925) 937-1700","RICARDO ROMERO","WELL KISCO BYRON PARK TENANT LLC;KISCO SR LVG LLC",79201218,"RESIDENTIAL CARE ELDERLY",LICENSED,151,2/1/2023,"Premier"
"WELLQUEST OF MENIFEE LAKES","29914 ANTELOPE RD","MENIFEE",CA,92584,"RIVERSIDE","(951) 550-0500","EADS, JONETTA","WELLQUEST MENIFEE TENANTCO LLC, ; WELLQUEST LIVING",331881106,"RESIDENTIAL CARE ELDERLY",LICENSED,151,6/30/2021,"Premier"
"PACIFIC GROVE SENIOR LIVING","551 GIBSON AVENUE","PACIFIC GROVE",CA,93950,"MONTEREY","(831) 657-5200","JESSICA SANCHEZ","PACIFIC GROVE SENIOR LIVING LLC;CA SNR LVG MGT LLC",277209241,"RCFE-CONTINUING CARE RETIREMENT COMMUNITY",LICENSED,150,12/6/2022,"Premier"
"AEGIS LIVING CORTE MADERA","5555 PARADISE DRIVE","CORTE MADERA",CA,94925,"MARIN","(415) 483-1399","ABUSBAITAN,RABAH","BMSH II CORTE MADERA CA; AEGIS SENIOR COMMUNITIES",216803994,"RESIDENTIAL CARE ELDERLY",LICENSED,150,5/6/2022,"Premier"
"BELMONT VILLAGE ENCINO","15451 VENTURA BLVD","SHERMAN OAKS",CA,91403,"LOS ANGELES","(818) 788-8870","ABIGAIL TRAXLER","BELMONT VILLAGE ENCINO TENANT; BELMONT THREE LLC",197608466,"RESIDENTIAL CARE ELDERLY",LICENSED,150,6/1/2013,"Vizient"
"BELMONT VILLAGE HOLLYWOOD","2051 N HIGHLAND AVE","LOS ANGELES",CA,90068,"LOS ANGELES","(323) 874-7711","JANELLE TOPETE","BELMONT VILLAGE HOLLYWOOD TENANT; BELMONT THREE",197608467,"RESIDENTIAL CARE ELDERLY",LICENSED,150,6/1/2013,"Vizient"
"BELMONT VILLAGE RANCHO PALOS VERDES","5701 CRESTRIDGE RD","RANCHO PALOS VERDES",CA,90275,"LOS ANGELES","(310) 377-9977","BALBIN, RALPH","BELMONT VILLAGE RPV LLC; BELMONT THREE LLC",198601646,"RESIDENTIAL CARE ELDERLY",LICENSED,150,6/1/2013,"None"
"BELMONT VILLAGE SAN JOSE","500 S WINCHESTER BLVD","SAN JOSE",CA,95128,"SANTA CLARA","(408) 984-4767","RACHEL BROWN","BELMONT VILLAGE SAN JOSE TNNT & LP; BELMONT THREE",435202350,"RESIDENTIAL CARE ELDERLY",LICENSED,150,6/1/2013,"Vizient"
"BELMONT VILLAGE SUNNYVALE","1039 E EL CAMINO REAL","SUNNYVALE",CA,94087,"SANTA CLARA","(408) 720-8498","RADHIKA SINGH","BELMONT VILLAGE SUNNYVALE TNNT & LP; BELMONT THREE",435202351,"RESIDENTIAL CARE ELDERLY",LICENSED,150,4/1/2013,"Vizient"
"BRIDGEPOINT AT LOS ALTOS","1174 LOS ALTOS AVENUE","LOS ALTOS",CA,94022,"SANTA CLARA","(650) 948-7337","MEHRAD MOSHIRI","KRC LOS ALTOS LP & KISCO SENIOR LIVING, LLC",435200989,"RESIDENTIAL CARE ELDERLY",LICENSED,150,12/6/2001,"Premier, Vizient"
"BROOKDALE OCEAN HOUSE","2107 OCEAN AVE","SANTA MONICA",CA,90405,"LOS ANGELES","(310) 399-3227","HELEN LEE","BLC OCEAN HOUSE LP",198204758,"RESIDENTIAL CARE ELDERLY",LICENSED,150,8/18/2005,"Premier"
"CARLTON PLAZA OF DAVIS","2726 5TH STREET","DAVIS",CA,95618,"YOLO","(530) 564-7002","MIRIAM FARIS","CARLTON SENIOR LIVING, LLC.",577005341,"RESIDENTIAL CARE ELDERLY",LICENSED,150,3/21/2014,"Premier"
"CEDARS @ PARADISE VILLAGE","2740 E 4TH STREET","NATIONAL CITY",CA,91950,"SAN DIEGO","(619) 475-5040","WILLIAM LAWSON","PVHR, LLC",374602869,"RESIDENTIAL CARE ELDERLY",LICENSED,150,10/30/2009,"Premier"
"COGIR OF BRENTWOOD","150 CORTONA WAY","BRENTWOOD",CA,94513,"CONTRA COSTA","(925) 308-9040","FREETH, JEFFREY","WELL COGIR TENANT III LLC;COGIR MANAGEMENT USA INC",79201196,"RESIDENTIAL CARE ELDERLY",LICENSED,150,1/25/2023,"Premier"
"COUNTRY CREST ASSISTED LIVING","55 CONCORDIA LN","OROVILLE",CA,95966,"BUTTE","(530) 533-7857","DAVIS, IRENE","PACIFICA CONCORDIA LP; NORTHSTAR SENIOR LIVING",45002440,"RESIDENTIAL CARE ELDERLY",LICENSED,150,6/14/2012,"Premier"
"COUNTRY INN OF DOWNEY","11111 MYRTLE ST.","DOWNEY",CA,90241,"LOS ANGELES","(562) 869-2401","ANA YESENIA GIRON","MILOGA ENTERPRISES, INC.",197803745,"RESIDENTIAL CARE ELDERLY",LICENSED,150,1/22/2002,"Vizient"
"GOLDEN HAVEN","2324 LEVER BLVD.","STOCKTON",CA,95206,"SAN JOAQUIN","(209) 464-4743","ROWENA RAMIREZ","TRU-HEALTH, INC.",390312403,"RESIDENTIAL CARE ELDERLY",LICENSED,150,3/16/1990,"Vizient"
"GROVE AT LOS GATOS, THE","400 BLOSSOM HILL ROAD","LOS GATOS",CA,95032,"SANTA CLARA","(707) 592-4252","REYES, ALANA","BLOSSOM HILL LOS GATOS, INC.; CALSON MGMT, LLC",435202953,"RESIDENTIAL CARE ELDERLY",PENDING,150,,"None"
"IVY PARK AT CULVER CITY","4061 GRAND VIEW BLVD.","LOS ANGELES",CA,90066,"LOS ANGELES","(310) 390-0565","BRITTNEY BUCHANNAN","WELL IVY 6TENANT,LLC;OAKMONT MANAGEMENT GROUP, LLC",198320242,"RESIDENTIAL CARE ELDERLY",LICENSED,150,5/18/2022,"Premier, Vizient"
"IVY PARK AT MISSION VIEJO","27783 CENTER DRIVE","MISSION VIEJO",CA,92692,"ORANGE","(949) 364-6210","FOUDIL MANADI","MISSION VIEJO SUBTENANT;OAKMONT MGMT. GROUP, LLC",306005351,"RESIDENTIAL CARE ELDERLY",LICENSED,150,3/29/2018,"Vizient"
"LAKEWOOD GARDENS","12055 S. LAKEWOOD BLVD.","DOWNEY",CA,90242,"LOS ANGELES","(562) 869-4038","MARIE JEENE R DE CASTRO","MEH HEALTH MANAGEMENT, LLC",197606651,"RESIDENTIAL CARE ELDERLY",LICENSED,150,5/22/2006,"Vizient"
"MERRILL GARDENS AT BRENTWOOD","2600 BALFOUR RD","BRENTWOOD",CA,94513,"CONTRA COSTA","(925) 297-6841","SHIELDS, JERYL","HSVI GP, LLC, MERRILL GARDENS LLC",79201165,"RESIDENTIAL CARE ELDERLY",LICENSED,150,5/25/2022,"Premier"
"MERRILL GARDENS AT HUNTINGTON BEACH","17200 GOLDENWEST ST","HUNTINGTON BEACH",CA,92647,"ORANGE","(714) 842-6569","JOHNSON, JILL","SHI-III MG GP OF SHI-III HUNTINGTON BCH; MERRILL G",306005275,"RESIDENTIAL CARE ELDERLY",LICENSED,150,10/6/2017,"Premier, Vizient"
"MERRILL GARDENS AT MONTEREY","200 IRIS CANYON RD","MONTEREY",CA,93940,"MONTEREY","(831) 250-0930","TIFFANEY SANTORO","MERRILL GARDENS AT MONTEREY; MERRILL GARDENS LLC",275202591,"RESIDENTIAL CARE ELDERLY",LICENSED,150,5/25/2017,"Premier, Vizient"
"MERRILL GARDENS AT RANCHO CUCAMONGA","9942 HIGHLAND AVENUE","RANCHO CUCAMONGA",CA,91737,"SAN BERNARDINO","(909) 303-9545","USMAN CHAUDARY","SHI-III MG DEV, RANCHO CUCAMONGA; MERRILL GARDENS",361880525,"RESIDENTIAL CARE ELDERLY",LICENSED,150,10/1/2018,"Vizient"
"MERRILL GARDENS AT ROCKRIDGE","5238 CORONADO AVE","OAKLAND",CA,94618,"ALAMEDA","(510) 338-4543","NIARE DAWN FEASTER","SHI-III MG ROCKRIDGE GP LLC;MERRILL GARDENS LLC",19200879,"RESIDENTIAL CARE ELDERLY",LICENSED,150,1/23/2020,"Premier, Vizient"
"MERRILL GARDENS AT ROLLING HILLS ESTATES","627 SILVER SPUR RD","ROLLING HILLS",CA,90274,"LOS ANGELES","(310) 974-3339","TRACEY E HOLDER","SHI-III MG DEV, GP ROLLING HILLS; MERRILL GARDENS",198320089,"RESIDENTIAL CARE ELDERLY",LICENSED,150,10/8/2020,"None"
"MERRILL GARDENS AT WEST COVINA","1400 WEST COVINA PKWY","WEST COVINA",CA,91790,"LOS ANGELES","(626) 587-4318","FISCHER, SHERRY","SHI-III MG DEV GP, LLC; MERRILL GARDENS, LLC",198603348,"RESIDENTIAL CARE ELDERLY",LICENSED,150,10/1/2020,"Premier"
"MERRILL GARDENS AT WILLOW GLEN","1420 CURCI DRIVE","SAN JOSE",CA,95126,"SANTA CLARA","(408) 283-0941","GOLDEN, KIM","MG AT WILLOW GLEN, LP ;SHI-IV MERRILL GP,LLC;ET AL",435202807,"RESIDENTIAL CARE ELDERLY",LICENSED,150,11/3/2021,"Premier"
"OAKMONT OF CAMARILLO","305 DAVENPORT STREET","CAMARILLO",CA,93012,"VENTURA","(805) 738-3600","FOERSCHNER, BRADLEE","OAKMONT SR. LVNG. OF CAMARILLO OPCO, LLC; ET AL",565850169,"RESIDENTIAL CARE ELDERLY",LICENSED,150,10/11/2021,"Vizient"
"PENINSULA DEL REY","165 PIERCE STREET","DALY CITY",CA,94015,"SAN MATEO","(650) 992-2100","TAZAWA, KATHERINE","PDR SUBTENANT LLC, SRG CALIFORINA MGMT LLC",415601070,"RESIDENTIAL CARE ELDERLY",LICENSED,150,4/24/2020,"Premier"
"QUAIL PARK AT SHANNON RANCH","3330 & 3440 W FLAGSTAFF AVE","VISALIA",CA,93291,"TULARE","(559) 527-8245","MOYER, JEFF","NORTHWEST VISALIA SNR HOUSING; MILLENIUM ADVISORS",547209004,"RESIDENTIAL CARE ELDERLY",LICENSED,150,3/5/2020,"Vizient"
"REDWOODS, THE","40 CAMINO ALTO","MILL VALLEY",CA,94941,"MARIN","(415) 383-1600","ELENA DAVIDENKO","COMMUNITY CHURCH RETIREMENT CENTER",210102866,"RESIDENTIAL CARE ELDERLY",LICENSED,150,9/6/1980,"None"
"REGENCY PALMS COLTON","839 FAIRWAY DRIVE","COLTON",CA,92324,"SAN BERNARDINO","(949) 222-9119","MAHLER, KEN","GLOBAL REGENCY COLTON SENIOR CARE SERVICES LLC",365530333,"RESIDENTIAL CARE ELDERLY",PENDING,150,,"None"
"SANTA ANITA ASSISTED LIVING","5600 GRACEWOOD AVENUE","TEMPLE CITY",CA,91780,"LOS ANGELES","(626) 442-8410","JOEL NIBBLET","SANTA ANITA ASSISTED LIVING",198603535,"RESIDENTIAL CARE ELDERLY",LICENSED,150,6/2/2022,"None"
"STELLAR CARE","4518 54TH STREET","SAN DIEGO",CA,92115,"SAN DIEGO","(619) 287-2920","BRANDON CHO","STELLAR CARE, INC.",374603625,"RESIDENTIAL CARE ELDERLY",LICENSED,150,7/13/2015,"Premier"
"VILLAS AT STANFORD RANCH, THE","1430 W STANFORD RANCH RD","ROCKLIN",CA,95765,"PLACER","(916) 741-7050","TYNES, GRAYSON","STANFORD SENIOR LIVING 110 LLC;SEQUOIA SR LVG LLC",342700472,"RESIDENTIAL CARE ELDERLY",LICENSED,150,2/26/2019,"None"
"VIVANTE NEWPORT CENTER","850 SAN CLEMENTE DR","NEWPORT BEACH",CA,92660,"ORANGE","(760) 547-2863","FOOTE, LIANA","VIVANTE NEWPORT CTRR LLC; INTEGRAL SR LVG MGT LLC",306006180,"RESIDENTIAL CARE ELDERLY",LICENSED,150,11/21/2022,"None"
"MORNINGSTAR ASSISTED LIVING OF WEST SAN JOSE","1380 S DEANZA BLVD","SAN JOSE",CA,95129,"SANTA CLARA","(669) 295-6500","WELCH, JOYCE","SHP VI MS SAN JOSE LLC;MORNINGSTAR SENIOR MGMT LLC",435202895,"RESIDENTIAL CARE ELDERLY",LICENSED,149,12/18/2023,"Premier"
"CLEARWATER AT GLENDORA","333 W. DAWSON AVENUE","GLENDORA",CA,91740,"LOS ANGELES","(626) 885-0140","SAMPEDRO, TAMMIE","CLEARWATER AT GLENDORA OPCO, LLC;CSL BERSHIRE OPER",198603606,"RESIDENTIAL CARE ELDERLY",LICENSED,148,2/7/2023,"None"
"OAKMONT OF SILVER CREEK","3544 SAN FELIPE ROAD","SAN JOSE",CA,95135,"SANTA CLARA","(669) 200-2443","HOLLY SUITER","OKMT OF SR LVNG OF SLVR CRK OPCO LLC;OKMT MGMT GRP",435202898,"RESIDENTIAL CARE ELDERLY",LICENSED,148,10/27/2023,"None"
"TRUEWOOD BY MERRILL, CLOVIS","675 W ALLUVIAL AVENUE","CLOVIS",CA,93611,"FRESNO","(559) 325-8400","MAZON, PAMELA","MG CLOVIS SUBTENANT LLC; MERRILL GARDENS LLC",107209035,"RESIDENTIAL CARE ELDERLY",LICENSED,148,7/13/2020,"Premier"
"ENCINO TERRACE SENIOR LIVING","16025 VENTURA BLVD.","ENCINO",CA,91436,"LOS ANGELES","(818) 986-8466","JANNAT, SHAHRZAD","ENCINO TERRACE, LLC",197610647,"RESIDENTIAL CARE ELDERLY",PENDING,146,,"Premier"
"MAGNOLIA COURT","1111 ULATIS DR","VACAVILLE",CA,95687,"SOLANO","(707) 447-7100","MOSES, CANDICE","FSL MAGNOLIA COURT LLC;FIELDS SENIOR LIVING LLC",486803822,"RESIDENTIAL CARE ELDERLY",LICENSED,146,5/1/2019,"Premier"
"MAGNOLIA PLACE","8100 WESTWOLD DRIVE","BAKERSFIELD",CA,93311,"KERN","(661) 663-8400","ANDERSON, PAUL","FSL MAGNOLIA PLACE LLC",157208940,"RESIDENTIAL CARE ELDERLY",LICENSED,146,5/1/2019,"Premier"
"OLIVE BRANCH ASSISTED LIVING, THE","10215 BALBOA BLVD.","NORTHRIDGE",CA,91325,"LOS ANGELES","(818) 368-8581","CHARLES ARRIETA","NORTH HILLS RETIREMENT HOTEL, INC.",197606902,"RESIDENTIAL CARE ELDERLY",LICENSED,146,5/28/2008,"None"
"FRIENDS HOUSE","684 BENICIA DRIVE","SANTA ROSA",CA,95409,"SONOMA","(707) 538-0152","ROBERT RUBIO","FRONT PORCH COMMUNITIES AND SERVICES",496801929,"RCFE-CONTINUING CARE RETIREMENT COMMUNITY",LICENSED,145,12/27/2006,"Vizient"
"ALMOND HEIGHTS","8685 GREENBACK LN","ORANGEVALE",CA,95662,"SACRAMENTO","(916) 542-7988","MACDONALD, STEPHEN","ALMOND HEIGHTS MSL LLC;MSL COMMUNITY MGMT LLC",342700525,"RESIDENTIAL CARE ELDERLY",LICENSED,145,3/29/2019,"Premier"
"ATRIA DEL REY","8825 BASELINE RD","RANCHO CUCAMONGA",CA,91730,"SAN BERNARDINO","(909) 989-4346","DEGUZMAN, SAMUEL","WG DEL REY SH LP; ATRIA MANAGEMENT CO LLC",366400985,"RESIDENTIAL CARE ELDERLY",LICENSED,145,9/3/1996,"Vizient"
"BONITA VILLA SENIOR LIVING","3434 BONITA ROAD","CHULA VISTA",CA,91910,"SAN DIEGO","(619) 476-9444","REBECCA TOVES","PACFICA SL CA LLC;PACIFICA BONITA LP; BONITA MGR",374604544,"RESIDENTIAL CARE ELDERLY",LICENSED,145,1/20/2023,"Premier"
"BROOKDALE MIRAGE INN","72750 COUNTRY CLUB DR","RANCHO MIRAGE",CA,92270,"RIVERSIDE","(760) 346-7772","SPAUN, JOHN","BLC MIRAGE INN LP",336410691,"RESIDENTIAL CARE ELDERLY",LICENSED,145,8/16/2005,"Premier"
"EL CERRITO ROYALE","6510 GLADYS AVENUE","EL CERRITO",CA,94530,"CONTRA COSTA","(510) 234-5200","GIVENS, SONJA","BERG SENIOR SERVICES, LLC.",75600575,"RESIDENTIAL CARE ELDERLY",LICENSED,145,6/4/2002,"Vizient"
"HILLCREST ROYALE","190 EAST HILLCREST DRIVE","THOUSAND OAKS",CA,91360,"VENTURA","(805) 371-0035","INGA JAKOBOVICH","RETIREMENT HOME, INC., THE",565800734,"RESIDENTIAL CARE ELDERLY",LICENSED,145,6/28/2002,"None"
"NAZARETH HOUSE","6333 RANCHO MISSION ROAD","SAN DIEGO",CA,92108,"SAN DIEGO","(619) 563-0480","PETROSYAN, MILENA","NAZARETH HOUSE OF SAN DIEGO, INC.",372000400,"RESIDENTIAL CARE ELDERLY",LICENSED,145,2/1/1975,"Premier"
"SAGE MOUNTAIN SENIOR LIVING","3499 GRANDE VISTA DR","THOUSAND OAKS",CA,91320,"VENTURA","(805) 375-0695","BETSY MCCOY","SAGE MOUNTAIN SR. HOUSING PARTNERS; AGEMARK MGMT",565802462,"RESIDENTIAL CARE ELDERLY",LICENSED,145,11/8/2018,"Premier"
"SFAL - THE AVENUE","1035 VAN NESS AVENUE","SAN FRANCISCO",CA,94109,"SAN FRANCISCO","(415) 776-1800","WONG, TERESA","SAN FRANCISCO CARE CENTER, LP / MEL LEE MGMT, INC.",385600277,"RESIDENTIAL CARE ELDERLY",LICENSED,145,11/5/2004,"None"
"SILVERGATE FALLBROOK RETIREMENT RESIDENCE","420 ELBROOK DRIVE","FALLBROOK",CA,92028,"SAN DIEGO","(760) 728-8880","PATRICIA A MARTINEZ","AMERICARE HEALTH & RETIREMENT INC.,",374600907,"RESIDENTIAL CARE ELDERLY",LICENSED,145,2/18/2000,"Premier"
"VILLA SORRENTO","23450 MADISON","TORRANCE",CA,90505,"LOS ANGELES","(310) 539-6826","CARLA CHAN","MADISON RETIREMENT FACILITY, INC.",191600749,"RESIDENTIAL CARE ELDERLY",LICENSED,145,5/2/1989,"Premier"
"CARROLL'S RESIDENTIAL CARE","655 S MOLLISON AVE","EL CAJON",CA,92020,"SAN DIEGO","(619) 444-3181","MEYERS, BRYAN","THARON SAN DIEGO, LLC",374604690,"RESIDENTIAL CARE ELDERLY",LICENSED,144,7/19/2023,"Premier"
"OAKMONT OF VALENCIA","24070 COPPER HILL DRIVE","VALENCIA",CA,91354,"LOS ANGELES","(661) 568-6080","MYLA BELSON","OAKMONT SR. LVNG. OF VALENCIA OPCO, LLC: OAKMONT",197610183,"RESIDENTIAL CARE ELDERLY",LICENSED,144,9/21/2021,"Vizient"
"PALMS RETIREMENT CENTER","312 N ROOSEVELT AVE","FULLERTON",CA,92832,"ORANGE","(626) 353-4710","BARRIENTOS, ELEANOR","PALMS RETIREMENT CENTER INC",306006071,"RESIDENTIAL CARE ELDERLY",LICENSED,144,2/16/2022,"None"
"SKYPARK MANOR","5510 SKY PARKWAY","SACRAMENTO",CA,95823,"SACRAMENTO","(916) 422-5650","RICHARDSON, SHERRY","SKYPARK MANOR, LLC",342701097,"RESIDENTIAL CARE ELDERLY",LICENSED,144,11/3/2021,"None"
"VILLAS AT SAN BERNARDINO","2985 N G STREET","SAN BERNARDINO",CA,92405,"SAN BERNARDINO","(323) 475-1800","CARLTON, KENYA","VILLAS AT SAN BERNARDINO, LLC",365530213,"RESIDENTIAL CARE ELDERLY",LICENSED,144,9/30/2024,"Premier, Vizient"
"WOODLAKE, THE","1445 EXPO PARKWAY","SACRAMENTO",CA,95815,"SACRAMENTO","(916) 604-3780","PETER BLANCHARD","WOODLAKE CARE GROUP LLC;ONELIFE SENIOR LVNG LLC",342700594,"RESIDENTIAL CARE ELDERLY",LICENSED,144,6/8/2020,"Premier"
"WOODLAKE, THE","1445 EXPO PARKWAY","SACRAMENTO",CA,95815,"SACRAMENTO","(916) 472-5773","NICHOLS, MARTIN","OCC-SACRAMENTO, LLC; ONELIFE, LLC",342701551,"RESIDENTIAL CARE ELDERLY",PENDING,144,,"None"
"ARTESIA CHRISTIAN HOME","11614 EAST 183RD STREET","ARTESIA",CA,90701,"LOS ANGELES","(562) 865-5218","MICHELLE ROBISON","ARTESIA CHRISTIAN HOME, INC.",191500146,"RCFE-CONTINUING CARE RETIREMENT COMMUNITY",LICENSED,143,7/1/1971,"Vizient"
"ATRIA PARK OF VINTAGE HILLS","41780 BUTTERFIELD STAGE RD","TEMECULA",CA,92592,"RIVERSIDE","(951) 506-5555","MARIANO Q. HERNANDEZ","VENTAS AOC OPERATING HOLDINGS; ATRIA MANAGEMENT CO",336426083,"RESIDENTIAL CARE ELDERLY",LICENSED,143,6/30/2014,"Premier"
"CHATEAU AT RIVER'S EDGE, THE","641 FEATURE DR","SACRAMENTO",CA,95825,"SACRAMENTO","(916) 921-1970","MARIANNE R RICHARDSON","RIVER'S EDGE OPCO LLC; SRG SACRAMENTO MGT LLC",342700579,"RESIDENTIAL CARE ELDERLY",LICENSED,143,10/25/2019,"None"
"ESCONDIDO SENIOR LIVING","1351 E WASHINGTON AVE","ESCONDIDO",CA,92027,"SAN DIEGO","(760) 741-3055","SHAUN MCGUIRK","PACIFICA NORTH CNTY & PAC N CNTY; NORTH COUNTY MGR",374603451,"RESIDENTIAL CARE ELDERLY",LICENSED,143,11/1/2013,"Premier"
"ATRIA RANCHO MIRAGE","34560 BOB HOPE DRIVE","RANCHO MIRAGE",CA,92270,"RIVERSIDE","(760) 770-7737","MONIQUE MOREIRA","AOC CA OPCO GP PTR,GP OF AOC RANCHO MIRAGE; ATRIA",331880734,"RESIDENTIAL CARE ELDERLY",LICENSED,142,9/24/2019,"None"
"DOMINICAN OAKS","3400 PAUL SWEET ROAD","SANTA CRUZ",CA,95065,"SANTA CRUZ","(831) 462-6257","KATHERINE WILL","DOMINICAN OAKS CORPORATION",440708773,"RESIDENTIAL CARE ELDERLY",LICENSED,142,5/22/1991,"Premier"
"ELIM SILVERTOWN","1126 S. WESTMORELAND AVE.","LOS ANGELES",CA,90006,"LOS ANGELES","(213) 736-7777","CHA, TAMMIE","ELIM SILVERTOWN, INC.",198603774,"RESIDENTIAL CARE ELDERLY",LICENSED,142,2/14/2025,"None"
"IVY PARK AT HUNTINGTON BEACH","7401 & 7351 YORKTOWN AVE.","HUNTINGTON BEACH",CA,92648,"ORANGE","(714) 536-3032","REAMER-YU, BRYAN","TRANSFORMER OPCO LLC;OAKMONT MANAGEMENT GROUP LLC",306006456,"RESIDENTIAL CARE ELDERLY",LICENSED,142,11/5/2024,"None"
"OAKMONT OF WESTPARK","2400 PLEASANT GROVE BLVD.","ROSEVILLE",CA,95747,"PLACER","(916) 545-8904","FLECK, BARBARA","WELL OAK TENANT LLC;OAKMONT MANAGEMENT GROUP LLC",315002955,"RESIDENTIAL CARE ELDERLY",LICENSED,142,2/3/2023,"Vizient"
"PARK VIEW PLACE","1054 PARK VIEW DRIVE","COVINA",CA,91724,"LOS ANGELES","(626) 885-1800","LEEANN HEFNER","OAKMONT OF COVINA LLC;WELLQUEST LIVING LLC",198603545,"RESIDENTIAL CARE ELDERLY",LICENSED,142,8/3/2022,"Premier"
"PINES, THE","500 W RANCHVIEW DRIVE","ROCKLIN",CA,95765,"PLACER","(916) 672-5019","HENRY COLE","MG ROCKLIN MGMT CA,LLC;MERRILL GARDENS, LLC",312700739,"RESIDENTIAL CARE ELDERLY",LICENSED,142,10/20/2020,"None"
"SUNRISE ASSISTED LIVING OF HERMOSA BEACH","1837 PACIFIC COAST HWY","HERMOSA BEACH",CA,90254,"LOS ANGELES","(310) 937-0959","ERIC K MENSAH","WELLTOWER OPCO GROUP; SUNRISE SENIOR LIVING MGT",198602887,"RESIDENTIAL CARE ELDERLY",LICENSED,142,4/24/2018,"None"
"CAMARILLO SENIOR LIVING","6000 SANTA ROSA ROAD","CAMARILLO",CA,93012,"VENTURA","(805) 388-8086","GENA GRUNDEIS","ACSR LLC",565850142,"RCFE-CONTINUING CARE RETIREMENT COMMUNITY",LICENSED,140,6/1/2021,"Premier"
"ATRIA GRAND OAKS","2177 E THOUSAND OAKS BLVD","THOUSAND OAKS",CA,91362,"VENTURA","(805) 370-5400","EDEN TOLENTINO","WG GO GP LLC; ATRIA MANAGEMENT CO LLC",565801876,"RESIDENTIAL CARE ELDERLY",LICENSED,140,3/25/2014,"Premier, Vizient"
"ATRIA LAS POSAS","24 LAS POSAS RD","CAMARILLO",CA,93010,"VENTURA","(805) 987-9872","AMBER WINTERSTEIN","WG LAS POSAS SH LP; ATRIA MANAGEMENT CO LLC",565800476,"RESIDENTIAL CARE ELDERLY",LICENSED,140,6/25/1999,"Vizient"
"ATRIA SAN JUAN","32353 SAN JUAN CREEK RD","SAN JUAN CAPISTRANO",CA,92675,"ORANGE","(949) 661-1220","JAMES CRADDOCK","WG CHATEAU SAN JUAN SH LP; ATRIA MANAGEMENT CO LLC",306000347,"RESIDENTIAL CARE ELDERLY",LICENSED,140,5/28/1996,"Vizient"
"BROOKDALE ANAHEIM","200 N DALE ST","ANAHEIM",CA,92801,"ORANGE","(714) 761-5771","TROY BYINGTON","SUMMERVILLE AT FAIRWOOD MANOR LLC; EMERITUS CORP",306002915,"RESIDENTIAL CARE ELDERLY",LICENSED,140,7/14/2005,"Premier, Vizient"
"BROOKDALE CHANATE","3250 CHANATE RD","SANTA ROSA",CA,95404,"SONOMA","(707) 575-7503","PATRICIA GUSTIN","BKD ARBORS OF SANTA ROSA LLC",496803241,"RESIDENTIAL CARE ELDERLY",LICENSED,140,3/26/2010,"Premier"
"BROOKDALE GARDEN GROVE","10200 CHAPMAN AVE","GARDEN GROVE",CA,92840,"ORANGE","(714) 636-6453","JERI MILES","SUMMERVILLE AT COBBCO INC; EMERITUS CORPORATION",306000831,"RESIDENTIAL CARE ELDERLY",LICENSED,140,8/25/1998,"Premier, Vizient"
"BROOKDALE NORTH EUCLID","1031 N EUCLID AVE","ONTARIO",CA,91762,"SAN BERNARDINO","(909) 391-2622","LISA TO","SUMMERVILLE AT COBBCO INC; EMERITUS CORPORATION",366402583,"RESIDENTIAL CARE ELDERLY",LICENSED,140,8/22/1998,"Premier, Vizient"
"CITRUS PLACE","7898 CALIFORNIA AVENUE","RIVERSIDE",CA,92504,"RIVERSIDE","(951) 687-2241","VICKY TORRES","RIVERSIDE MSL LLC ; MSL COMMUNITY MNAGEMENT LLC",331880924,"RESIDENTIAL CARE ELDERLY",LICENSED,140,11/17/2020,"Premier"
"FREMONT HILLS","35490 MISSION BLVD","FREMONT",CA,94536,"ALAMEDA","(510) 796-4200","VIRAY, BERNADETTE M","FREMONT HILLS SR HOUSING; ATSC II LLC",19200761,"RESIDENTIAL CARE ELDERLY",LICENSED,140,11/29/2018,"None"
"IVY PARK AT SAN JOSE","4855 SAN FELIPE ROAD","SAN JOSE",CA,95135,"SANTA CLARA","(408) 223-1312","NEVAREZ, KARINA","WELL IVY 6 TENANT LLC;OAKMONT MANAGEMENT GROUP LLC",435202847,"RESIDENTIAL CARE ELDERLY",LICENSED,140,5/6/2022,"None"
"IVY PARK OF ROSEVILLE","5161 FOOTHILLS BLVD.","ROSEVILLE",CA,95747,"PLACER","(916) 780-3330","TORRES, NEAL","WELL OAK TENANT LLC; OAKMONT MGMT. GROUP LLC",315002954,"RESIDENTIAL CARE ELDERLY",LICENSED,140,1/11/2023,"None"
"KATELLA SENIOR LIVING COMMUNITY","3952 KATELLA AVE","LOS ALAMITOS",CA,90720,"ORANGE","(562) 596-2773","PERALEZ, JON","RIGBY CREEK SENIOR LIVING INC",306006591,"RESIDENTIAL CARE ELDERLY",LICENSED,140,4/1/2025,"Premier"
"KATELLA SENIOR LIVING COMMUNITY","3952 KATELLA AVENUE","LOS ALAMITOS",CA,90720,"ORANGE","(562) 596-2773","CHRISTINE GREENWAY","KTLA PROPERTIES",300602548,"RESIDENTIAL CARE ELDERLY",LICENSED,140,12/22/1978,"None"
"LANDMARK VILLA","21000 MISSION BLVD.","HAYWARD",CA,94541,"ALAMEDA","(510) 276-2872","DIANE PEDERSON","HCRC, INC",15601501,"RESIDENTIAL CARE ELDERLY",LICENSED,140,9/1/2012,"Premier"
"MARBELLA ANAHEIM","200 N. DALE STREET","ANAHEIM",CA,92801,"ORANGE","(657) 644-3887","BYINGTON, TROY","VOP ANAHEIM LP;INTEGRAL SENIOR LIVING MGMT. LLC",306006723,"RESIDENTIAL CARE ELDERLY",PENDING,140,,"None"
"OAKMONT OF REDDING","2150 BECHELLI LANE","REDDING",CA,96002,"SHASTA","(530) 395-5900","SLINKARD, KAREN","WELLTOWER REDDING TENANT LLC; OAKMONT MGMT GRP LLC",455002743,"RESIDENTIAL CARE ELDERLY",LICENSED,140,4/20/2020,"Vizient"
"OAKMONT OF RIVERPARK","901 TOWN CENTER DRIVE","OXNARD",CA,93036,"VENTURA","(805) 940-0390","KAILEY VANDERWALL","OAKMONT SR. LVNG. OF OXNARD OPCO, LLC;ET AL",565850168,"RESIDENTIAL CARE ELDERLY",LICENSED,140,10/20/2021,"None"
"OAKMONT OF SAN ANTONIO HEIGHTS","2419 N EUCLID AVE","UPLAND",CA,91786,"SAN BERNARDINO","(909) 981-4002","SAMUEL DE GUZMAN","HCRI OF UPLAND TENANT; OAKMONT MANAGEMENT GROUP",366426338,"RESIDENTIAL CARE ELDERLY",LICENSED,140,7/24/2014,"Vizient"
"REMINGTON CLUB II","16922 HIERBA DRIVE","SAN DIEGO",CA,92128,"SAN DIEGO","(858) 673-6333","TERRI BOSTIAN","SNH CAL TENANT LLC; FVE MANAGERS, INC",374604232,"RESIDENTIAL CARE ELDERLY",LICENSED,140,1/24/2020,"None"
"SANTA MARIA TERRACE","1405 E MAIN ST","SANTA MARIA",CA,93454,"SANTA BARBARA","(805) 925-8713","ENRIQUEZ, SANJUANA","OCEANO SENIOR LIVING, INC.",425850025,"RESIDENTIAL CARE ELDERLY",LICENSED,140,10/1/2019,"None"
"SUNRISE AT STERLING CANYON","25815 MCBEAN PKWY","VALENCIA",CA,91355,"LOS ANGELES","(661) 253-3551","BERRY, TAMARA","SZR STERLING CANYON AL; SUNRISE SENIOR LIVING MGT",197603807,"RESIDENTIAL CARE ELDERLY",LICENSED,140,10/24/2002,"Premier"
"TROUSDALE, THE","1600 TROUSDALE DR","BURLINGAME",CA,94010,"SAN MATEO","(650) 443-3700","CHU, SYLVIA","PENINSULA HEALTH CARE DIST FIN; ESKATON PROPERTIES",415601015,"RESIDENTIAL CARE ELDERLY",LICENSED,140,12/21/2018,"Premier"
"SUNRISE OF ORANGE","1301 E LINCOLN AVENUE","ORANGE",CA,92865,"ORANGE","(710) 450-4645","BAGHERI, TINA","SUNRISE OF ORANGE OPCO LLC; SUNRISE SENIOR ET AL",306006300,"RESIDENTIAL CARE ELDERLY",LICENSED,139,4/24/2023,"None"
"AVANTGARDE SENIOR LIVING OF TARZANA","5645 LINDLEY AVENUE","TARZANA",CA,91356,"LOS ANGELES","(818) 881-0055","CAROLINA GARCIA-TREJO","AVANTGARDE SENIOR LIVING",197608081,"RESIDENTIAL CARE ELDERLY",LICENSED,138,1/27/2011,"None"
"IVY AT BERKELEY, THE","2000 DWIGHT WAY","BERKELEY",CA,94704,"ALAMEDA","(510) 900-8959","STICKA, ANGELES","SHP IV MS BERKELEY LLC;OAKMONT MANGEMENT GROUP LLC",19201506,"RESIDENTIAL CARE ELDERLY",LICENSED,138,5/13/2025,"None"
"PINNACLES AT BURTON, THE","8757 BURTON WAY","LOS ANGELES",CA,90048,"LOS ANGELES","(310) 278-8323","CHANEL ANN SANCHEZ","BURTON WAY CARMEL, INC; CALSON CARE NORTH LLC",197602370,"RESIDENTIAL CARE ELDERLY",LICENSED,138,7/27/1999,"None"
"WESTMONT OF CARMEL VALLEY","5720 OLD CARMEL ROAD","SAN DIEGO",CA,92130,"SAN DIEGO","(858) 465-7356","BOEDDEKER, ALLEN","WESTMONT LVING INC. WM CARMEL VALLEY MGR GP LLC CA",374604692,"RESIDENTIAL CARE ELDERLY",LICENSED,138,11/30/2023,"None"
"ALDERSLY","326 MISSION AVENUE","SAN RAFAEL",CA,94901,"MARIN","(415) 453-7425","MIKE SHARKEY","ALDERSLY/LIFE CARE SERVICES,LLC",216801686,"RCFE-CONTINUING CARE RETIREMENT COMMUNITY",LICENSED,137,11/5/2004,"Premier"
"CLEARWATER AT SOUTH BAY","3210 & 3212 W SEPULVEDA BLVD","TORRANCE",CA,90505,"LOS ANGELES","(424) 488-6340","PAUL GOZON","CSB LLC; HSRE-CLEARWATER II TRS; CSL BERKSHIRE LLC",198603118,"RESIDENTIAL CARE ELDERLY",LICENSED,137,8/29/2019,"None"
"IVY PARK AT MURRIETA","27100 CLINTON KEITH ROAD","MURRIETA",CA,92562,"RIVERSIDE","(951) 477-5678","BORJA, JINA L.","RIVERSIDE CARE GROUP, LLC;OAKMONT MGMT. GRP. LLC",331881095,"RESIDENTIAL CARE ELDERLY",LICENSED,137,5/4/2021,"Premier, Vizient"
"IVY PARK AT OTAY RANCH","1290 SANTA ROSE DRIVE","CHULA VISTA",CA,91913,"SAN DIEGO","(619) 779-7400","CALAIS ANGUIANO","OTAY TENANT LLC AND OAKMONT MANAGEMENT GROUP LLC",374604455,"RESIDENTIAL CARE ELDERLY",LICENSED,137,8/25/2021,"Premier, Vizient"
"ATRIA TARZANA","5325 ETIWANDA AVENUE","TARZANA",CA,91356,"LOS ANGELES","(818) 483-6827","IRMA ARTEAGA","WG TARZANA, LP; ATRIA MANAGEMENT COMPANY, LLC",197610142,"RESIDENTIAL CARE ELDERLY",LICENSED,136,8/20/2021,"Premier"
"BALANCE ASSISTED LIVING AND MEMORY CARE","1321 S. FAIRMONT AVENUE","LODI",CA,95240,"SAN JOAQUIN","(559) 313-8062","RACHELLE REYES","IRIS VND PARTNERS LLC/PREMIER SR LIVING MGMT LLC",392701388,"RESIDENTIAL CARE ELDERLY",LICENSED,136,1/2/2025,"Premier"
"CARLTON SENIOR LIVING ORANGEVALE","8773 OAK RD","ORANGEVALE",CA,95662,"SACRAMENTO","(916) 988-2200","DIRAR, EMANUEL","CARLTON SENIOR LIVING LLC;CARLTON OPERATIONS ET AL",345002805,"RESIDENTIAL CARE ELDERLY",LICENSED,136,11/17/2021,"Premier"
"COUNTRY VIEW ASSISTED LIVING","824 W. CAMERON AVE","W. COVINA",CA,91790,"LOS ANGELES","(626) 962-3511","SAMUEL DEUTSCH","EMES MANAGEMENT, INC.",198603183,"RESIDENTIAL CARE ELDERLY",LICENSED,136,7/2/2019,"None"
"CREEKVIEW ASSISTED LIVING","2900 STONERIDGE DRIVE","PLEASANTON",CA,94588,"ALAMEDA","(925) 353-5717","PATRICK D. MCELROY","CREEKVIEW HC LLC",19200521,"RESIDENTIAL CARE ELDERLY",LICENSED,136,1/13/2015,"Premier"
"IVY PARK AT BRADFORD","1180 N BRADFORD AVE","PLACENTIA",CA,92870,"ORANGE","(714) 996-9292","RUZICA CALABRESE","WELL IVY 6 TENANT LLC; OAKMONT MANAGMNT GROUP LLC",306006069,"RESIDENTIAL CARE ELDERLY",LICENSED,136,3/25/2022,"Premier"
"OAKMONT OF LODI","2905 REYNOLDS RANCH PARKWAY","LODI",CA,95240,"SAN JOAQUIN","(209) 310-1512","ARMSTRONG, ANDREA","OAKMONT SENIOR LIVING OF LODI OPCO LLC;OAKMONT MGM",392701272,"RESIDENTIAL CARE ELDERLY",LICENSED,136,10/12/2023,"Premier, Vizient"
"PLAZA AT WESTWOOD, THE","2228 WESTWOOD BLVD","LOS ANGELES",CA,90064,"LOS ANGELES","(310) 475-8861","LUZ EMMA ROSE","STA MANAGEMENT INC.",198320197,"RESIDENTIAL CARE ELDERLY",LICENSED,136,5/12/2021,"Premier"
"SUNRISE OF OCEANSIDE","4845 MESA DR","OCEANSIDE",CA,92056,"SAN DIEGO","(408) 962-2982","KIMBERLY MALASPINA","SUNRISE OF OCEANSIDE CA OPCO & SUNRISE SENIOR LIVI",374604802,"RESIDENTIAL CARE ELDERLY",LICENSED,136,4/8/2024,"None"
"WEST PICO TERRACE ASSISTED LIVING CENTER LP","6050 W PICO BLVD","LOS ANGELES",CA,90035,"LOS ANGELES","(323) 653-5565","CHRISTOPHER,MELISSA","WEST PICO TERRACE ASSISTED WELLNESS GP ET AL",197608888,"RESIDENTIAL CARE ELDERLY",LICENSED,136,5/19/2023,"Premier"
"BAYSHIRE RANCHO MIRAGE","72201 COUNTRY CLUB DRIVE","RANCHO MIRAGE",CA,92270,"RIVERSIDE","(760) 340-5999","KIRBY, SCOTT","MIRAGE CARE LLC",331881086,"RCFE-CONTINUING CARE RETIREMENT COMMUNITY",LICENSED,135,6/1/2021,"Vizient"
"GARDENS AT NORTHRIDGE, THE","17650 WEST DEVONSHIRE STREET","NORTHRIDGE",CA,91325,"LOS ANGELES","(818) 886-1616","LISA VILLASENOR","PACIFICA DEVONSHIRE LLC' DEVONSHIRE MGR LLC",197610191,"RCFE-CONTINUING CARE RETIREMENT COMMUNITY",LICENSED,135,8/9/2022,"Premier"
"COMMONS AT UNION RANCH, THE","2241 N UNION ROAD","MANTECA",CA,95336,"SAN JOAQUIN","(209) 463-9100","SHERYL BRAVO","UNION RANCH MSL LLC;MSL COMMUNITY MANAGEMENT LLC",392700366,"RESIDENTIAL CARE ELDERLY",LICENSED,135,7/26/2018,"Premier"
"ESTANCIA DEL SOL","2489 CALIFORNIA AVE","CORONA",CA,92881,"RIVERSIDE","(951) 268-9697","LISA HUNT","ESTANCIA MSL LLC;MSL COMMUNITY MANAGEMENT LLC",331880546,"RESIDENTIAL CARE ELDERLY",LICENSED,135,9/27/2018,"None"
"ROSECRANS VILLA RESIDENTIAL CARE","14110 CORDARY AVENUE","HAWTHORNE",CA,90250,"LOS ANGELES","(310) 675-9163","SANDRA LOPEZ","ROSECRANS VILLA, INC.",198204972,"RESIDENTIAL CARE ELDERLY",LICENSED,135,10/27/2006,"None"
"SKYLINE PLACE SENIOR LIVING","12877 SYLVA LANE","SONORA",CA,95370,"TUOLUMNE","(209) 288-4630","PAIS, VALERIE","VOP SKYLINE PLACE LP; MILESTONE RETIREMENT ET AL",552701305,"RESIDENTIAL CARE ELDERLY",LICENSED,135,1/16/2024,"Premier"
"SUMMERSET ASSISTED LIVING","2341 VEHICLE DR","RANCHO CORDOVA",CA,95670,"SACRAMENTO","(916) 330-1300","DANIELLE BARRY","SUMMERSET ASSISTED LIVING LLC",347005361,"RESIDENTIAL CARE ELDERLY",LICENSED,135,8/28/2014,"Premier"
"WATERMARK LAGUNA NIGUEL","27762 FORBES ROAD","LAGUNA NIGUEL",CA,92677,"ORANGE","(949) 899-8175","HOWLAND, JAMES","US ALLIANCE HOLDEN OF FORBES TENANT LLC; WATERMARK",306006360,"RESIDENTIAL CARE ELDERLY",LICENSED,135,8/17/2023,"Premier"
"WELLQUEST GRANITE BAY TENANTCO LLC","9747 SIERRA COLLEGE BLVD","GRANITE BAY",CA,95746,"PLACER","(916) 864-9800","MICHAEL TALANI","WELLQUEST GRANITE BAY TENANTCO;WELLQUEST LIVING",312700996,"RESIDENTIAL CARE ELDERLY",LICENSED,135,5/11/2021,"None"
"ATRIA EVERGREEN VALLEY","4463 SAN FELIPE ROAD","SAN JOSE",CA,95135,"SANTA CLARA","(408) 532-7677","FELICIA R BARKLEY","AOC CA OPCO GP PTR,GP OF AOC SAN FELIPE OPCO;ATRIA",435202714,"RESIDENTIAL CARE ELDERLY",LICENSED,134,9/24/2019,"Premier"
"ESKATON GOLD RIVER LODGE","11390 COLOMA RD","GOLD RIVER",CA,95670,"SACRAMENTO","(916) 852-7900","ALFREDO CRUZ","ESKATON",347001241,"RESIDENTIAL CARE ELDERLY",LICENSED,134,6/10/1999,"Premier"
"SUNRISE OF CUPERTINO","581 E FREMONT AVE","SUNNYVALE",CA,94087,"SANTA CLARA","(408) 962-2982","TAYEBEH, TINA BAGHERI","SUNRISE OF CUPERTINO OPCO & SUNRISE SENIOR LIVING",435202903,"RESIDENTIAL CARE ELDERLY",LICENSED,134,9/28/2023,"None"
"CANYON VILLAS","4282 BALBOA AVENUE","SAN DIEGO",CA,92117,"SAN DIEGO","(858) 273-1306","BOLLER, VONDA","SAN DIEGO CHRISTIAN FOUNDATION",372004738,"RESIDENTIAL CARE ELDERLY",LICENSED,133,12/5/1990,"Premier"
"KENSINGTON REDONDO BEACH, THE","801 S PACIFICA COAST HIGHWAY","REDONDO BEACH",CA,90277,"LOS ANGELES","(424) 241-2064","MAY, ROBERT","KENSINGTON REDONDO OWNER LLC; KENSINGTON ET AL",198320032,"RESIDENTIAL CARE ELDERLY",LICENSED,132,7/11/2019,"None"
"PACIFICA ROYALE ASSISTED LIVING COMMUNITY","15022 PACIFIC ST.","MIDWAY CITY",CA,92655,"ORANGE","(714) 892-4446","EDWARD MASLOBODSKY","PACIFICA ROYALE ASSISTED LIVING COMM., INC",306001848,"RESIDENTIAL CARE ELDERLY",LICENSED,132,4/23/2003,"None"
"SUMMERSET LINCOLN ASSISTED LIVING AND MEMORY CARE","567 3RD STREET","LINCOLN",CA,95648,"PLACER","(916) 409-4150","MEGAN GALLAGHER","LINCOLN SUMMERSET ALMC LLC; CARE SENIOR MANAGEMENT",312700042,"RESIDENTIAL CARE ELDERLY",LICENSED,132,2/17/2017,"None"
"SUNSHINE VILLA ASSISTED LIVING AND MEMORY CARE","80 FRONT STREET","SANTA CRUZ",CA,95060,"SANTA CRUZ","(831) 459-8400","BOLIN, CANDACE","MG SANTA CRUZ SUBTENANT LLC; MERRILL GARDENS LLC",445202756,"RESIDENTIAL CARE ELDERLY",LICENSED,132,7/30/2020,"Premier"
"MARAVILLA","5486 CALLE REAL","SANTA BARBARA",CA,93111,"SANTA BARBARA","(805) 967-1965","GRANDE, RUTH E","MARAVILLA SUBTENANT LLC; SRG MANAGMENT LLC",425801937,"RESIDENTIAL CARE ELDERLY",LICENSED,131,2/20/2015,"Premier"
"SPARR HEIGHTS ESTATES SENIOR LIVING","2640 HONOLULU AVE","MONTROSE",CA,91020,"LOS ANGELES","(818) 248-6737","LEWIS, ERNEST","EC OPCO CA PARTNER IV LLC; SH1 SHORELINE MGMT, LLC",197609594,"RESIDENTIAL CARE ELDERLY",LICENSED,131,2/27/2019,"Premier"
"TREVISTA ANTIOCH","3950 LONE TREE WAY","ANTIOCH",CA,94509,"CONTRA COSTA","(925) 470-3395","ALBERTO MALDONADO","TREG ANTIOCH I OP CO DIRECTOR LLC; AGEMARK MGT LLC",79200748,"RESIDENTIAL CARE ELDERLY",LICENSED,131,2/16/2018,"Premier, Vizient"
"VALLEY CHRISTIAN HOME","511 E. MALONE ST.","HANFORD",CA,93230,"KINGS","(559) 585-3000","ALVIDREZ, ERIN","KINGS STEWARDS INCORPORATED",160400627,"RESIDENTIAL CARE ELDERLY",LICENSED,131,6/4/1985,"Vizient"
"AASTA ASSISTED LIVING","903 CARMEN DRIVE","CAMARILLO",CA,93010,"VENTURA","(805) 586-4191","REYES, MONICA","NANDINI ASSISTED LIVING INC",565850158,"RESIDENTIAL CARE ELDERLY",LICENSED,130,5/1/2021,"Premier"
"ATRIA PARK OF LAFAYETTE","1545 PLEASANT HILL RD","LAFAYETTE",CA,94549,"CONTRA COSTA","(925) 932-9910","ANTHONY, KAWANA","WG COUNTRYWOOD LP; ATRIA MANAGEMENT CO LLC",79200326,"RESIDENTIAL CARE ELDERLY",LICENSED,130,3/21/2014,"None"
"BRASWELL'S MEDITERRANEAN GARDENS","12295 4TH STREET","YUCAIPA",CA,92399,"SAN BERNARDINO","(909) 797-1131","LYNETTE HUMPHREY","BRASWELL, JAMES W.",360900521,"RESIDENTIAL CARE ELDERLY",LICENSED,130,12/6/1993,"Premier"
"BROOKDALE FOLSOM","780 HARRINGTON WAY","FOLSOM",CA,95630,"SACRAMENTO","(916) 983-9300","SHARI KRANIG","EMERITUS CORPORATION",347005467,"RESIDENTIAL CARE ELDERLY",LICENSED,130,7/31/2014,"Premier, Vizient"
"BROOKDALE REDWOOD CITY","485 WOODSIDE RD","REDWOOD CITY",CA,94061,"SAN MATEO","(650) 366-3900","MONICA CERON TAPIA","BLC-WOODSIDE TERRACE LP",415600874,"RESIDENTIAL CARE ELDERLY",LICENSED,130,1/27/2015,"Premier"
"CALIFORNIAN, THE","1224 COTTONWOOD STREET","WOODLAND",CA,95695,"YOLO","(530) 666-2433","VALADEZ, FERNANDO","1224 COTTONWOOD ASSOCIATES",570316115,"RESIDENTIAL CARE ELDERLY",LICENSED,130,12/30/1991,"None"
"CARLISLE-IVY SIGNATURE LIVING, THE","1450 POST ST","SAN FRANCISCO",CA,94109,"SAN FRANCISCO","(415) 929-0200","STEPHANIE SCHMAUTZ","SUNRISE CARLISLE GP LLC; OAKMONT MGMT. GROUP LLC",385600359,"RESIDENTIAL CARE ELDERLY",LICENSED,130,8/1/2006,"None"
"CORNERSTONE ASSISTED LIVING","40 ORANGE TREE CIRCLE","VACAVILLE",CA,95687,"SOLANO","(707) 999-5029","SHELLEY REYES","FJ LAND CO., LLC",486803484,"RESIDENTIAL CARE ELDERLY",LICENSED,130,1/6/2014,"None"
"CRESTON VILLAGE ASSISTED LIVING AND MEMORY CARE","1919 CRESTON ROAD","PASO ROBLES",CA,93446,"SAN LUIS OBISPO","(805) 239-1313","ADAM BRAMWELL","WELLTOWER PEGASUS TENANT LLC; PSL ASSOCIATES LLC",405850010,"RESIDENTIAL CARE ELDERLY",LICENSED,130,2/1/2019,"Premier"
"DRAKE TERRACE","275 LOS RANCHITOS ROAD","SAN RAFAEL",CA,94903,"MARIN","(415) 491-1935","SHAWN MOONEY","KC DRAKE TERRACE,GP OF KRC SAN RAFAEL LP; KISCO SL",216801028,"RESIDENTIAL CARE ELDERLY",LICENSED,130,12/6/2001,"Premier, Vizient"
"FAIRWINDS - WEST HILLS","8138 WOODLAKE AVE","WEST HILLS",CA,91304,"LOS ANGELES","(818) 713-0900","ELVIS GUTIERREZ","WHILLS LLC",197603296,"RESIDENTIAL CARE ELDERLY",LICENSED,130,6/22/2001,"Premier, Vizient"
"FOUNTAIN SQUARE OF LOMPOC","1420 W NORTH AVENUE","LOMPOC",CA,93436,"SANTA BARBARA","(805) 736-1234","MURRAY, ROBIN","THARON LOMPOC, LLC",425850365,"RESIDENTIAL CARE ELDERLY",LICENSED,130,12/13/2023,"Premier"
"GROVE, THE","7444 NORTH CEDAR AVE","FRESNO",CA,93720,"FRESNO","(801) 815-0808","BREWER, NORSHELL","OAKMONT OF FRESNO LLC; WELLQUEST LIVING LLC (MGR)",107209324,"RESIDENTIAL CARE ELDERLY",LICENSED,130,5/24/2023,"Premier"
"IVY PARK AT BURBANK","2721 WILLOW STREET","BURBANK",CA,91505,"LOS ANGELES","(818) 954-9500","BRITTNEY BUCHANNAN","BURBANK SUBTENANT LP;OAKMONT MANAGEMENT GRP, LLC",197609362,"RESIDENTIAL CARE ELDERLY",LICENSED,130,10/1/2018,"None"
"LA VIDA DEL MAR","850 DEL MAR DOWNS RD","SOLANA BEACH",CA,92075,"SAN DIEGO","(858) 755-1224","GENO, SCOTTIE","LA VIDA DEL MAR ASSOCIATES; SRG SERVCO MANAGEMENT",374602832,"RESIDENTIAL CARE ELDERLY",LICENSED,130,2/11/2009,"Premier"
"MANTECA ASSISTED LIVING","1130 EMPIRE AVE","MANTECA",CA,95336,"SAN JOAQUIN","(209) 239-4531","PARRA, EDGAR","MANTECA COMMUNITY HEALTHCARE LLC",392701580,"RESIDENTIAL CARE ELDERLY",PENDING,130,,"Premier, Vizient"
"MARBELLA REDWOOD CITY","485 WOODSIDE RD","REDWOOD CITY",CA,94061,"SAN MATEO","(650) 366-3900","CERON, MONICA","VOP REDWOOD CITY, LP & INTEGRAL SENIOR LIVING MANA",415601200,"RESIDENTIAL CARE ELDERLY",PENDING,130,,"None"
"PRESTIGE ASSISTED LIVING AT MANTECA","1130 EMPIRE AVE.","MANTECA",CA,95336,"SAN JOAQUIN","(209) 239-4531","EDGAR PARRA","MANTECA VENTURES ALF& MANTECA COMMUNITY HEALTHCARE",397004125,"RESIDENTIAL CARE ELDERLY",LICENSED,130,9/8/2008,"Vizient"
"SAN CARLOS ELMS","707 ELM STREET","SAN CARLOS",CA,94070,"SAN MATEO","(650) 595-1500","EVANS, SCOTT","SAN CARLOS DEVELOPMENT CORPORATION",415600135,"RESIDENTIAL CARE ELDERLY",LICENSED,130,6/4/1998,"Premier, Vizient"
"SAVANT OF WEST HOLLYWOOD","1025 N FAIRFAX AVE","LOS ANGELES",CA,90046,"LOS ANGELES","(323) 656-7900","ADAM SYNCHEFF","FAIRFAX GARDENS OPERATIONS, LLC",197610403,"RESIDENTIAL CARE ELDERLY",LICENSED,130,7/28/2023,"None"
"SEVILLE OF SAN CLEMENTE, THE","2421 CALLE FRONTERA","SAN CLEMENTE",CA,92673,"ORANGE","(760) 382-3463","TELLES, JUSTIN","HSBT SAN CLEMENTE LLC; MOMENTUM SENIOR LIVING LLC",306006584,"RESIDENTIAL CARE ELDERLY",LICENSED,130,8/28/2024,"None"
"VILLA SCALABRINI RETIREMENT CENTER","10631 VINEDALE STREET","SUN VALLEY",CA,91352,"LOS ANGELES","(818) 768-6500","ADILSO LUIZ BALEN","FATHERS OF ST. CHARLES",191201168,"RESIDENTIAL CARE ELDERLY",LICENSED,130,7/30/1993,"Premier"
"VISTA AT SIMI VALLEY","1236 ERRINGER ROAD","SIMI VALLEY",CA,93065,"VENTURA","(805) 351-8802","LEWIS, MADISON","VISTA AT SIMI VALLEY LLC; VISTA SENIOR MGMT LLC",565850067,"RESIDENTIAL CARE ELDERLY",LICENSED,130,11/24/2020,"Premier"
"WILDWOOD CANYON VILLA","33951 COLORADO ST","YUCAIPA",CA,92399,"SAN BERNARDINO","(909) 446-0405","BARRERA, WENDY","CSL-YUCAIPA, LLC; COMPASS SENIOR LIVING, LLC",361881019,"RESIDENTIAL CARE ELDERLY",LICENSED,130,3/11/2021,"Premier, Vizient"
"WILLOW VIEW GARDENS MEMORY CARE & ASSISTED LIVING","2025 N BUSH ST","SANTA ANA",CA,92706,"ORANGE","(714) 541-3357","ESPINAL, ALMA","ALL HEALTH HOLDINGS CORP",306006204,"RESIDENTIAL CARE ELDERLY",LICENSED,130,11/4/2022,"Premier"
"WINDSOR COURT ASSISTED LIVING","201 S. SUNRISE WAY","PALM SPRINGS",CA,92262,"RIVERSIDE","(760) 327-8351","AURELIEN FRUIT","WINDSOR COURT ASSISTED LIVING, LLC",336403366,"RESIDENTIAL CARE ELDERLY",LICENSED,130,3/28/2000,"Premier, Vizient"
"OAKMONT OF EL DORADO HILLS","2020 TOWN CENTER WEST WAY","EL DORADO HILLS",CA,95762,"EL DORADO","(916) 467-8330","ROGERS, CHAD","WELLTOWER PORTFOLIO TENANT LLC;OAKMONT MGMT",92700750,"RESIDENTIAL CARE ELDERLY",LICENSED,129,8/17/2020,"Vizient"
"BROOKDALE DIABLO LODGE","950 DIABLO ROAD","DANVILLE",CA,94526,"CONTRA COSTA","(925) 838-8300","GRADY, WILLIAM","EMERITUS CORPORATION",79200382,"RESIDENTIAL CARE ELDERLY",LICENSED,128,7/31/2014,"Premier"
"BROOKDALE SANTA MONICA GARDENS","851 2ND ST","SANTA MONICA",CA,90403,"LOS ANGELES","(310) 393-2260","RALPH BALBIN","BLC GARDENS-SANTA MONICA LH LLC",197606682,"RESIDENTIAL CARE ELDERLY",LICENSED,128,6/26/2006,"Premier"
"CARLTON PLAZA OF FREMONT","3800 WALNUT AVENUE","FREMONT",CA,94538,"ALAMEDA","(510) 505-0555","AMARI, GIANNI","CARLTON SENIOR LIVING, LLC",15600118,"RESIDENTIAL CARE ELDERLY",LICENSED,128,1/15/1997,"Premier"
"GOLDEN ASSISTED LIVING","14060 ASTORIA ST","SYLMAR",CA,91342,"LOS ANGELES","(818) 367-1947","LOPEZ, MONIQUE","GOLDEN LIVING IN SYLMAR INC",197609621,"RESIDENTIAL CARE ELDERLY",LICENSED,128,1/30/2019,"Vizient"
"KINGSTON BAY SENIOR LIVING","6161 W SPRUCE AVE","FRESNO",CA,93722,"FRESNO","(559) 479-4700","DENNIS, SARAH","FRESNO SR. HOUSING PTRS; AGEMARK MGMT LLC",107206939,"RESIDENTIAL CARE ELDERLY",LICENSED,128,6/29/2016,"Premier"
"OAKMONT OF FAIR OAKS","8484 MADISON AVE.","FAIR OAKS",CA,95628,"SACRAMENTO","(916) 633-1001","POUYA ANSARI","OAKMONT SR. LVNG OF FAIR OAKS OPCO; OAKMONT MGMT",345002797,"RESIDENTIAL CARE ELDERLY",LICENSED,128,7/27/2021,"Vizient"
"VISTA ROSEVILLE SENIOR LIVING","100 STERLING CT","ROSEVILLE",CA,95661,"PLACER","(916) 786-7200","KIMBRO, SHERI","S-H OPCO THE PALMS LLC;VISTA ROSEVILLE SEN LIV IN",317005513,"RESIDENTIAL CARE ELDERLY",LICENSED,128,8/29/2014,"Premier"
"VISTA ROSEVILLE SENIOR LIVING","100 STERLING COURT","ROSEVILLE",CA,95661,"PLACER","(916) 786-7200","KIMBRO, SHERI","VISTA ROSEVILLE SENIOR LIVING INC",315920292,"RESIDENTIAL CARE ELDERLY",PENDING,128,,"None"
"CARMEL VILLAGE AT CLOVIS","1650 SHAW AVENUE","CLOVIS",CA,93611,"FRESNO","(559) 297-4900","POPE, LINDA","GENCLOVIS LLC; GENERATIONS-CA LLC",107208995,"RESIDENTIAL CARE ELDERLY",LICENSED,127,9/26/2019,"None"
"IVY PARK AT WOODLAND HILLS","20461 VENTURA BLVD.","WOODLAND HILLS",CA,91364,"LOS ANGELES","(818) 346-9046","O'GRADY, PATRICE","TRANSFORMER OPCO LLC;OAKMONT MANAGEMENT GROUP LLC",195850423,"RESIDENTIAL CARE ELDERLY",LICENSED,127,7/31/2024,"Vizient"
"OAKMONT OF REDWOOD CITY","1 EAST SELBY LANE","REDWOOD CITY",CA,94063,"SAN MATEO","(650) 885-7992","SIOBHAN SURRACO","SUNRISE OF REDWOOD OPCO LLC; OAKMONT MGMT. GRP LLC",415601114,"RESIDENTIAL CARE ELDERLY",LICENSED,127,12/28/2021,"Vizient"
"REGENCY PALMS OXNARD","1020 BISMARK WAY","OXNARD",CA,93033,"VENTURA","(805) 247-0227","KENNETH MAHLER","GL REGENCY OXNARD SENIOR CARE SERVICE, LLC",565850112,"RESIDENTIAL CARE ELDERLY",LICENSED,127,1/27/2021,"None"
"SUNRISE OF BEVERLY HILLS","201 NORTH CRESCENT DRIVE","BEVERLY HILLS",CA,90210,"LOS ANGELES","(310) 274-4479","ZACHARY MICHAEL HOWELL","SJV 1 BEVERLY HILLS OPCO LLC ; SUNRISE ET AL",198320179,"RESIDENTIAL CARE ELDERLY",LICENSED,127,7/21/2021,"None"
"SOLHEIM SENIOR COMMUNITY","2236 MERTON AVENUE","LOS ANGELES",CA,90041,"LOS ANGELES","(323) 257-7518","MEG PIERCE","SOLHEIM LUTHERAN HOME",191802082,"RCFE-CONTINUING CARE RETIREMENT COMMUNITY",LICENSED,126,6/22/1993,"None"
"GARDEN COURT AT VILLA SANTA BARBARA","227 E. ANAPAMU STREET","SANTA BARBARA",CA,93101,"SANTA BARBARA","(805) 963-4428","ROBERT GLOCK","VENTAS SANTA BARBARA OPCO, LP; CAPITAL SR MGMT 2",425850241,"RESIDENTIAL CARE ELDERLY",LICENSED,126,3/24/2023,"None"
"MURRIETA GARDENS","24200 MONROE AVE","MURRIETA",CA,92562,"RIVERSIDE","(951) 600-7676","KAVENAUGH, BRITTANY","MURRIETA GARDENS ASSISTED LIVING LLC",331881582,"RESIDENTIAL CARE ELDERLY",LICENSED,126,10/18/2024,"None"
"OAKMONT OF TORRANCE","3620 LOMITA BLVD","TORRANCE",CA,90505,"LOS ANGELES","(424) 376-3300","JUDITH UY-VILLARUZ","OAKMONT SNR LVG OF TORRANCE OPCO;OAKMONT MGT GRP",198320250,"RESIDENTIAL CARE ELDERLY",LICENSED,126,4/7/2022,"Vizient"
"VINCENT, THE","1 LAS GALINAS AVE","SAN RAFAEL",CA,94903,"MARIN","(916) 472-8363","PARI,MANOUCHEHRI","OAKMONT OF SAN RAFAEL LLC;WELLQUEST LIVING, LLC",216804010,"RESIDENTIAL CARE ELDERLY",LICENSED,126,3/11/2022,"None"
"BAYSHIRE CARLSBAD","3140 EL CAMINO REAL","CARLSBAD",CA,92008,"SAN DIEGO","(760) 720-9898","DAYNES, THOMAS","CAMINO REAL CARE LLC",374604407,"RCFE-CONTINUING CARE RETIREMENT COMMUNITY",LICENSED,125,6/1/2021,"None"
"BAYSHIRE TORREY PINES","13101 HARTFIELD AVE","SAN DIEGO",CA,92130,"SAN DIEGO","(858) 259-2222","JEREMY DANENHAUER","HARTFIELD CARE LLC",374604784,"RCFE-CONTINUING CARE RETIREMENT COMMUNITY",LICENSED,125,4/1/2024,"Premier"
"CAPISTRANO SENIOR LIVING","31741 RANCHO VIEJO ROAD","SAN JUAN CAPISTRANO",CA,92675,"ORANGE","(844) 375-0029","BRYAN HADLEY","ASRV LLC",306005949,"RCFE-CONTINUING CARE RETIREMENT COMMUNITY",LICENSED,125,6/1/2021,"Premier"
"ACC MAPLE TREE VILLAGE","18 KADO CT","SACRAMENTO",CA,95831,"SACRAMENTO","(916) 395-7579","YESENIA JONES","ASIAN COMMUNITY CENTER OF SACRAMENTO VALLEY, INC",342700683,"RESIDENTIAL CARE ELDERLY",LICENSED,125,12/16/2019,"None"
"BETHEL ASSISTED LIVING","2325 & 2345 SCENIC DR","MODESTO",CA,95355,"STANISLAUS","(209) 577-1901","MELISSA ORELLO","TM CONCARE LLC; NORTHSTAR SENIOR LIVING INC.",502700444,"RESIDENTIAL CARE ELDERLY",LICENSED,125,4/26/2019,"None"
"CORONA RESIDENTIAL CARE CENTER LLC","1400 CIRCLE CITY DR","CORONA",CA,92879,"RIVERSIDE","(951) 735-0252","AHARON STRIKS","CORONA RESIDENTIAL CARE CENTER LLC",336427235,"RESIDENTIAL CARE ELDERLY",LICENSED,125,8/5/2015,"None"
"DISCOVERY COMMONS WHITTIER","12315 BURGESS AVENUE","WHITTIER",CA,90604,"LOS ANGELES","(562) 777-1477","CASTILLO,JOSHUA","WHITTIER CA SENIOR HOUSING, LLC; ATSC II, LLC",198603222,"RESIDENTIAL CARE ELDERLY",LICENSED,125,12/23/2019,"Premier"
"ESKATON VILLAGE ROSEVILLE","1650 ESKATON LOOP","ROSEVILLE",CA,95747,"PLACER","(916) 789-7831","RIST, ALICIA","ESKATON VILLAGE-ROSEVILLE",315002052,"RESIDENTIAL CARE ELDERLY",LICENSED,125,1/29/2008,"Premier, Vizient"
"LA MAREA SENIOR LIVING","5592 EL CAMINO REAL","CARLSBAD",CA,92008,"SAN DIEGO","(442) 325-3510","MATTHEW RYAN","CARLSBAD OPERATING LLC; INTEGRAL SNR LVG MGMT LLC",374604411,"RESIDENTIAL CARE ELDERLY",LICENSED,125,4/6/2021,"None"
"LEXINGTON ASSISTED LIVING","5440 RALSTON ST","VENTURA",CA,93003,"VENTURA","(805) 644-6710","JILL MORRIS CHAPMAN","VICTORIA VENTURA ASSISTED LIVING COMMUNITY, INC.",565850111,"RESIDENTIAL CARE ELDERLY",LICENSED,125,11/30/2020,"Premier"
"MANZANITA VILLAGE AT RANCHO BELAGO","27900 BRODIAEA AVENUE","MORENO VALLEY",CA,92555,"RIVERSIDE","(951) 379-0100","BROOKE HUERTA","MORENO VALLEY SL,I,LP; MOSAIC CA LLC",331881349,"RESIDENTIAL CARE ELDERLY",LICENSED,125,2/1/2023,"None"
"PARK MERCED","3050 M STREET","MERCED",CA,95348,"MERCED","(209) 722-3944","ELINA MOILANEN","AMIE MARCHINI GERONTOLOGIST, INC.",247202428,"RESIDENTIAL CARE ELDERLY",LICENSED,125,3/8/2011,"Vizient"
"CLEARWATER AT NORTH TUSTIN","11901 & 11905 NEWPORT AVENUE","SANTA ANA",CA,92705,"ORANGE","(714) 656-9200","JENNIFER KORNMANN","CLEARWATER AT NORTH TUSTIN, LLC: CSL BERKSHIRE OPE",306006040,"RESIDENTIAL CARE ELDERLY",LICENSED,124,11/23/2021,"None"
"DEL MAR PARK","990 EAST DEL MAR BOULEVARD","PASADENA",CA,91106,"LOS ANGELES","(626) 577-0215","RABIE BANAFSHEHA","DEL MAR PARK, LLC",198601976,"RESIDENTIAL CARE ELDERLY",LICENSED,124,1/1/2015,"None"
"LEONARD ON BEVERLY A CLEARWATER COMMUNITY, THE","8070 BEVERLY BLVD","LOS ANGELES",CA,90048,"LOS ANGELES","(949) 333-8585","FLAHERTY, TRACY","BOCA BREEZE 8070, LLC",198320602,"RESIDENTIAL CARE ELDERLY",PENDING,124,,"None"
"OAKWOOD VILLAGE, INC.","3388 BELL ROAD","AUBURN",CA,95603,"PLACER","(530) 889-8122","UCLARAY, PATTY","OAKWOOD VILLAGE, INC.",317000237,"RESIDENTIAL CARE ELDERLY",LICENSED,124,3/13/1995,"None"
"SUNRISE OF WESTLAKE VILLAGE","3101 TOWNSGATE RD","WESTLAKE VILLAGE",CA,91361,"LOS ANGELES","(805) 557-1100","KENNEDY, EDITH","SZR WESTLAKE VILLAGE; SUNRISE SENIOR LIVING MGT",197605820,"RESIDENTIAL CARE ELDERLY",LICENSED,124,10/8/2004,"None"
"VICTORIAN MANOR","1444 MCALLISTER STREET","SAN FRANCISCO",CA,94115,"SAN FRANCISCO","(415) 921-7550","ANA PACHECO","SKY BLUE HEALTH INC.",385600360,"RESIDENTIAL CARE ELDERLY",LICENSED,124,12/19/2006,"None"
"COMMONS AT DALLAS RANCH, THE","4751 DALLAS RANCH ROAD","ANTIOCH",CA,94531,"CONTRA COSTA","(925) 754-7772","R","DALLAS RANCH MSL LLC; MSL COMMUNITY MANAGEMENT LLC",79200575,"RESIDENTIAL CARE ELDERLY",LICENSED,123,8/23/2017,"Premier"
"IVY PARK AT ESCONDIDO","930 MONTICELLO DRIVE","ESCONDIDO",CA,92029,"SAN DIEGO","(760) 747-4888","OLSON, KATHLEEN","930 MONTICELLO DR OPCO LLC;OAKMONT MGMT. GROUP LLC",371881684,"RESIDENTIAL CARE ELDERLY",LICENSED,123,5/1/2025,"Premier"
"IVY PARK AT ESCONDIDO","930 MONTICELLO DRIVE","ESCONDIDO",CA,92029,"SAN DIEGO","(760) 747-4888","SAMUEL DE GUZMAN","ARCH FVECOCA01 TRS, LLC;OAKMONT MGMT. GROUP, LLC.",374604269,"RESIDENTIAL CARE ELDERLY",LICENSED,123,2/6/2020,"None"
"OCEAN HILLS ASSISTED LIVING & MEMORY CARE","4500 CANNON RD","OCEANSIDE",CA,92056,"SAN DIEGO","(760) 295-8515","JOHNSTON, SHERYL","TRITON SENIOR LVG,LLC; NORTHSTAR SENIOR LVG,INC.",374604143,"RESIDENTIAL CARE ELDERLY",LICENSED,123,4/10/2019,"None"
"PARKVIEW, THE","100 VALLEY AVE","PLEASANTON",CA,94566,"ALAMEDA","(925) 461-3042","TIBON, AIREEN","BLP PARNERSHIP INC; ESKATON PROPERTIES INC",15601283,"RESIDENTIAL CARE ELDERLY",LICENSED,123,2/16/2007,"Premier"
"CIELO VISTA SENIOR LIVING","7571 WYOMING ST","WESTMINSTER",CA,92683,"ORANGE","(562) 569-8914","LOMEDA, RONA D","WESTMINSTER HOME INC",306005984,"RESIDENTIAL CARE ELDERLY",LICENSED,122,8/30/2021,"None"
"OAKMONT OF NORTH FRESNO","5605 N GATES AVE","FRESNO",CA,93722,"FRESNO","(559) 277-5959","SETTY, HEIDI","WELLTOWER NORTH FRESNO TENANT LLC;OAKMONT MGMT GRP",107209036,"RESIDENTIAL CARE ELDERLY",LICENSED,122,4/21/2020,"None"
"OAKS AT NIPOMO, THE","177 MARY AVENUE","NIPOMO",CA,93444,"SAN LUIS OBISPO","(805) 723-5206","RONALD C. FREEMAN","NIPOMO OAKS,GP OF NIPOMO OAKS OPS LP;WESTMONT LVNG",405809547,"RESIDENTIAL CARE ELDERLY",LICENSED,122,7/16/2018,"Premier"
"SILVERADO SENIOR LIVING-ENCINITAS","335 SAXONY ROAD","ENCINITAS",CA,92024,"SAN DIEGO","(949) 240-7200","SABRINA PEGROSS","SILVERADO ENCINITAS LLC;SILVERADO SR LVNG MGMT INC",374604254,"RESIDENTIAL CARE ELDERLY",LICENSED,122,3/3/2021,"Premier"
"CITY CREEK ASSISTED LIVING","6254 66TH AVENUE","SACRAMENTO",CA,95823,"SACRAMENTO","(916) 393-2324","CALEB SUMMERHAYS","T STREET LLC",342700835,"RESIDENTIAL CARE ELDERLY",LICENSED,121,8/30/2021,"Premier"
"FAIR OAKS ESTATES INC","8845 FAIR OAKS BLVD","CARMICHAEL",CA,95608,"SACRAMENTO","(916) 944-2077","SAROAY, PARVEEN","FAIR OAKS ESTATE INC",342700333,"RESIDENTIAL CARE ELDERLY",LICENSED,121,4/16/2018,"Premier"
"IVY PARK AT STUDIO CITY","4610 COLDWATER CANYON","STUDIO CITY",CA,91604,"LOS ANGELES","(818) 505-8484","KASHANI, FARAZ","TRANSFORMER OPCO LLC;OAKMONT MANAGEMENT GROUP LLC",197610520,"RESIDENTIAL CARE ELDERLY",LICENSED,121,2/20/2025,"Vizient"
"OAKMONT OF CONCORD","1401 CIVIC COURT","CONCORD",CA,94520,"CONTRA COSTA","(925) 798-4004","SOR, KIM S","OAKMONT SR LVNG OF CONCORD OPCO;OAKMONT MGMT GROUP",79201085,"RESIDENTIAL CARE ELDERLY",LICENSED,121,8/25/2021,"Vizient"
"OAKMONT OF SANTA CLARITA","28650 NEWHALL RANCH ROAD","SANTA CLARITA",CA,91355,"LOS ANGELES","(661) 295-2025","PARK, TOM","OAKMONT SR. LVNG. OF SANTA CLARITA OPCO, LLC; ET A",197610184,"RESIDENTIAL CARE ELDERLY",LICENSED,121,9/27/2021,"Vizient"
"OAKMONT OF SIMI VALLEY","3110 ROYAL AVE","SIMI VALLEY",CA,93065,"VENTURA","(949) 744-5200","CHRISTINA SPEARS","WELL OAK TENANT LLC;OAKMONT MGMT. GROUP LLC",565850291,"RESIDENTIAL CARE ELDERLY",LICENSED,121,1/1/2023,"Vizient"
"PALMS AT BONAVENTURE ASSISTED LIVING, THE","111 N WELLS ROAD","VENTURA",CA,93004,"VENTURA","(805) 647-0616","MCCAULEY, BRANDY","HAWTHORN AL OPCO GP LLC;INTEGRAL SENIOR LIVING LLC",565802467,"RESIDENTIAL CARE ELDERLY",LICENSED,121,10/8/2018,"None"
"PALMS AT BONAVENTURE, THE","111 NORTH WELLS ROAD","VENTURA",CA,93004,"VENTURA","(805) 647-0616","MCCAULEY,BRANDY","HAWTHORN AL OPCO GP LLC; INTEGRAL SENIOR LIVING",565850615,"RESIDENTIAL CARE ELDERLY",PENDING,121,,"None"
"PENINSULA POINTE BY COGIR","27520 HAWTHORNE BOULEVARD","ROLLING HILLS ESTATE",CA,90274,"LOS ANGELES","(310) 697-6236","JULIUS OSORIO","CADENCE SL PALOS VERDES LLC/SRE DVM, PV, LLC",198320398,"RESIDENTIAL CARE ELDERLY",LICENSED,121,4/12/2024,"None"
"CASA DE FLORES","1405 TERESA DRIVE","MORRO BAY",CA,93442,"SAN LUIS OBISPO","(805) 772-7372","JONATHAN D. ROBERTS","COMPASS HEALTH, INC., DBA",405800142,"RCFE-CONTINUING CARE RETIREMENT COMMUNITY",LICENSED,120,2/24/1997,"Premier"
"REUTLINGER COMMUNITY, THE","4000 CAMINO TASSAJARA","DANVILLE",CA,94526,"CONTRA COSTA","(925) 648-2800","MAMMAD, JULIE","REUTLINGER COMMUNITY, THE; ESKATON PROPERTIES INC",75600335,"RCFE-CONTINUING CARE RETIREMENT COMMUNITY",LICENSED,120,8/19/1999,"None"
"ALLARA SENIOR LIVING","9417 19TH STREET","RANCHO CUCAMONGA",CA,91701,"SAN BERNARDINO","(909) 736-1900","HEFNER, LEEANN","RANCHO OPERATING LLC; INTEGRAL SNR LVG MGT LLC",361881134,"RESIDENTIAL CARE ELDERLY",LICENSED,120,7/12/2021,"Premier"
"ARCADIAN, THE","753 W DUARTE ROAD","ARCADIA",CA,91007,"LOS ANGELES","(626) 445-7981","HARDIE LIN","PRIORITY HEALTH SERVICES, INC",198603445,"RESIDENTIAL CARE ELDERLY",ON PROBATION,120,4/1/2021,"None"
"ATRIA DEL SOL","23792 MARGUERITE PKWY","MISSION VIEJO",CA,92692,"ORANGE","(949) 458-1176","GOODWIN, JEREMIAH","WG DEL SOL SH LP; ATRIA MANAGEMENT CO LLC",306000372,"RESIDENTIAL CARE ELDERLY",LICENSED,120,5/28/1996,"Vizient"
"BEACH TERRACE ASSISTED LIVING AND MEMORY CARE","12282 BEACH BOULEVARD","STANTON",CA,90680,"ORANGE","(714) 694-3205","CHRISTINE CHON","SAL ASSET MGMT, LLC; KLMH ENTERPRISES, LLC",306005901,"RESIDENTIAL CARE ELDERLY",LICENSED,120,6/9/2022,"None"
"BEACH TERRACE ASSISTED LIVING AND MEMORY CARE","12282 BEACH BLVD","STANTON",CA,90680,"ORANGE","(714) 694-3205","CHON,CHRISTINE","KLMH ENTERPRISES LLC",306006746,"RESIDENTIAL CARE ELDERLY",PENDING,120,,"None"
"BLOSSOM VALE SENIOR LIVING","6125 HAZEL AVENUE","ORANGEVALE",CA,95662,"SACRAMENTO","(916) 560-1149","SHANKLIN, DANIELLE","ORANGEVALE SH LLC; INTEGRAL SENIOR LIVING ET AL",345920078,"RESIDENTIAL CARE ELDERLY",LICENSED,120,3/14/2024,"None"
"CANYON TRAILS AT TOPANGA SENIOR LIVING","7945 TOPANGA CANYON BLVD","CANOGA PARK",CA,91304,"LOS ANGELES","(818) 716-9900","SUSAN WEISBARTH","CANOGA PARK SH LLC; INTEGRAL SENIOR LIVING MGT",197608998,"RESIDENTIAL CARE ELDERLY",LICENSED,120,9/13/2016,"None"
"CLEARWATER NEWPORT BEACH","101 BAYVIEW PLACE","NEWPORT BEACH",CA,92660,"ORANGE","(949) 942-6391","MARIA ROSSI","CLEARWATER AT NEWPORT BEACH OPCO LLC;CSL BERKSHIRE",306006401,"RESIDENTIAL CARE ELDERLY",LICENSED,120,2/14/2024,"None"
"CORONADO RETIREMENT VILLAGE","299 PROSPECT PLACE","CORONADO",CA,92118,"SAN DIEGO","(619) 437-1777","ELIZABETH REYES","PRRK HOLDINGS LLC",374603136,"RESIDENTIAL CARE ELDERLY",LICENSED,120,8/17/2011,"None"
"DISCOVERY COMMONS RAINCROSS","5232 CENTRAL AVENUE","RIVERSIDE",CA,92504,"RIVERSIDE","(951) 785-1200","MARY MCCLURE","RIVERSIDE CA SR.HSNG.LLC; ATSC II LLC",331880774,"RESIDENTIAL CARE ELDERLY",LICENSED,120,2/14/2020,"Premier"
"ELEGANCE BERKELEY","2100 SAN PABLO AVENUE","BERKELEY",CA,94710,"ALAMEDA","(510) 788-1333","DOMIZIO, ANNEMARIE E","BERKELY CA OPERATOR, LLC;ELEGANCE LIVING,LLC",19201143,"RESIDENTIAL CARE ELDERLY",LICENSED,120,9/6/2022,"None"
"EVEREST AT WALNUT VALLEY SENIOR LIVING","19850 E COLIMA ROAD","WALNUT",CA,91789,"LOS ANGELES","(909) 595-5030","MATSUMOTO,CHRISTINA","WALNUT ACQUISITION LLC;EVEREST SENIOR LIVING ET AL",198603444,"RESIDENTIAL CARE ELDERLY",LICENSED,120,11/17/2021,"Premier"
"FREMONT VILLAGE","38801 HASTINGS STREET","FREMONT",CA,94536,"ALAMEDA","(510) 792-5411","GINA A VELAYO","PREMIER SENIOR CARE GROUP CORPORATION",15601280,"RESIDENTIAL CARE ELDERLY",LICENSED,120,10/31/2006,"Vizient"
"GARDENS AT PARK BALBOA, THE","7046 KESTER AVENUE","VAN NUYS",CA,91405,"LOS ANGELES","(818) 787-0462","DION D GALLARZA","PARK BALBOA, LP, GARRETT LOUBE, MANAGING PARTNER",197602434,"RESIDENTIAL CARE ELDERLY",LICENSED,120,9/20/1999,"Premier"
"GLEN PARK AT GLENDALE - MARIPOSA ST","1220 S MARIPOSA ST","GLENDALE",CA,91205,"LOS ANGELES","(818) 242-9000","SUSAN PARK","GLEN PARK AT GLENDALE - MARIPOSA ST",197608506,"RESIDENTIAL CARE ELDERLY",LICENSED,120,5/30/2013,"None"
"HACIENDA GRANDE SENIOR ASSISTED LIVING","1740 GRAND AVENUE","LONG BEACH",CA,90804,"LOS ANGELES","(562) 597-7753","LORENZONA ELVIE MEDINA","LA CASA PRIMAVERA, INC.",198205024,"RESIDENTIAL CARE ELDERLY",LICENSED,120,6/26/2006,"Premier"
"HOLLYWOOD HILLS SENIOR LIVING","1745 N GRAMERCY PLACE","LOS ANGELES",CA,90028,"LOS ANGELES","(323) 467-3121","VANESSA JEWELL","PACIFICA HOLLYWOOD LLC; HOLLYWOOD MGR LLC",197609103,"RESIDENTIAL CARE ELDERLY",LICENSED,120,6/2/2020,"None"
"HOLLYWOOD ROYALE GARDEN ASSISTED LIVING","6054 FRANKLIN AVE.","LOS ANGELES",CA,90028,"LOS ANGELES","(323) 466-2411","JOGANI, PINKAL","HOLLYWOOD ROYALE GARDEN ASSISTED LIVING, LLC",197610432,"RESIDENTIAL CARE ELDERLY",LICENSED,120,11/27/2023,"None"
"IVY PARK AT SAN JUAN CAPISTRANO","32200 DEL OBISPO STREET","SAN JUAN CAPISTRANO",CA,92675,"ORANGE","(949) 496-8802","DAVID ALVARADO","SHI-IV IVY PARK AT SJC OWNER LLC; OAKMONT MGT GRP",306006203,"RESIDENTIAL CARE ELDERLY",LICENSED,120,11/30/2022,"Vizient"
"LIGHTHOUSE AT CHICO, LLC, THE","855 BRUCE ROAD","CHICO",CA,95928,"BUTTE","(530) 566-1800","ROBBINS, ROBIN","LIGHTHOUSE AT CHICO, LLC, THE",45920283,"RESIDENTIAL CARE ELDERLY",LICENSED,120,5/1/2025,"Premier"
"MERIDIAN AT ANAHEIM HILLS, THE","525 S ANAHEIM HILLS ROAD","ANAHEIM",CA,92807,"ORANGE","(714) 974-2226","PELLICER, RAY","HSRE MERIDIAN AT ANAHEIM HILLS TRS LLC; ANAHEIM",306005730,"RESIDENTIAL CARE ELDERLY",LICENSED,120,9/30/2020,"Premier"
"MORAGA ROYALE","1600 CANYON ROAD","MORAGA",CA,94556,"CONTRA COSTA","(925) 376-8900","RICKMAN, FAILELOTO T","BERG SENIOR SERVICES, LLC.",75600577,"RESIDENTIAL CARE ELDERLY",LICENSED,120,6/4/2002,"None"
"NEW HORIZON LODGE, INC.","8541 CERRITOS AVENUE","STANTON",CA,90680,"ORANGE","(714) 821-5781","GLEN E GOLDSMITH","NEW HORIZON LODGE, INC.",306000502,"RESIDENTIAL CARE ELDERLY",LICENSED,120,12/18/1996,"None"
"OAKMONT OF ROSEVILLE","1101 SECRET RAVINE PARKWAY","ROSEVILLE",CA,95661,"PLACER","(916) 771-6700","ANGELIQUE DOYLE","OAKMONT SR LVNG OF ROSEVILLE; OAKMONT MGMT GROUP",315002798,"RESIDENTIAL CARE ELDERLY",LICENSED,120,8/11/2021,"Vizient"
"OAKS AT PASO ROBLES, THE","526 S RIVER ROAD","PASO ROBLES",CA,93446,"SAN LUIS OBISPO","(805) 239-5851","CARL MEYER","PASO ROBLES GP LLC; WESTMONT LIVING INC",405850480,"RESIDENTIAL CARE ELDERLY",LICENSED,120,2/26/2021,"Premier"
"PALMS AT LA QUINTA, THE","45160 SEELY DRIVE","LA QUINTA",CA,92253,"RIVERSIDE","(760) 345-5353","ROLAND GANDY","HAWTHORN AL OPCO GP LLC;INTEGRAL SENIOR LIVING LLC",331880511,"RESIDENTIAL CARE ELDERLY",LICENSED,120,3/5/2019,"None"
"PALMS AT LA QUINTA, THE","45160 SEELY DRIVE","LA QUINTA",CA,92253,"RIVERSIDE","(760) 345-5353","GANDY,ROLAND","HAWTHORN AL OPCO GP LLC; INTEGRAL SENIOR LIVING",331881693,"RESIDENTIAL CARE ELDERLY",PENDING,120,,"None"
"RANCHO PENASQUITOS SENIOR LIVING","12979 RANCHO PENASQUITOS BLVD","SAN DIEGO",CA,92129,"SAN DIEGO","(858) 215-5820","HEBNER, WES","PACIFICA CA LLC;PENASQUITOS LP;PENASQUITOS MGR LLC",374604542,"RESIDENTIAL CARE ELDERLY",LICENSED,120,1/20/2023,"Premier"
"SERRA HIGHLANDS SENIOR LIVING","501 KING DRIVE","DALY CITY",CA,94015,"SAN MATEO","(650) 878-5111","SHAYAN GHEISAR","PACIFICA CL CA LLC; PACIFICA DALY 2 LP; DALY CITY",415601127,"RESIDENTIAL CARE ELDERLY",LICENSED,120,4/18/2023,"Premier"
"SILVERADO SENIOR LIVING-BEACH CITIES","514 N. PROSPECT AVE","REDONDO BEACH",CA,90277,"LOS ANGELES","(949) 240-7200","LOURDES YVETTE MENCHACA","SILVERADO BEACH CITIES LLC;SILVERADO SR LVNG MGMT",198320053,"RESIDENTIAL CARE ELDERLY",LICENSED,120,3/5/2021,"Premier"
"SUNNY HILLS ASSISTED LIVING (MEMORY CARE)","8717 WEST OLYMPIC BLVD.","LOS ANGELES",CA,90035,"LOS ANGELES","(310) 659-4301","SUNGNAM PARK SUSAN","SPARK FAMILY OPERATION, LLC",197608842,"RESIDENTIAL CARE ELDERLY",LICENSED,120,1/29/2015,"None"
"SUNRISE AT LA COSTA","7020 MANZANITA ST","CARLSBAD",CA,92008,"SAN DIEGO","(760) 930-0060","HERNANDEZ, MARLEN","AL I/LA COSTA SENIOR HSG; SUNRISE SENIOR LVG MGT",374601134,"RESIDENTIAL CARE ELDERLY",LICENSED,120,11/9/2001,"None"
"VISTA MONTANA SENIOR LIVING","155 N. GIRARD ST.","HEMET",CA,92544,"RIVERSIDE","(951) 658-2274","MARIA FORKRUD","VISTA MONTANA SENIOR LIVING, INC.",336426330,"RESIDENTIAL CARE ELDERLY",LICENSED,120,5/14/2015,"None"
"WATERS EDGE LODGE","801 ISLAND DRIVE","ALAMEDA",CA,94502,"ALAMEDA","(510) 748-4300","LAGASCA-CRUZ, MARIE ANN N","ZIMMERMAN, JOHN & CHRISTIAN",11440777,"RESIDENTIAL CARE ELDERLY",LICENSED,120,12/19/1990,"None"
"BAYSHIRE SAN DIMAS","1740 S SAN DIMAS","SAN DIMAS",CA,91773,"LOS ANGELES","(909) 394-0304","COLEMAN, CHAD","SAN DIMAS CARE LLC",198603710,"RCFE-CONTINUING CARE RETIREMENT COMMUNITY",LICENSED,119,4/1/2024,"Premier"
"ESKATON LODGE GRANITE BAY","8550 BARTON RD","GRANITE BAY",CA,95746,"PLACER","(916) 789-0326","DELGADO, KIMBERLY (KIM)","ESKATON LODGE GRANITE BAY; ESKATON PROPERTIES INC",317005628,"RESIDENTIAL CARE ELDERLY",LICENSED,118,4/20/2015,"Premier, Vizient"
"GABLES OF OJAI, THE","701 N. MONTGOMERY ST.","OJAI",CA,93023,"VENTURA","(805) 646-1446","CHRISTINE FENN","GABLES OF OJAI, LLC;PARSONS FAMILY MGMT, LLC",565800551,"RESIDENTIAL CARE ELDERLY",LICENSED,118,10/23/2000,"None"
"OAKMONT OF NOVATO","1465 S. NOVATO BLVD.","NOVATO",CA,94947,"MARIN","(628) 215-1200","DAVIS, SCOTT","OAKMONT SR. LVNG. OF NOVATO OPCO LLC;OAKMONT ET AL",216804022,"RESIDENTIAL CARE ELDERLY",LICENSED,118,6/9/2022,"Vizient"
"CADENCE AT RANCHO CUCAMONGA","10459 CHURCH STREET","RANCHO CUCAMONGA",CA,91730,"SAN BERNARDINO","(909) 918-5546","CYNTHIA FIGUEROA","HSH-RANCHO MANAGEMENT CA, LLC ; CADENCE SL ET AL",361880964,"RESIDENTIAL CARE ELDERLY",LICENSED,117,2/26/2021,"Premier"
"IVY PARK OF BELMONT","1010 ALAMEDA DE LAS PULGAS","BELMONT",CA,94002,"SAN MATEO","(650) 508-0400","MINNIE WEBER","TRANSFORMER OPCO LLC;OAKMONT MANAGEMENT GROUP LLC",415601177,"RESIDENTIAL CARE ELDERLY",LICENSED,117,9/18/2024,"None"
"ATRIA GRASS VALLEY","150 SUTTON WAY","GRASS VALLEY",CA,95945,"NEVADA","(530) 272-1055","PHOEBIE CARCOT","WG QUAIL RIDGE LP; ATRIA MANAGEMENT CO LLC",297005250,"RESIDENTIAL CARE ELDERLY",LICENSED,116,9/30/2013,"Vizient"
"CAREFIELD CASTRO VALLEY","19960 SANTA MARIA AVE","CASTRO VALLEY",CA,94546,"ALAMEDA","(510) 582-2765","PARVEEN SINGH","SH 1 CASTRO VALLEY LLC; CRFLD MANAGEMENT, LLC",19200685,"RESIDENTIAL CARE ELDERLY",LICENSED,116,7/28/2017,"None"
"EMERALD OAKS","2290 FORREST LANE","YUBA CITY",CA,95993,"SUTTER","(530) 490-1401","BAINS, GURPRIT","EMERALD OAKS CARE, INC.",515002765,"RESIDENTIAL CARE ELDERLY",LICENSED,116,12/9/2020,"None"
"PALOS VERDES VILLA LLC","29661 S WESTERN AVE","RANCHO PALOS VERDES",CA,90275,"LOS ANGELES","(310) 547-9941","BIENSTOCK, SETH","PALOS VERDES VILLA LLC",198201933,"RESIDENTIAL CARE ELDERLY",LICENSED,116,8/13/1998,"None"
"STONEHAVEN SENIOR LIVING","1717 SOUTH WINERY AVENUE","FRESNO",CA,93727,"FRESNO","(559) 251-8417","CARTER, BENJAMIN","TWILIGHT HAVEN INC; HAVEN ASSISTED CARE LLC",100400622,"RESIDENTIAL CARE ELDERLY",LICENSED,116,12/7/1972,"Premier"
"STONEHAVEN SENIOR LIVING","1717 SOUTH WINERY AVENUE","FRESNO",CA,93727,"FRESNO","(659) 251-8417","SALOW, DONALD","HAVEN ASSISTED CARE LLC; BAYSHIRE LLC",107209480,"RESIDENTIAL CARE ELDERLY",LICENSED,116,5/13/2025,"None"
"SUNNY ROSE ASSISTED LIVING","29620 BRADLEY RD","MENIFEE",CA,92586,"RIVERSIDE","(951) 679-3355","ROPER, KAREN","MENIFEE ASSISTED LIVING LLC DBA SUNNY ROSE SR LVNG",331881549,"RESIDENTIAL CARE ELDERLY",LICENSED,116,11/26/2024,"Premier"
"VALLEY VIEW RETIREMENT CENTER","7720 WOODMAN AVE.","PANORAMA CITY",CA,91402,"LOS ANGELES","(818) 997-6756","JUDITH MONTOYA","WOODMAN AVE CORPORATION",197600430,"RESIDENTIAL CARE ELDERLY",LICENSED,116,10/30/1995,"None"
"WHISPERING WINDS OF APPLE VALLEY ASSISTED LIVING","11825 APPLE VALLEY ROAD","APPLE VALLEY",CA,92308,"SAN BERNARDINO","(760) 961-1212","JEFFREY GOLLIHAR","WELLTOWER PEGASUS TENANT LLC; PSL ASSOCIATES LLC",361880646,"RESIDENTIAL CARE ELDERLY",LICENSED,116,2/1/2019,"Premier"
"AQUA RIDGE OF MONTCLAIR","9631 MONTE VISTA AVE","MONTCLAIR",CA,91763,"SAN BERNARDINO","(909) 483-2782","MONIQUE DEL JUNCO","ALTA VISTA HEALTH CARE INC ; CHENDU HOLDING, LLC",361881048,"RESIDENTIAL CARE ELDERLY",LICENSED,115,10/11/2021,"None"
"BRIGHTWATER SENIOR LIVING OF HIGHLAND (DBA)","28807 BASELINE STREET","HIGHLAND",CA,92346,"SAN BERNARDINO","(909) 742-7353","MARGUERITE CROCKEM","HIGHLAND AL-MC GP LLC AS GP OF HIGHLAND AL-MC GROU",366426055,"RESIDENTIAL CARE ELDERLY",LICENSED,115,4/4/2014,"Premier"
"HAVENS AT ANTELOPE VALLEY ASSISTED LIVING, THE","43051 15TH SREET WEST","LANCASTER",CA,93534,"LOS ANGELES","(661) 723-8525","KATHERINE ALEMAN","WELLTOWER PEGASUS TENANT LLC; PSL ASSOCIATES LLC",197609720,"RESIDENTIAL CARE ELDERLY",LICENSED,115,2/1/2019,"Premier"
"IVY PARK AT PALOS VERDES","25535 HAWTHORNE BLVD.","TORRANCE",CA,90505,"LOS ANGELES","(310) 377-7425","JOE SALDANA","TRANSFORMER OPCO LLC;OAKMONT MANAGEMENT GROUP LLC",198320431,"RESIDENTIAL CARE ELDERLY",LICENSED,115,7/24/2024,"Vizient"
"PALM VISTA SENIOR LIVING","3850 WEST RANCHO VISTA BLVD","PALMDALE",CA,93551,"LOS ANGELES","(661) 202-3999","MONTALVO, STUART","RVB- OPERATIONS LP; NORTHSTAR SENIOR LIVING, INC",197610286,"RESIDENTIAL CARE ELDERLY",LICENSED,115,6/14/2022,"None"
"PARK PLAZA","620 S. GLASSELL STREET","ORANGE",CA,92866,"ORANGE","(714) 997-5355","BENJAMIN DAVIS","KRC ORANGE & KISCO SENIOR LIVING, LLC",306001408,"RESIDENTIAL CARE ELDERLY",LICENSED,115,12/6/2001,"Premier, Vizient"
"VARENITA OF WESTLAKE","95 DUSENBERG DRIVE","WESTLAKE",CA,91362,"VENTURA","(805) 413-3300","HOWELL,ZACHARY","WESTLAKE SENIOR LIVING CENTER LLC; SUNRISE ET AL",565850150,"RESIDENTIAL CARE ELDERLY",LICENSED,115,9/15/2022,"None"
"WATERMARK AT ROSEWOOD GARDENS, THE","35 FENTON STREET","LIVERMORE",CA,94550,"ALAMEDA","(925) 443-7200","ESPINOZA, CHELSEA","WATERMARK LIVERMORE LLC; WATERMARK RTMT COMM, LLC",19200708,"RESIDENTIAL CARE ELDERLY",LICENSED,115,7/17/2017,"Premier"
"BAYSHIRE YORBA LINDA","17803 IMPERIAL HWY","YORBA LINDA",CA,92886,"ORANGE","(714) 777-9666","COLEMAN, CHAD","YORBA LINDA CARE LLC",306006421,"RCFE-CONTINUING CARE RETIREMENT COMMUNITY",LICENSED,114,4/1/2024,"Premier"
"BELMARE SENIOR LIVING","1450 WEST F STREET","OAKDALE",CA,95361,"STANISLAUS","(209) 764-3164","CINDY LICHTENHAN","BELMARE SENIOR LIVING LLC;ONELIFE SENIOR LVNG. LLC",502701207,"RESIDENTIAL CARE ELDERLY",LICENSED,114,11/4/2022,"Premier, Vizient"
"CLEARWATER AT SONOMA HILLS","710 ROHNERT PARK EXPRESSWAY E","ROHNERT PARK",CA,94928,"SONOMA","(707) 710-7385","HOMER, JAMES","VIRTUS CSL SONOMA LLC;CSL BERKSHIRE OPERATING CO",496803860,"RESIDENTIAL CARE ELDERLY",LICENSED,114,4/24/2020,"None"
"IVY PARK AT SANTA ROSA","4225 WAYVERN DRIVE","SANTA ROSA",CA,95409,"SONOMA","(707) 538-2590","STEPHANIE LIMBERG","WELL IVY 6 TENANT LLC;OAKMONT MANAGEMENT GROUP LLC",496804017,"RESIDENTIAL CARE ELDERLY",LICENSED,114,4/22/2022,"Premier"
"LA POSADA","8120 PAINTER AVE","WHITTIER",CA,90602,"LOS ANGELES","(562) 945-2651","BEATRIZ ROMEO-LUI","POSADA SL LLC",198603504,"RESIDENTIAL CARE ELDERLY",LICENSED,114,12/7/2021,"Vizient"
"GOLDEN LIVING HEALTH MANAGEMENT, INC.","3223 DUKE STREET","SAN DIEGO",CA,92110,"SAN DIEGO","(619) 222-1109","ROCIO GRANDA","GOLDEN LIVING HEALTH MANAGEMENT, INC.",374602369,"RESIDENTIAL CARE ELDERLY",LICENSED,113,3/26/2007,"None"
"SAGE GLENDALE SENIOR LIVING","525 W ELK AVE","GLENDALE",CA,91204,"LOS ANGELES","(818) 245-6378","SMITH,ANGELA","SAGE GLENDALE II LLC;AGEMARK MANAGEMENT LLC",198603413,"RESIDENTIAL CARE ELDERLY",LICENSED,113,3/11/2021,"Premier"
"SIERRA OAKS OF REDDING","1520 COLLYER DR.","REDDING",CA,96003,"SHASTA","(530) 241-5100","BOBAN, KRISTINE","QUAIL CREST REDDING 2, LLC ; LENITY MANAGEMENT LLC",455002787,"RESIDENTIAL CARE ELDERLY",LICENSED,113,4/12/2022,"Premier"
"MASONIC HOMES FOR ADULTS","1650 EAST OLD BADILLO ST","COVINA",CA,91724,"LOS ANGELES","(626) 251-2200","VINCENT L. GONZAGA","MASONIC HOMES OF CALIFORNIA",191592287,"RCFE-CONTINUING CARE RETIREMENT COMMUNITY",LICENSED,112,5/1/1989,"None"
"COUNTRY CLUB MANOR","2100 BUTANO DRIVE","SACRAMENTO",CA,95825,"SACRAMENTO","(916) 481-9240","DUNHAM, JOSEF","SOLAR SENIOR LIVING 2, LLC; CIMINOCARE",342700301,"RESIDENTIAL CARE ELDERLY",LICENSED,112,7/11/2018,"Premier"
"IVY PARK OF MONTEREY","1110 CASS STREET","MONTEREY",CA,93940,"MONTEREY","(818) 643-2400","ANDREA RAMIREZ","TRANSFORMER OPCO LLC;OAKMONT MANAGEMENT GROUP LLC",277209411,"RESIDENTIAL CARE ELDERLY",LICENSED,112,5/8/2024,"Premier"
"LAUREL HEIGHTS","13960 PEACH HILL DRIVE","MOORPARK",CA,93021,"VENTURA","(805) 292-0700","JOHNNY ORTIZ","OAKMONT OF MOORPARK LLC;WELLQUEST LIVING LLC",565850243,"RESIDENTIAL CARE ELDERLY",LICENSED,112,7/1/2022,"Premier"
"SILVERADO SENIOR LIVING - BELMONT HILLS","1301 RALSTON AVE","BELMONT",CA,94002,"SAN MATEO","(650) 654-9700","ROBERT SNEE","SUBTENANT 1301 RALSTON AVE; SILVERADO SR LVG MGT",415600869,"RESIDENTIAL CARE ELDERLY",LICENSED,112,1/10/2013,"None"
"SPRINGFIELD PLACE","101 S ELY BLVD","PETALUMA",CA,94954,"SONOMA","(707) 769-3300","FORD, STACY","PET RETIRMENT LLC, GP; PETALUMA RETIMREMENT I LP",496800799,"RESIDENTIAL CARE ELDERLY",LICENSED,112,12/30/1999,"Premier, Vizient"
"TERRACES AT PARK MARINO, THE","2587 E. WASHINGTON BLVD.","PASADENA",CA,91107,"LOS ANGELES","(626) 798-6753","MARIA TERESITA QUIZON","PARK MARINO HEALTH CENTER, INC.",197602744,"RESIDENTIAL CARE ELDERLY",LICENSED,112,6/30/2000,"Premier"
"WESTMONT OF MORGAN HILL","1160 COCHRANE RD","MORGAN HILL",CA,95037,"SANTA CLARA","(408) 779-8490","JOLIE HIGGINS","MORGAN HILL SENIOR LVG LP; WESTMONT LIVING INC",435294345,"RESIDENTIAL CARE ELDERLY",LICENSED,112,2/10/2011,"Vizient"
"HAYWORTH TERRACE","325 N HAYWORTH AVE","LOS ANGELES",CA,90048,"LOS ANGELES","(323) 655-3101","MIRAN BAE","HAYWORTH PROPERTIES LLC",198320420,"RESIDENTIAL CARE ELDERLY",LICENSED,111,1/8/2024,"None"
"OAKMONT OF HUNTINGTON BEACH","18922 DELAWARE STREET","HUNTINGTON BEACH",CA,92648,"ORANGE","(657) 204-4600","ACOSTA-LOUER, SANDRA","OAKMONT SR LVNG OF HUNTINGTON BEACH; OAKMONT MGMT.",306006005,"RESIDENTIAL CARE ELDERLY",LICENSED,111,8/13/2021,"Vizient"
"SAGEBROOK SENIOR LIVING AT SAN FRANCISCO","2750 GEARY BLVD","SAN FRANCISCO",CA,94118,"SAN FRANCISCO","(415) 346-0246","PETER T. NIXDORFF","EDEN VILLA PROP LLC;INTEGRAL SENIOR LIV MGMT LLC",385600423,"RESIDENTIAL CARE ELDERLY",LICENSED,111,1/16/2018,"None"
"AEGIS ASSISTED LIVING OF FREMONT","3850 WALNUT AVENUE","FREMONT",CA,94538,"ALAMEDA","(510) 739-1515","TURNER, RYAN","AEGIS SENIOR COMMUNITIES, LLC",15601374,"RESIDENTIAL CARE ELDERLY",LICENSED,110,10/20/2008,"Premier"
"ARBOL RESIDENCES OF SANTA ROSA","300 FOUNTAINGROVE PARKWAY","SANTA ROSA",CA,95403,"SONOMA","(707) 566-8600","TAPIA, KARINA","BRIGHTWATER SENIOR LIVING GROUP LLC",496804280,"RESIDENTIAL CARE ELDERLY",LICENSED,110,1/28/2025,"Premier, Vizient"
"BEVERLY HILLS TERRACE","1470 S ROBERTSON BLVD","LOS ANGELES",CA,90035,"LOS ANGELES","(310) 273-3668","STRIKS, AHARON","BEVERLY HILLS TERRACE LLC",198603319,"RESIDENTIAL CARE ELDERLY",LICENSED,110,7/24/2020,"None"
"BROOKDALE AUBURN","11550 EDUCATION ST","AUBURN",CA,95602,"PLACER","(530) 888-8847","MALISSA ACUNA","BERNADETTE CLARK HOME",317005468,"RESIDENTIAL CARE ELDERLY",LICENSED,110,7/31/2014,"Premier, Vizient"
"BROOKDALE BREA","285 W CENTRAL AVE","BREA",CA,92821,"ORANGE","(714) 671-7898","DANNY VERA","BREA BREA LLC; EMERITUS CORPORATION",306003639,"RESIDENTIAL CARE ELDERLY",LICENSED,110,5/1/2007,"Premier, Vizient"
"BROOKDALE SAN RAMON","18888 BOLLINGER CANYON RD","SAN RAMON",CA,94583,"CONTRA COSTA","(925) 831-3964","FEASTER, NIARE DAWN","SUMMERVILLE AT COBBCO INC; EMERITUS CORPORATION",79200355,"RESIDENTIAL CARE ELDERLY",LICENSED,110,3/19/2014,"Premier, Vizient"
"COGIR OF BREA","700 MADISON WAY","BREA",CA,92821,"ORANGE","(714) 681-0105","FAYE, SAMUEL","CADENCE AT BREA LLC; CADENCE SL BREA LLC",306006344,"RESIDENTIAL CARE ELDERLY",LICENSED,110,7/5/2023,"None"
"COMMONS AT ELK GROVE, THE","9564 SABRINA LANE","ELK GROVE",CA,95758,"SACRAMENTO","(916) 683-6833","MEGGIN CORTEZ","ELK GROVE MSL LL;MSL COMMUNITY MANAGEMENT LLC",342700369,"RESIDENTIAL CARE ELDERLY",LICENSED,110,7/9/2018,"Premier"
"COMMONS ON THORNTON, THE","10711 THORNTON RD","STOCKTON",CA,95209,"SAN JOAQUIN","(209) 476-1500","ARBIOS, MARIE","THORNTON MSL LLC;MSL COMMUNITY MANAGEMENT LLC",392700368,"RESIDENTIAL CARE ELDERLY",LICENSED,110,7/9/2018,"None"
"COTTAGES AT HEMET","1177 S PALM AVE","HEMET",CA,92543,"RIVERSIDE","(951) 923-2844","BOTTINELLI,SHEILA","PACIFICA SL HEMET LLC;HEMET MGR LLC",331800055,"RESIDENTIAL CARE ELDERLY",LICENSED,110,8/14/2017,"Premier"
"COTTAGES AT RIVERSIDE","6280 CLAY STREET","RIVERSIDE",CA,92509,"RIVERSIDE","(951) 360-1616","TAWFIK, EVA","EXTENDED CARE PORTFOLIO CA TNNT;RIVERSIDE MGR LLC",336425840,"RESIDENTIAL CARE ELDERLY",LICENSED,110,8/9/2013,"Premier"
"DALE COMMONS","3900 DALE RD","MODESTO",CA,95356,"STANISLAUS","(209) 526-2053","POTTER, LARRY","DALE COMMONS MSL LLC;MSL COMMUNITY MANAGEMENT LLC",502700367,"RESIDENTIAL CARE ELDERLY",LICENSED,110,7/9/2018,"Premier"
"GOOD SAMARITAN RETIREMENT HOME","1515 JAMACHA WAY","EL CAJON",CA,92019,"SAN DIEGO","(619) 590-1515","SUSAN SORENSEN","CHALDEAN SISTERS, DAUGHTERS OF MARY IMMACULATE C.",374600950,"RESIDENTIAL CARE ELDERLY",LICENSED,110,7/17/2000,"None"
"NAZARETH HOUSE","2121 NORTH FIRST STREET","FRESNO",CA,93703,"FRESNO","(559) 614-7757","O'NEILL, ROSEMARY, R.N.","POOR SISTERS OF THE NAZARETH",100400448,"RESIDENTIAL CARE ELDERLY",LICENSED,110,6/6/1975,"Premier, Vizient"
"NORTHRIDGE VALLEY SENIOR LIVING","8700 LINDLEY AVENUE","NORTHRIDGE",CA,91325,"LOS ANGELES","(818) 886-5181","KAREN MARIN","PACIFICA SOMERFIELD LLC; NORTHRIDGE SL MGR LLC",197610025,"RESIDENTIAL CARE ELDERLY",LICENSED,110,8/12/2020,"Premier"
"PACIFICA SENIOR LIVING UNION CITY","33883 ALVARADO NILES RD","UNION CITY",CA,94587,"ALAMEDA","(510) 489-3800","LAGASCA-CRUZ, MARIE ANN","PACIFICA UNION CITY LLC; UNION CITY MGR LLC",19200509,"RESIDENTIAL CARE ELDERLY",LICENSED,110,7/1/2014,"None"
"PAINTBRUSH ASSISTED LIVING AND MEMORY CARE","4356 W ASHLAN AVE","FRESNO",CA,93722,"FRESNO","(559) 275-2000","EDWARDS, DEANNE","PAINTBRUSH,LLC; NORTHSTAR SENIOR LIVING, INC.",107206929,"RESIDENTIAL CARE ELDERLY",LICENSED,110,8/4/2015,"Premier"
"PARK VISALIA ASSISTED LIVING","3939 WEST WALNUT AVENUE","VISALIA",CA,93277,"TULARE","(559) 625-3388","AMANDA KELSEY","SH 3 VISALIA OPCO LLC; CRFLD MANAGEMENT, LLC",547208809,"RESIDENTIAL CARE ELDERLY",LICENSED,110,8/23/2017,"None"
"SILVERADO SENIOR LIVING - CALABASAS","25100 CALABASAS RD","CALABASAS",CA,91302,"LOS ANGELES","(818) 222-1000","PATRICE O'GRADY","SUBTENANT 25100 CALABASAS RD; SILVERADO SR LVG MGT",197609117,"RESIDENTIAL CARE ELDERLY",LICENSED,110,3/7/2018,"Premier, Vizient"
"SUNGARDEN TERRACE","2045 SKYLINE DRIVE","LEMON GROVE",CA,91945,"SAN DIEGO","(619) 462-5831","SUSAN O'SHAUGHNESSY","SD COMMERCIAL, LLC",374603437,"RESIDENTIAL CARE ELDERLY",LICENSED,110,3/11/2016,"Premier, Vizient"
"SUNRISE OF MISSION VIEJO","26151 COUNTRY CLUB DRIVE","MISSION VIEJO",CA,92691,"ORANGE","(949) 582-2010","MARIA T. DOMINGO","SZR MISSION VIEJO ASST LVG; SUNRISE SENIOR LVG MGT",306002644,"RESIDENTIAL CARE ELDERLY",LICENSED,110,4/20/2005,"None"
"VARENITA OF SIMI VALLEY","3921 COCHRAN STREET","SIMI VALLEY",CA,93063,"VENTURA","(805) 327-1100","VEIS, MARGIE","SIMI VALLEY SNR LVG CENTER LLC; SUNRISE ET AL",567610007,"RESIDENTIAL CARE ELDERLY",LICENSED,110,1/31/2022,"None"
"WALNUT HOUSE","3401 WALNUT AVE","CARMICHAEL",CA,95608,"SACRAMENTO","(916) 483-6612","LOPEZ, ALLISON","SOLAR SR. LVG, LLC; CIMINOCARE",342700186,"RESIDENTIAL CARE ELDERLY",LICENSED,110,8/6/2018,"Premier"
"HERITAGE ON THE MARINA","3400 LAGUNA ST.","SAN FRANCISCO",CA,94123,"SAN FRANCISCO","(415) 202-0300","MARY LINDE","R",380500295,"RCFE-CONTINUING CARE RETIREMENT COMMUNITY",LICENSED,109,6/25/1975,"None"
"PACIFICA SENIOR LIVING SANTA ROSA","3737 AIRWAY DRIVE","SANTA ROSA",CA,95403,"SONOMA","(619) 296-9000","ALLMOND, MELODY","PACIFICA AIRWAY LLC; GP OF PACIFICA AIRWAY LP ; PA",496803942,"RESIDENTIAL CARE ELDERLY",PENDING,109,,"None"
"ARBOR ROSE VILLAGE","2001 ROSE ARBOR DR","SACRAMENTO",CA,95835,"SACRAMENTO","(916) 216-8958","EDWARDS, ANTOINETTE","RAV OPCO LLC & ALTA SENIOR LIVING INC",345920317,"RESIDENTIAL CARE ELDERLY",PENDING,108,,"None"
"GARDENA RETIREMENT CENTER","14741 S. VERMONT AVE.","GARDENA",CA,90247,"LOS ANGELES","(310) 327-4091","SUSANA FUENTES","GARDENA RETIREMENT CENTER, INC.",197607366,"RESIDENTIAL CARE ELDERLY",LICENSED,108,4/30/2008,"Premier"
"IVY PARK AT LAGUNA CREEK","6727 LAGUNA PARK DR","ELK GROVE",CA,95758,"SACRAMENTO","(916) 683-1881","JAMES DIAL","S-H OPCO LAGUNA CREEK, LLC; OAKMONT MGMT. GRP. LLC",347005512,"RESIDENTIAL CARE ELDERLY",LICENSED,108,8/29/2014,"Premier, Vizient"
"MEADOW OAKS OF ROSEVILLE","930 OAK RIDGE RD","ROSEVILLE",CA,95661,"PLACER","(916) 774-0200","NATHAN CONDIE","ROSEVILLE SH LLC; INTEGRAL SENIOR LIVING MGMT LLC",317005900,"RESIDENTIAL CARE ELDERLY",LICENSED,108,2/29/2016,"Premier, Vizient"
"ROSE ARBOR VILLAGE","2001 ROSE ARBOR DRIVE","SACRAMENTO",CA,95835,"SACRAMENTO","(916) 216-8958","KLICK, GREG","STATION III, LLC ; ALTA SENIOR LIVING, INC",345920216,"RESIDENTIAL CARE ELDERLY",LICENSED,108,10/1/2024,"None"
"TIMBER RIDGE AT MCKINLEYVILLE","1400 NURSERY WAY","MCKINLEYVILLE",CA,95519,"HUMBOLDT","(707) 839-9100","DAVID UBALLEZ","WESTERN LIVING CONCEPTS",126801366,"RESIDENTIAL CARE ELDERLY",LICENSED,108,7/15/2004,"Vizient"
"STRATFORD AT BEYER PARK, THE","3529 FOREST GLENN DR","MODESTO",CA,95355,"STANISLAUS","(209) 236-1900","RODRIGUEZ, NICOLE E","BEYER PARK VILLAS; INTEGRAL SENIOR LIVING MGT",507002509,"RESIDENTIAL CARE ELDERLY",LICENSED,107,11/18/2003,"None"
"HARVEST RETIREMENT","9011 KNOTT AVE","BUENA PARK",CA,90620,"ORANGE","(714) 821-4130","GINGER PO","HARVEST RETIREMENT CORPORATION",306005207,"RESIDENTIAL CARE ELDERLY",LICENSED,106,8/12/2016,"Premier"
"KENSINGTON SIERRA MADRE, THE","245 W. SIERRA MADRE BLVD.","SIERRA MADRE",CA,91024,"LOS ANGELES","(626) 355-5700","CECILIA DEGRAFF","KENSINGTON SM GP,LLC &KENSINGTON SENIOR LIVING LLC",198601953,"RESIDENTIAL CARE ELDERLY",LICENSED,106,2/11/2015,"None"
"NIKKEI SENIOR GARDENS","9221 ARLETA AVE","ARLETA",CA,91331,"LOS ANGELES","(818) 899-1000","DESIREE KITAGAWA","NIKKEI SENIOR GARDENS; CADENCE SL NIKKEI LLC",197607606,"RESIDENTIAL CARE ELDERLY",LICENSED,106,1/16/2009,"Premier, Vizient"
"ATRIA ROCKLIN","3201 SANTA FE WAY","ROCKLIN",CA,95765,"PLACER","(916) 435-8800","DANA STANSEL","ARHC CAROCCA01 TRS LLC; ATRIA MANAGEMENT CO LLC",317005428,"RESIDENTIAL CARE ELDERLY",LICENSED,105,9/3/2014,"Premier"
"COGIR OF SONOMA PLAZA","91 NAPA ROAD","SONOMA",CA,95476,"SONOMA","(707) 939-1500","CORNEJO, WENDY","WELL CA WA TENANT LLC;COGIR MANAGEMENT USA INC.",496804032,"RESIDENTIAL CARE ELDERLY",LICENSED,105,3/18/2022,"Premier"
"GREENHAVEN ESTATES","7548 GREENHAVEN DR","SACRAMENTO",CA,95831,"SACRAMENTO","(916) 427-8887","LATRICE ROSS","FC RANGER OPS GREENHAVEN ESTATES; TARANTINO SR LVG",347005239,"RESIDENTIAL CARE ELDERLY",LICENSED,105,6/28/2013,"Premier"
"SPANISH VINES ASSISTED LIVING AND MEMORY CARE","7548 GREENHAVEN DRIVE","SACRAMENTO",CA,95831,"SACRAMENTO","(916) 427-8887","ROSS, LATRICE","TARANTINO SENIOR LIVING COMMUNITIES LLC",342701667,"RESIDENTIAL CARE ELDERLY",PENDING,105,,"None"
"WESTMONT AT SAN MIGUEL RANCH","2325 PROCTOR VALLEY RD","CHULA VISTA",CA,91914,"SAN DIEGO","(619) 271-4385","ZEPEDA, JESSICA","WESTMONT MANAGER GP LLC; WESTMONT LIVING INC",374603509,"RESIDENTIAL CARE ELDERLY",LICENSED,105,2/23/2015,"Vizient"
"PACIFIC GARDENS","2384 PACIFIC DR","SANTA CLARA",CA,95051,"SANTA CLARA","(408) 985-5252","ZAHODNE, MATTHEW","COMMUNITY HOME PARTNERS LLC",435294024,"RESIDENTIAL CARE ELDERLY",LICENSED,104,8/31/2004,"None"
"PORTOLA GARDENS","350 UNIVERSITY ST","SAN FRANCISCO",CA,94134,"SAN FRANCISCO","(415) 337-1587","GREGORY K BOGART","PORTOLA GARDENS LLC; CIMINOCARE",385601045,"RESIDENTIAL CARE ELDERLY",LICENSED,104,4/30/2019,"Premier"
"SILVERADO SENIOR LIVING-ESCONDIDO","1500 BORDEN ROAD","ESCONDIDO",CA,92026,"SAN DIEGO","(760) 737-7900","MICHAEL ZULETTA","SILVERADO ESCONDIDO LLC;SILVERADO SR LVNG MGT INC",374604255,"RESIDENTIAL CARE ELDERLY",LICENSED,104,3/3/2021,"Premier"
"VILLA FONTANA","5555 PROSPECT ROAD","SAN JOSE",CA,95129,"SANTA CLARA","(408) 255-5555","DUEWEL, MA. FELICITAS V.","PRIME ELDERCARE SOLUTION INC.",435294328,"RESIDENTIAL CARE ELDERLY",LICENSED,104,11/16/2009,"Premier, Vizient"
"IVY PARK AT PLEASANTON","5700 PLEASANT HILL ROAD","PLEASANTON",CA,94588,"ALAMEDA","(925) 416-0238","MARTINEZ, DIANE DIEM","TRANSFORMER OPCO LLC; OAKMONT MANAGEMENT GROUP LLC",19201324,"RESIDENTIAL CARE ELDERLY",LICENSED,103,9/6/2024,"Vizient"
"SUNRISE OF SUNNYVALE","633 S KNICKERBOCKER DR","SUNNYVALE",CA,94087,"SANTA CLARA","(408) 749-8600","BEENA KUMAR","SUNRISE SENIOR LVG MGT; AL III INVEST LLC",435200806,"RESIDENTIAL CARE ELDERLY",LICENSED,103,7/10/2000,"None"
"IVY PARK AT PLAYA VISTA","5555 PLAYA VISTA DR","PLAYA VISTA",CA,90094,"LOS ANGELES","(310) 437-7178","KHATERA BAHADORY","WELLTOWER OPCO GROUP; OAKMONT MANAGEMENT GROUP LLC",198601661,"RESIDENTIAL CARE ELDERLY",LICENSED,102,9/3/2015,"None"
"IVY PARK AT PLAYA VISTA","5555 PLAYA VISTA DRIVE","PLAYA VISTA",CA,90094,"LOS ANGELES","(310) 437-7178","ELIGIO, NESTOR","TRANSFORMER OPCO LLC;OAKMONT MANAGEMENT GROUP LLC",198320432,"RESIDENTIAL CARE ELDERLY",PENDING,102,,"Vizient"
"MIDTOWN VILLA","2789 RAFFERTY RD.","HEMET",CA,92545,"RIVERSIDE","(951) 566-6610","AGBISIT, MICHAEL","PACIFIC INLAND HEALTHCARE SYSYTEM CORPORATION",331881004,"RESIDENTIAL CARE ELDERLY",LICENSED,102,2/17/2021,"None"
"OAKMONT OF AGOURA HILLS","29353 CANWOOD STREET","AGOURA HILLS",CA,91301,"LOS ANGELES","(747) 755-5700","CHAPARYAN,LILIT","OAKMONT SR. LVNG. OF AGOURA HILLS OPCO LLC:OAKMONT",195850344,"RESIDENTIAL CARE ELDERLY",LICENSED,102,4/23/2024,"Vizient"
"GARDENS AT ESCONDIDO","1342 NORTH ESCONDIDO BLVD","ESCONDIDO",CA,92026,"SAN DIEGO","(760) 480-8155","MONICA FLORES","PACIFICA EL NORTE LP;ESCONDIDO EL NORTE MGR. LLC.",374604545,"RESIDENTIAL CARE ELDERLY",LICENSED,101,2/28/2023,"None"
"OAKMONT OF CARMICHAEL","4717 ENGLE ROAD","CARMICHAEL",CA,95608,"SACRAMENTO","(916) 483-3800","FRANGIEH, CAROLINE","WELLTOWER CARMICHAEL TENANT LLC;OAKMONT MGMT",342700751,"RESIDENTIAL CARE ELDERLY",LICENSED,101,5/3/2021,"Vizient"
"WESTMONT OF ENCINITAS","1920 SOUTH EL CAMINO REAL","ENCINITAS",CA,92024,"SAN DIEGO","(760) 452-6037","BENJIE DOCTOLERO","WESTMONT MGR GP OF ENCINITAS OP; WESTMONT LIVING",374604318,"RESIDENTIAL CARE ELDERLY",LICENSED,101,6/25/2021,"None"
"AEGIS ASSISTED LIVING OF APTOS","125 HEATHER TERRACE","APTOS",CA,95003,"SANTA CRUZ","(831) 684-2700","GALVAN, GRISELDA","HEATHER TERRACE APTOS LLC;AEGIS SR COMMUNITIES LLC",445202706,"RESIDENTIAL CARE ELDERLY",LICENSED,100,3/25/2019,"Premier"
"AEGIS ASSISTED LIVING OF MORAGA","950 COUNTRY CLUB DRIVE","MORAGA",CA,94556,"CONTRA COSTA","(925) 377-7900","MARIA ANGELES STICKA","AEGIS SENIOR COMMUNITIES, LLC",75601424,"RESIDENTIAL CARE ELDERLY",LICENSED,100,1/16/2009,"Premier"
"AEGIS LIVING GRANADA HILLS","10801 LINDLEY AVE","GRANADA HILLS",CA,91344,"LOS ANGELES","(818) 363-3373","LANCE SHENK","LINDLEY AVE GRANADA HILLS LLC ; AEGIS SENIOR ET AL",197610151,"RESIDENTIAL CARE ELDERLY",LICENSED,100,6/7/2021,"Premier"
"AEGIS LIVING SAN FRANCISCO","2280 GELLERT BLVD","SOUTH SAN FRANCISCO",CA,94080,"SAN MATEO","(650) 952-6100","CECILIA DAUTH","GELLERT BLVD SAN FRANCISCO LLC & AEGIS SENIOR COMM",415601101,"RESIDENTIAL CARE ELDERLY",LICENSED,100,6/8/2021,"Premier"
"AEGIS LIVING VENTURA","4964 TELEGRAPH ROAD","VENTURA",CA,93003,"VENTURA","(805) 650-1114","LANCE SHENK","TELEGRAPH RD VENTURA LLC; AEGIS SENIOR COMMUNITIES",565850141,"RESIDENTIAL CARE ELDERLY",LICENSED,100,7/14/2021,"Premier"
"ALMAVIA OF CAMARILLO","2500 NORTH PONDEROSA DRIVE","CAMARILLO",CA,93010,"VENTURA","(805) 388-5277","MICHAEL O'NEILL","ELDER CARE ALLIANCE OF CAMARILLO, ECA",565800682,"RESIDENTIAL CARE ELDERLY",LICENSED,100,11/2/2001,"Premier"
"ANSEL PARK SENIOR LIVING COMMUNITY","1200 ORCHID DRIVE","ROCKLIN",CA,95765,"PLACER","(916) 250-0770","PAYNE, KEITH","TCG ROCKLIN CAMPUS LLC; SAGORA SENIOR LIVING INC",312700574,"RESIDENTIAL CARE ELDERLY",LICENSED,100,11/13/2019,"Premier"
"BELMAR VILLA","2020 NORTH WEBER AVENUE","FRESNO",CA,93705,"FRESNO","(559) 486-5977","HRIPSIME MAKARYAN","BELMAR VILLA LLC",107206861,"RESIDENTIAL CARE ELDERLY",LICENSED,100,9/1/2014,"None"
"BROOKDALE PAULIN CREEK","2375 RANGE AVE","SANTA ROSA",CA,95403,"SONOMA","(707) 575-3722","ALVARADO, ROBERT","BLC LODGE AT PAULIN INC GP, BLC LODGE AT PAULIN LP",496803339,"RESIDENTIAL CARE ELDERLY",LICENSED,100,1/23/2012,"Premier"
"BRUNSWICK VILLAGE","316 OLYMPIA PARK CIRCLE","GRASS VALLEY",CA,95945,"NEVADA","(530) 274-1992","LAINE, KRISTIE","GRASS VALLEY SH,INTEGRAL SENIOR LIVING MNGT LLC",292700174,"RESIDENTIAL CARE ELDERLY",LICENSED,100,6/16/2017,"Vizient"
"CIELA","17310 WEST VEREDA DELA MONTURA","PACIFIC PALISADES",CA,90272,"LOS ANGELES","(917) 667-5303","SHRAM, RONY","CIELA LLC; MILLENNIUM ADVISORS, INC.",198320375,"RESIDENTIAL CARE ELDERLY",LICENSED,100,11/22/2023,"None"
"COGIR OF TURLOCK","3791 CROWELL ROAD","TURLOCK",CA,95382,"STANISLAUS","(209) 664-9500","JOHNS, JANET","WELL CA WA TENANT LLC; COGIR MANAGEMENT USA INC",502701180,"RESIDENTIAL CARE ELDERLY",LICENSED,100,6/1/2022,"None"
"FINE GOLD MANOR","10537 MAGNOLIA BLVD.","NORTH HOLLYWOOD",CA,91601,"LOS ANGELES","(818) 761-5777","CRISTINA GOMEZ","TOLUCA LAKE MANAGEMENT CORP.",195850520,"RESIDENTIAL CARE ELDERLY",LICENSED,100,2/12/2025,"None"
"FRESNO SENIOR LIVING","1715 E ALLUVIAL AVENUE","FRESNO",CA,93720,"FRESNO","(559) 298-4900","MONTELONGO, BRANDON","HSRE-PACIFICA I TRS GP LLC, GP OF HSRE ET AL",107209116,"RESIDENTIAL CARE ELDERLY",LICENSED,100,2/16/2023,"Premier"
"GLEN PARK AT VALLEY VILLAGE","5527 LAUREL CANYON BLVD","VALLEY VILLAGE",CA,91607,"LOS ANGELES","(818) 769-6626","MARILOU MENDOZA","GLEN PARK AT VALLEY VILLAGE",197603165,"RESIDENTIAL CARE ELDERLY",LICENSED,100,1/31/2001,"None"
"GROVES OF TUSTIN, THE","1262 BRYAN AVE","TUSTIN",CA,92780,"ORANGE","(714) 730-5009","MCBRIDE, FERLINA","CSH TUSTIN LESSEE LLC/SPECIALIZED COMMUNITY HEALTH",306004718,"RESIDENTIAL CARE ELDERLY",LICENSED,100,3/12/2015,"None"
"GROVES OF TUSTIN, THE","1262 BRYAN AVENUE","TUSTIN",CA,92780,"ORANGE","(714) 627-5947","AQUINO, ROBIN","EVEREST TUSTIN BLESSING STAR, LLC & SCHC (MANAGER)",306006736,"RESIDENTIAL CARE ELDERLY",PENDING,100,,"None"
"IVY PARK AT OAKLAND HILLS","11889 SKYLINE BOULEVARD","OAKLAND",CA,94619,"ALAMEDA","(510) 531-7190","HARRELL, YOLANDA","TRANSFORMER OPCO LLC;OAKMONT MANAGEMENT GROUP LLC",19201329,"RESIDENTIAL CARE ELDERLY",LICENSED,100,10/2/2024,"Vizient"
"IVY PARK AT SABRE SPRINGS","12515 SPRINGHURST DRIVE","SAN DIEGO",CA,92128,"SAN DIEGO","(858) 391-9160","DAYNES, ROBERT","TRANSFORMER OPCO LLC;OAKMONT MANAGEMENT GROUP LLC",374604747,"RESIDENTIAL CARE ELDERLY",LICENSED,100,3/15/2024,"Vizient"
"IVY PARK AT SANTA MONICA","1312 15TH ST","SANTA MONICA",CA,90404,"LOS ANGELES","(310) 899-1976","VILLARUZ, JUDITH UY","AL SANTA MONICA SR HSG; OAKMONT MGMT.GROUP LLC",198204069,"RESIDENTIAL CARE ELDERLY",LICENSED,100,10/17/2003,"Vizient"
"IVY PARK AT WOOD RANCH","190 TIERRA REJADA WAY","SIMI VALLEY",CA,93065,"VENTURA","(805) 584-8881","LILIT E MNATSAKANYAN","TRANSFORMER OPCO LLC;OAKMONT MANAGEMENT GROUP LLC",565850424,"RESIDENTIAL CARE ELDERLY",LICENSED,100,7/24/2024,"Vizient"
"MELROSE GARDENS","960 N. MARTEL AVENUE","LOS ANGELES",CA,90046,"LOS ANGELES","(323) 876-1746","VILLEGAS, MARCO","DANMAR VILLAS LLC",197610370,"RESIDENTIAL CARE ELDERLY",LICENSED,100,9/28/2023,"Premier"
"MERRILL GARDENS AT BANKERS HILL","2567 2ND AVENUE","SAN DIEGO",CA,92103,"SAN DIEGO","(619) 209-5216","HANSEN, LORI","MG AT BANKERS HILL,LP;SHI-IV MERRILL GP,LLC; ET AL",374604405,"RESIDENTIAL CARE ELDERLY",LICENSED,100,9/1/2021,"Premier, Vizient"
"MERRILL GARDENS AT LAFAYETTE","1010 2ND ST","LAFAYETTE",CA,94549,"CONTRA COSTA","(925) 299-6912","SINGH, KAMAR","SHI-III MG GP, SHI-III LAFAYETTE; MERRILL GARDENS",79200597,"RESIDENTIAL CARE ELDERLY",LICENSED,100,5/25/2017,"Premier, Vizient"
"ROYAL VISTA SAN GABRIEL","901 W SANTA ANITA ST","SAN GABRIEL",CA,91776,"LOS ANGELES","(626) 289-8889","SARAH RAFAEL","ROYAL VISTA SAN GABRIEL LLC",198602564,"RESIDENTIAL CARE ELDERLY",LICENSED,100,5/23/2018,"Premier"
"SAVANT OF BURBANK EAST","1900 GRISMER AVE","BURBANK",CA,91504,"LOS ANGELES","(818) 843-3141","ACHARYA, NIRJARA","LEBLEUCHATEAU, INC.",198603136,"RESIDENTIAL CARE ELDERLY",LICENSED,100,2/21/2019,"Premier"
"SAVANT OF BURBANK WEST","1911 GRISMER AVE","BURBANK",CA,91504,"LOS ANGELES","(818) 295-2727","VALDEZ, SILVIA","LEBLEUCHATEAU,INC.",198603137,"RESIDENTIAL CARE ELDERLY",LICENSED,100,2/21/2019,"None"
"SPOELSTRA LLC DBA VOICE NORWALK","13000 SAN ANTONIO DRIVE","NORWALK",CA,90650,"LOS ANGELES","(562) 929-4345","BLESS, DANA","SPOELSTRA LLC",198603882,"RESIDENTIAL CARE ELDERLY",PENDING,100,,"None"
"VISTAS ASSISTED LIVING & MEMORY CARE, THE","3030 HERITAGETOWN DRIVE","REDDING",CA,96002,"SHASTA","(530) 222-8969","NATE ECHOLS","REDDING ASSISTED LIVING,LLC & RIDGELINE MANAGEMENT",455002049,"RESIDENTIAL CARE ELDERLY",LICENSED,100,1/2/2008,"Premier"
"VISTAS AT OXNARD SENIOR LIVING,THE","2211 E GONZALES RD","OXNARD",CA,93036,"VENTURA","(805) 983-6808","JOVANY GUERRA","PACIFICA L 32 LLC; ALLY SENIOR LIVING, LLC",565802425,"RESIDENTIAL CARE ELDERLY",ON PROBATION,100,4/10/2018,"Premier"
"WESTMONT OF PINOLE","2850 ESTATES AVE","PINOLE",CA,94564,"CONTRA COSTA","(510) 758-1122","REMIGIO, RICHARD","WESTMONT MANAGER GP LLC; WESTMONT LIVING INC",79200801,"RESIDENTIAL CARE ELDERLY",LICENSED,100,4/23/2019,"None"
"WOODLAND GARDENS SENIOR LIVING","240 PALM AVE","WOODLAND",CA,95695,"YOLO","(530) 661-0574","PAZ, DIANA","WOODLAND GARDENS SENIOR LIVING LLC",576804194,"RESIDENTIAL CARE ELDERLY",LICENSED,100,8/28/2023,"None"
"YORKSHIRE VILLAGE","26933 CORNELL ST","HEMET",CA,92544,"RIVERSIDE","(951) 658-1068","TERESA MAPILIS","DORTEN ENTERPRISES",331800223,"RESIDENTIAL CARE ELDERLY",LICENSED,100,5/18/2018,"Premier"
"ACACIA VILLAS","1620 E. CHAPMAN AVENUE","FULLERTON",CA,92831,"ORANGE","(714) 879-0920","TAMMY JOO","KAIROS MANAGEMENT ONE, LLC",306004749,"RESIDENTIAL CARE ELDERLY",LICENSED,99,7/29/2015,"Premier"
"ARCADIA LIVING","601 SUNSET BLVD","ARCADIA",CA,91007,"LOS ANGELES","(323) 422-8030","ZHANG, JINFANG","ARCADIA LIVING LLC",198603821,"RESIDENTIAL CARE ELDERLY",PENDING,99,,"Premier"
"CAMBRIDGE COURT","1621 COMMONWEALTH AVENUE, EAST","FULLERTON",CA,92831,"ORANGE","(714) 992-1750","LAUREN CHON","S.H.A.L. MANAGEMENT, INC.",306004761,"RESIDENTIAL CARE ELDERLY",LICENSED,99,7/29/2015,"Premier, Vizient"
"CARLTON SENIOR LIVING SACRAMENTO ATRIUM","1071 FULTON AVENUE","SACRAMENTO",CA,95825,"SACRAMENTO","(916) 971-4800","KASIE WIMMER","CARLTON CROWN PLAZA/SAC LP; CARLTON SR LVG LLC",342701212,"RESIDENTIAL CARE ELDERLY",LICENSED,99,9/19/2022,"None"
"CASA EL CAJON","306 SHADY LANE","EL CAJON",CA,92021,"SAN DIEGO","(619) 440-1335","REBECCA RAYO","LILLIAN FRANKLIN",370804788,"RESIDENTIAL CARE ELDERLY",LICENSED,99,1/31/1991,"None"
"COGIR OF STOCK RANCH","7418 STOCK RANCH RD","CITRUS HEIGHTS",CA,95621,"SACRAMENTO","(916) 725-7418","DAVID JR., RICKY","WELLTOWER COGIR TENANT LLC;COGIR MGT USA INC",342700471,"RESIDENTIAL CARE ELDERLY",LICENSED,99,2/1/2019,"Premier"
"COMMONWEALTH ROYALE GUEST HOME","150 S. COMMONWEALTH AVE","LOS ANGELES",CA,90004,"LOS ANGELES","(213) 382-6381","MAYA MNOYAN","COMMONWEALTH GOLDEN AGE CORPORATION",197603385,"RESIDENTIAL CARE ELDERLY",LICENSED,99,8/9/2001,"None"
"EVERGREEN RETIREMENT","225 NORTH EVERGREEN STREET","BURBANK",CA,91505,"LOS ANGELES","(818) 843-8268","TANYA QUEZADA","225 N EVERGREEN ST INC",197609022,"RESIDENTIAL CARE ELDERLY",LICENSED,99,6/19/2017,"Premier"
"FULLERTON ROSEWOOD ASSISTED LIVING","411 E. COMMONWEALTH AVENUE","FULLERTON",CA,92832,"ORANGE","(714) 441-0644","JANE KIM","FULLERTON ROSEWOOD ASSISTED LIVING,INC.",306003448,"RESIDENTIAL CARE ELDERLY",LICENSED,99,2/14/2007,"Premier"
"HALLMARK OF BAKERSFIELD","2001 AKERS ROAD","BAKERSFIELD",CA,93309,"KERN","(661) 834-0200","CANDELAS, ASHLEY L.","HALLMARK SENIOR LIVING LLC",157209304,"RESIDENTIAL CARE ELDERLY",LICENSED,99,3/22/2023,"Premier"
"HIGHGATE SENIOR LIVING-TEMECULA","42301 MORAGA ROAD","TEMECULA",CA,92591,"RIVERSIDE","(951) 308-1885","GOMEZ, RICARDO","BURON CONSTRUCTION INC. GP OF HIGHGATE TEMECULA LP",331800160,"RESIDENTIAL CARE ELDERLY",LICENSED,99,1/9/2018,"None"
"JASMIN TERRACE AT BAKERSFIELD","5400 STINE ROAD","BAKERSFIELD",CA,93313,"KERN","(661) 398-8802","ELECO, RAMONA D.","CVVG MANAGEMENT LLC",157208773,"RESIDENTIAL CARE ELDERLY",LICENSED,99,6/30/2017,"None"
"LOTUS VILLA AND MEMORY CARE","9448 CITRUS AVENUE","FONTANA",CA,92335,"SAN BERNARDINO","(909) 355-6887","HEATHER O'NEEL","LOTUS VILLA AFFILIATE, LLC",365530102,"RESIDENTIAL CARE ELDERLY",LICENSED,99,11/27/2023,"Premier"
"MARYMOUNT VILLA RETIREMENT CENTER","345 DAVIS STREET","SAN LEANDRO",CA,94577,"ALAMEDA","(510) 895-5007","DOLLY RIZVI","MARYMOUNT VILLA, LLC",15601083,"RESIDENTIAL CARE ELDERLY",LICENSED,99,11/23/2004,"Premier"
"OMEO ARCADIA LIVING","601 SUNSET BLVD","ARCADIA",CA,91007,"LOS ANGELES","(323) 422-8030","ZHANG, JINGFANG","DR. TJ SYIAU MEDICAL CORPORATION",198603648,"RESIDENTIAL CARE ELDERLY",LICENSED,99,8/31/2023,"None"
"PROSPECT MANOR","800 PROSPECT AVE","SOUTH PASADENA",CA,91030,"LOS ANGELES","(626) 799-1141","LYDIA PABION","BAJ MANAGEMENT, INC.",197603952,"RESIDENTIAL CARE ELDERLY",LICENSED,99,2/20/2003,"None"
"SIERRA VISTA","13815 RODEO DRIVE","VICTORVILLE",CA,92395,"SAN BERNARDINO","(760) 243-2271","MEJIA, KIMBERLY","SIERRA VISTA ALF LLC",365530261,"RESIDENTIAL CARE ELDERLY",LICENSED,99,10/14/2024,"Premier"
"SISKIYOU SPRINGS ASSISTED LIVING AND MEMORY CARE","351 BRUCE ST","YREKA",CA,96097,"SISKIYOU","(530) 842-4300","AGUIRRE, JULISSA","WESTVIEW ESTATES SENIOR LIVING LLC",475920312,"RESIDENTIAL CARE ELDERLY",PENDING,99,,"None"
"SUMMERFIELD SENIOR LIVING","1224 PLUMAS STREET","YUBA CITY",CA,95991,"SUTTER","(530) 755-3850","GILDEA, CHANTEL","SUMMERFIELD INVESTORS LLC",515002613,"RESIDENTIAL CARE ELDERLY",LICENSED,99,6/19/2017,"Premier, Vizient"
"VINE RIDGE SENIOR LIVING","247 TREADWAY DRIVE","CLOVERDALE",CA,95425,"SONOMA","(707) 791-4787","LUA, CARLA","WESTERN LIVING CONCEPTS INC",496803825,"RESIDENTIAL CARE ELDERLY",LICENSED,99,11/25/2019,"None"
"VISTA GARDENS MEMORY CARE","1863 DEVON PLACE","VISTA",CA,92084,"SAN DIEGO","(760) 295-3900","CAROLINE SENTENO","DEVON CARE LLC",371881517,"RESIDENTIAL CARE ELDERLY",LICENSED,99,7/26/2024,"Premier"
"WESTBOROUGH ROYALE","89 WESTBOROUGH BLVD","SOUTH SAN FRANCISCO",CA,94080,"SAN MATEO","(650) 872-0400","KELLY, BRIDGET","BERG SENIOR SERVICES, LLC.",415600306,"RESIDENTIAL CARE ELDERLY",LICENSED,99,7/12/2002,"None"
"WESTMONT OF CHICO-THE INN AT THE TERRACES","2950 SIERRA SUNRISE TERRACE","CHICO",CA,95928,"BUTTE","(530) 894-5429","KEENE, CLIFF","INN OPERATIONS, LP, THE; WESTMONT LIVING, INC.",45002620,"RESIDENTIAL CARE ELDERLY",ON PROBATION,99,11/22/2017,"Premier"
"WESTMONT OF SANTA BARBARA","190 VIAJERO DR","GOLETA",CA,93117,"SANTA BARBARA","(805) 265-4327","JADE ALMA-HARRIS","MARIPOSA MGR GP OF MARIPOSA OPER; WESTMONT LIVING",425802106,"RESIDENTIAL CARE ELDERLY",LICENSED,99,8/29/2017,"None"
"AEGIS LIVING SAN RAFAEL","800 MISSION AVE","SAN RAFAEL",CA,94901,"MARIN","(425) 861-9993","ABUSBAITAN, RABAH","AEGIS SENIOR COMMUNITIES LLC",216804321,"RESIDENTIAL CARE ELDERLY",PENDING,98,,"None"
"ALTA VISTA SENIOR LIVING","2041 W VISTA WAY","VISTA",CA,92083,"SAN DIEGO","(760) 941-3233","JENNIFER GEPHART","PACIFICA REGENCY PALMS LLC; ALTA VISTA MGR LLC",374604176,"RESIDENTIAL CARE ELDERLY",LICENSED,98,10/10/2019,"Premier"
"CARRINGTON OF SHAFTER","250 E TULARE AVE","SHAFTER",CA,93263,"KERN","(661) 746-6521","JAIME, AMANDA N","CARRINGTON SENIOR LIVING LLC",157209599,"RESIDENTIAL CARE ELDERLY",PENDING,98,,"Premier"
"GARDENS OF RIVERSIDE, THE","10849 ARLINGTON AVENUE","RIVERSIDE",CA,92505,"RIVERSIDE","(951) 637-8844","GARCIA, GRISELDA GRACIE.","THARON RIVERSIDE LLC",335530134,"RESIDENTIAL CARE ELDERLY",LICENSED,98,1/28/2025,"Premier"
"GLEN PARK AT GLENDALE - BOYNTON ST","1250 BOYNTON ST","GLENDALE",CA,91205,"LOS ANGELES","(818) 246-9000","SUSAN PARK","GLEN PARK AT GLENDALE - BOYNTON ST",197608505,"RESIDENTIAL CARE ELDERLY",LICENSED,98,5/30/2013,"None"
"GOLDEN MANOR REST HOME","3535 OVERLAND AVENUE","LOS ANGELES",CA,90034,"LOS ANGELES","(310) 836-0510","MARK INGBER","3535 OVERLAND AVE., LLC",197606170,"RESIDENTIAL CARE ELDERLY",LICENSED,98,5/20/2005,"None"
"PACIFICA SENIOR LIVING SOUTH COAST","2619 ORANGE AVE","COSTA MESA",CA,92627,"ORANGE","(949) 515-0121","YAYLENE MAZARIEGOS","PACIFICA ORANGE COUNTY LLC; COSTA MESA OPERATIONS",306005272,"RESIDENTIAL CARE ELDERLY",LICENSED,98,5/7/2019,"Premier"
"VINEYARD RANCH AT TEMECULA","27350 NICOLAS ROAD","TEMECULA",CA,92591,"RIVERSIDE","(951) 308-1988","KELLEY LARA","TRITON TEMECULA, LLC; NORTHSTAR SENIOR LIVING",331881258,"RESIDENTIAL CARE ELDERLY",LICENSED,98,3/1/2022,"Premier"
"WEST GLENN MANOR","7242 WESTMINSTER BLVD.","WESTMINSTER",CA,92683,"ORANGE","(714) 898-2131","ROSARIO NAZARENO","WEST GLENN MANOR INC.",306003060,"RESIDENTIAL CARE ELDERLY",LICENSED,98,1/1/2006,"None"
"CROWN COVE","3901 EAST COAST HIGHWAY","CORONA DEL MAR",CA,92625,"ORANGE","(760) 547-2863","JANETTE HILL","NEWPORT BEACH CA SR HSNG, LLC; ATSC II LLC",306005642,"RESIDENTIAL CARE ELDERLY",LICENSED,97,11/20/2019,"Premier"
"IVY PARK AT PALO ALTO","2701 EL CAMINO REAL","PALO ALTO",CA,94306,"SANTA CLARA","(703) 273-7500","STEPHANIE BRICE","HCRI SUN III TENANT; OAKMONT MANGEMENT GROUP LLC",435202623,"RESIDENTIAL CARE ELDERLY",LICENSED,97,8/13/2018,"Vizient"
"IVY PARK AT PALO ALTO","2701 EL CAMINO ROAD","PALO ALTO",CA,94306,"SANTA CLARA","(650) 326-1108","BRICE, STEPHANIE","TRANSFORMER OPCO LLC;OAKMONT MANAGEMENT GROUP LLC",435202929,"RESIDENTIAL CARE ELDERLY",PENDING,97,,"Vizient"
"MOTHER GERTRUDE HOME","11320 LAUREL CANYON BLVD","SAN FERNANDO",CA,91340,"LOS ANGELES","(818) 898-1546","SR. ELIA CARO","FRANCISCAN MISSIONARY SISTERS OF THE I.C.",191290719,"RESIDENTIAL CARE ELDERLY",LICENSED,97,2/28/1993,"None"
"OAKMONT OF BURLINGAME","1818 TROUSDALE DRIVE","BURLINGAME",CA,94010,"SAN MATEO","(650) 692-2805","JANNA O'SULLIVAN","TRANSFORMER OPCO LLC;OAKMONT MANAGEMENT GROUP LLC",415601178,"RESIDENTIAL CARE ELDERLY",LICENSED,97,7/17/2024,"Vizient"
"OAKMONT OF WHITTIER","13617 WHITTIER BLVD.","WHITTIER",CA,90605,"LOS ANGELES","(562) 693-8222","RUNGE, ADRIANE","OAKMONT SR. LVNG. OF WHITTIER OPCO, LLC; OAKMONT",198603479,"RESIDENTIAL CARE ELDERLY",LICENSED,97,9/7/2021,"Vizient"
"PASADENA VILLA SENIOR LIVING","1811 N. RAYMOND AVE","PASADENA",CA,91103,"LOS ANGELES","(626) 791-6232","MURPHY, MICHAEL","PASADENA VILLA, INC.",198603286,"RESIDENTIAL CARE ELDERLY",LICENSED,97,3/18/2020,"Premier"
"STRATFORD, THE","601 LAUREL AVE","SAN MATEO",CA,94401,"SAN MATEO","(650) 342-4106","JANIE WOO","SUNRISE STRATFORD GP & LP; SUNRISE SENIOR LVG MGT",415600689,"RCFE-CONTINUING CARE RETIREMENT COMMUNITY",LICENSED,96,8/1/2006,"None"
"AEGIS ASSISTED LIVING OF LAGUNA NIGUEL","32170 NIGUEL ROAD","LAGUNA NIGUEL",CA,92677,"ORANGE","(949) 496-8080","KURT KNAUER","AEGIS SENIOR COMMUNITIES, LLC",306003905,"RESIDENTIAL CARE ELDERLY",LICENSED,96,9/11/2008,"None"
"CENTINELA ASSISTED LIVING CENTRE","1000 S FLOWER ST","INGLEWOOD",CA,90301,"LOS ANGELES","(310) 674-3216","GWENDOLYN CRAIG","CENTINELA ASSISTED LIVING MANAGEMENT LLC",197607718,"RESIDENTIAL CARE ELDERLY",LICENSED,96,5/19/2009,"None"
"FARMSTEAD AT DIXON, THE","350 GATEWAY DRIVE","DIXON",CA,95620,"SOLANO","(707) 676-5060","MARK REYES","JACK NAPIER PROPERTIES; CALSON MNGMNT LLC",486804191,"RESIDENTIAL CARE ELDERLY",LICENSED,96,1/25/2024,"None"
"FOREMOST RETIREMENT RESORT INC","17581 SULTANA STREET","HESPERIA",CA,92345,"SAN BERNARDINO","(760) 244-5579","TURNER, DANICA","FOREMOST RETIREMENT RESORT INC",365530210,"RESIDENTIAL CARE ELDERLY",LICENSED,96,2/26/2025,"None"
"IVY PARK AT BONITA","3302 BONITA ROAD","CHULA VISTA",CA,91910,"SAN DIEGO","(619) 470-2220","NEWTON, RANDAL","TRANSFORMER OPCO LL;OAKMONT MANAGEMENT GROUP LLC",374604757,"RESIDENTIAL CARE ELDERLY",LICENSED,96,9/27/2024,"Vizient"
"RESIDENCES AT ROYAL BELLINGHAM, THE","12229 CHANDLER BOULEVARD","VALLEY VILLAGE",CA,91607,"LOS ANGELES","(818) 980-2997","LORI MCKAY","RESIDENCES AT ROYAL BELLINGHAM INC., THE",197608129,"RESIDENTIAL CARE ELDERLY",LICENSED,96,5/16/2011,"None"
"SILVERADO SENIOR LIVING-SAN JUAN CAPISTRANO","30311 CAMINO CAPISTRANO","SAN JUAN CAPISTRANO",CA,92675,"ORANGE","(949) 240-0550","SHEILA FIKE","SILVERADO SAN JUAN CAPISTRANO, LLC; SILVERADO SR.",306005691,"RESIDENTIAL CARE ELDERLY",LICENSED,96,3/1/2021,"None"
"VISTA DEL LAGO MEMORY CARE","1817 AVENIDA DEL DIABLO","ESCONDIDO",CA,92029,"SAN DIEGO","(760) 741-2888","MARIE HILL","DEL DIOS CARE, LLC;BAYSHIRE, LLC",374604274,"RESIDENTIAL CARE ELDERLY",LICENSED,96,9/9/2020,"Premier"
"AEGIS ASSISTED LIVING AT SHADOWRIDGE","1440 SOUTH MELROSE DRIVE","OCEANSIDE",CA,92056,"SAN DIEGO","(760) 806-3600","LANCE SHENK","AEGIS SENIOR COMMUNITIES LLC",374602653,"RESIDENTIAL CARE ELDERLY",LICENSED,95,9/22/2008,"Premier"
"ATRIA CARMICHAEL OAKS","8350 FAIR OAKS BLVD","CARMICHAEL",CA,95608,"SACRAMENTO","(916) 944-2323","DAVIS, KAYLA","WG CARMICHAEL OAKS LP; ATRIA MANAGEMENT CO LLC",347005251,"RESIDENTIAL CARE ELDERLY",LICENSED,95,7/31/2014,"Vizient"
"BLUFFS AT HAMILTON HILL, THE","1 HAMILTON HILL DRIVE","NOVATO",CA,94949,"MARIN","(415) 889-8026","LOMELI. LISA M","HAMILTON HILL I, LLC: MSL COMMUNITY MANAGEMENT LLC",216804066,"RESIDENTIAL CARE ELDERLY",LICENSED,95,9/15/2022,"None"
"CITRUS HILLS ASSISTED LIVING","142 S PROSPECT ST","ORANGE",CA,92869,"ORANGE","(714) 639-3590","ITZAYANA BARBA AGUIRRE","PROSPECT SENIOR LIVING, INC.",306005603,"RESIDENTIAL CARE ELDERLY",LICENSED,95,10/1/2019,"Premier, Vizient"
"COTTAGES AT PALM SPRINGS","1780 E BARISTO RD","PALM SPRINGS",CA,92262,"RIVERSIDE","(760) 322-3444","EDDY, TAMMY","PACIFICA SL PALM SPRINGS LLC;PALM SPRINGS MGR LLC",331880550,"RESIDENTIAL CARE ELDERLY",LICENSED,95,5/13/2019,"Premier"
"DISCOVERY COMMONS SAN RAMON","12720 ALCOSTA BLVD","SAN RAMON",CA,94583,"CONTRA COSTA","(925) 725-1485","STROMGREN, KIEL","12720 ALCOSTA BLVD OPCO LLC; INTEGRAL SR MGMNT LLC",79201455,"RESIDENTIAL CARE ELDERLY",LICENSED,95,4/1/2025,"Premier"
"GLENBROOK ASSISTED LIVING","1950 CALLE BARCELONA","CARLSBAD",CA,92009,"SAN DIEGO","(760) 704-6800","HARNESS, SADIE","GLENBROOK HC LLC/LIFE SERVICES LLC",374601560,"RESIDENTIAL CARE ELDERLY",LICENSED,95,1/5/2004,"None"
"PARAMOUNT HOUSE SENIOR LIVING","2061 PEABODY RD","VACAVILLE",CA,95687,"SOLANO","(707) 455-0300","SAMANIEGO,AGUSTIN","PARAMOUNT HOUSE LLC; NORTHSTAR SENIOR LIVING INC",486803710,"RESIDENTIAL CARE ELDERLY",LICENSED,95,12/21/2017,"Vizient"
"WATERMARK AT SAN RAMON, THE","12720 ALCOSTA BLVD","SAN RAMON",CA,94583,"CONTRA COSTA","(925) 725-1485","HARRISON, NANCY","SAN RAMON SR HSG LLC;INTEGRAL SR LIVING MGMT LLC",79200962,"RESIDENTIAL CARE ELDERLY",LICENSED,95,10/28/2020,"None"
"WINDSONG OF SONOMA","815 WOOD SORREL DRIVE","PETALUMA",CA,94954,"SONOMA","(707) 776-2885","JOHN BELTZ","INTEGRAL SENIOR LIVING MANAGEMENT LLC",496804150,"RESIDENTIAL CARE ELDERLY",LICENSED,95,6/1/2023,"None"
"APPLE RIDGE ASSISTED LIVING, LLC","3950 ANNADALE LANE","SACRAMENTO",CA,95821,"SACRAMENTO","(916) 489-6900","WHITE, CHARLES","APPLE RIDGE ASSISTED LIVING, LLC",342701251,"RESIDENTIAL CARE ELDERLY",LICENSED,94,7/9/2024,"Premier"
"CHINO HILLS SENIOR LIVING","6500 BUTTERFIELD RANCH RD","CHINO HILLS",CA,91709,"SAN BERNARDINO","(909) 606-2553","JULIE (OLMEDO) DION","PACIFICA CHINO HILLS LP; CHINO HILLS MGR LLC",366425024,"RESIDENTIAL CARE ELDERLY",LICENSED,94,7/16/2010,"None"
"PAVILION AT TECOLOTE CANYON, THE","3560 MT ACADIA BLVD","SAN DIEGO",CA,92111,"SAN DIEGO","(858) 256-7975","BULLER, JOSH","MOUNT ACADIA SENIOR OPERATIONS LLC;MT ACADIA ET AL",374604600,"RESIDENTIAL CARE ELDERLY",PENDING,94,,"None"
"RIALTO ASSISTED LIVING","1441 S RIVERSIDE AVE","RIALTO",CA,92376,"SAN BERNARDINO","(909) 877-2340","KYONG SUK LEE","SOCHUN OPERATION INC",361880660,"RESIDENTIAL CARE ELDERLY",LICENSED,94,1/25/2019,"None"
"TUSCAN HILLS SENIOR LIVING","3141 E VALLEY PARKWAY","ESCONDIDO",CA,92027,"SAN DIEGO","(760) 884-6050","ALSPACH, DAVID","APOLLO SENIOR CARE LLC NORTHSTAR SENIOR LIVING INC",371881692,"RESIDENTIAL CARE ELDERLY",PENDING,94,,"None"
"LINCOLN GLEN ASSISTED LIVING CENTER","2671 PLUMMER AVENUE","SAN JOSE",CA,95125,"SANTA CLARA","(408) 267-4872","JAMES B MORTENSEN","LINCOLN GLEN MANOR FOR SENIOR CITIZENS, INC.",435200941,"RCFE-CONTINUING CARE RETIREMENT COMMUNITY",LICENSED,93,10/13/2001,"Premier"
"CLAREMONT PLACE","120 WEST SAN JOSE AVENUE","CLAREMONT",CA,91711,"LOS ANGELES","(909) 447-5259","MARIANO, CARLA","MSLA CLAREMONT OPERATING LLC;MERIDIAN SENIOR LIVIN",198603786,"RESIDENTIAL CARE ELDERLY",LICENSED,93,12/30/2024,"Vizient"
"PACIFICA SENIOR LIVING MERCED","3420 R ST","MERCED",CA,95348,"MERCED","(209) 580-6124","LISA BARICEVIC","NORTHSTAR SENIOR LIVING INC",247206921,"RESIDENTIAL CARE ELDERLY",LICENSED,93,4/27/2015,"Premier"
"SUNRISE AT YORBA LINDA","4792 LAKEVIEW AVE","YORBA LINDA",CA,92886,"ORANGE","(714) 693-5368","TYLER HAWK","SZR YORBA LINDA LLC; SUNRISE SENIOR LIVING MGT",306002568,"RESIDENTIAL CARE ELDERLY",LICENSED,93,9/30/2004,"Premier"
"VETERANS  HOME OF CALIFORNIA-REDDING","3400 KNIGHTON ROAD","REDDING",CA,96002,"SHASTA","(530) 224-3300","EISZELE, PAMELA","CALIFORNIA DEPARTMENT OF VETERANS AFFAIRS",455002486,"RESIDENTIAL CARE ELDERLY",LICENSED,93,10/2/2013,"Premier"
"WHITTIER GLEN ASSISTED LIVING","10615 JORDAN RD","WHITTIER",CA,90603,"LOS ANGELES","(562) 943-3724","BARBA AGUIRRE, ITZAYANA","SYCAMORE SENIOR LIVING, INC.",198603162,"RESIDENTIAL CARE ELDERLY",LICENSED,93,10/1/2019,"Premier"
"BROOKDALE CENTRAL WHITTIER","8101 S PAINTER AVE","WHITTIER",CA,90602,"LOS ANGELES","(562) 698-0596","SANJAY KABADI","BREA WHITTIER LLC; EMERITUS CORPORATION",197606945,"RESIDENTIAL CARE ELDERLY",LICENSED,92,5/1/2007,"Premier, Vizient"
"LODGE AT PINER ROAD, THE","1980 PINER ROAD","SANTA ROSA",CA,95403,"SONOMA","(707) 852-2234","PERRY, ERIC","PINER ROAD SANTA ROSA INC;CALSON MANAGEMENT LLC",496804112,"RESIDENTIAL CARE ELDERLY",LICENSED,92,5/12/2023,"None"
"OAKMONT OF PACIFIC BEACH","955 GRAND AVE","SAN DIEGO",CA,92109,"SAN DIEGO","(858) 373-9300","CAROLINE SENTENO","WELLTOWER PACIFIC BEACH TENANT LLC;OAKMONT MGMT",374604281,"RESIDENTIAL CARE ELDERLY",LICENSED,92,7/14/2020,"Vizient"
"OAKMONT OF SAN JOSE","917 THORNTON WAY","SAN JOSE",CA,95128,"SANTA CLARA","(408) 371-7100","KIPPIE CASTRONOVO","OAKMONT SR LVNG OF SAN JOSE OPCO, LLC; OAKMONT MGM",435202818,"RESIDENTIAL CARE ELDERLY",LICENSED,92,4/13/2022,"Premier, Vizient"
"SEQUOIA SPRINGS SENIOR LIVING COMMUNITY","2401 REDWOOD WAY","FORTUNA",CA,95540,"HUMBOLDT","(707) 726-0111","ALMA PERALTA","EP OPERATION FORTUNA; SEQUOIA FORTUNA LLC",126803830,"RESIDENTIAL CARE ELDERLY",LICENSED,92,11/22/2019,"None"
"VALLEY COMFORT #5","2809 LOU ANN DRIVE","MODESTO",CA,95350,"STANISLAUS","(209) 544-8676","NICK GAITHER","GLENDA AND DALE GAITHER",507001176,"RESIDENTIAL CARE ELDERLY",LICENSED,92,1/19/1999,"None"
"REGENCY PALMS LONG BEACH","117 E 8TH STREET","LONG BEACH",CA,90813,"LOS ANGELES","(562) 432-9260","KENIA SANCHEZ PADILLA","GLOBAL REGENCY SNR CARE SVCS,LLC",198602567,"RESIDENTIAL CARE ELDERLY",LICENSED,91,10/12/2018,"None"
"AEGIS ASSISTED LIVING OF CARMICHAEL","4050 WALNUT AVE","CARMICHAEL",CA,95608,"SACRAMENTO","(916) 972-1313","TRACY LEHNER","AEGIS SENIOR COMMUNITIES LLC",347003994,"RESIDENTIAL CARE ELDERLY",LICENSED,90,6/20/2008,"Premier"
"AEGIS LIVING PLEASANT HILL","1660 OAK PARK BLVD","PLEASANT HILL",CA,94523,"CONTRA COSTA","(925) 939-2700","LINDA L. FISHER","OAK PARK BLVD PLEASANT HILL LLC; AEGIS SENIOR ET A",79201060,"RESIDENTIAL CARE ELDERLY",LICENSED,90,6/8/2021,"None"
"ATRIA COVINA","825 W SAN BERNARDINO RD","COVINA",CA,91722,"LOS ANGELES","(626) 967-9621","ALONDRA FUENTES","WG COVINA SH LP; ATRIA MANAGEMENT CO LLC",191592479,"RESIDENTIAL CARE ELDERLY",LICENSED,90,8/24/1989,"Vizient"
"BROOKDALE GARDENS OF TARZANA","18700 BURBANK BLVD","TARZANA",CA,91356,"LOS ANGELES","(818) 342-0003","HELEN LEE","BLC GARDENS-TARZANA, LP",197606676,"RESIDENTIAL CARE ELDERLY",LICENSED,90,6/30/2006,"Premier"
"BURLINGAME SENIOR LIVING","250 MYRTLE ROAD","BURLINGAME",CA,94010,"SAN MATEO","(650) 343-2747","IGNACIO LOPEZ","PACIFICA BURLINGAME LP;BURLINGAME MGR LLC",415601126,"RESIDENTIAL CARE ELDERLY",LICENSED,90,1/5/2023,"Premier"
"CAMPBELL VILLAGE","290 N. SAN TOMAS AQUINO ROAD","CAMPBELL",CA,95008,"SANTA CLARA","(408) 378-2535","DE OCAMPO, GERALYN","PREMIER SENIOR CARE GROUP CORPORATION",435294224,"RESIDENTIAL CARE ELDERLY",LICENSED,90,10/24/2006,"None"
"DELTA SHORES ASSISTED LIVIMG","825 E 18TH STREET","ANTIOCH",CA,94509,"CONTRA COSTA","(925) 706-7944","DAVID CLAWSON","SST SENIOR CARE, LLC; LAKE SHASTA LLC",79201249,"RESIDENTIAL CARE ELDERLY",LICENSED,90,3/27/2023,"Premier"
"ELDER ASHRAM","3121 FRUITVALE AVE","OAKLAND",CA,94602,"ALAMEDA","(510) 842-3192","MARIA LOURDES V RIVERA","ELDER ASHRAM INC",19200956,"RESIDENTIAL CARE ELDERLY",LICENSED,90,7/24/2020,"Premier"
"IVY PARK AT WEST HILLS","9012 TOPANGA CANYON ROAD","WEST HILLS",CA,91304,"LOS ANGELES","(818) 701-9550","LIDIA CAUCHI","TRANSFORMER OPCO LLC;OAKMONT MANAGEMENT GROUP LLC",197610501,"RESIDENTIAL CARE ELDERLY",LICENSED,90,7/3/2024,"Vizient"
"ORANGEBURG MANOR","1248 NELSON AVENUE","MODESTO",CA,95350,"STANISLAUS","(209) 527-2222","JENNIFER WHITELEY","NOV MODESTO LLC",502700869,"RESIDENTIAL CARE ELDERLY",LICENSED,90,4/28/2021,"None"
"ORCHARDS ASSISTED LIVING, THE","1 AMISTAD DRIVE","RANCHO MISSION VIEJO",CA,92694,"ORANGE","(949) 443-8900","CONK, KELLY","ORCHARDS HC LLC, THE",306005837,"RESIDENTIAL CARE ELDERLY",LICENSED,90,11/24/2020,"None"
"SAN LEANDRO SENIOR LIVING","348 W JUANA AVE","SAN LEANDRO",CA,94577,"ALAMEDA","(510) 357-1691","BERTUCCI, GLENDA T","P SAN LEANDRO LP; SAN LEANDRO MGR LLC",15601394,"RESIDENTIAL CARE ELDERLY",LICENSED,90,1/22/2009,"Premier"
"SILVERADO SENIOR LIVING-BERKELEY","2235 SACRAMENTO STREET","BERKELEY",CA,94702,"ALAMEDA","(949) 240-7200","EMORUWA, JEFFREY O","SILVERADO BERKELEY LLC; SILVERADO SR LVNG MGMT INC",19200938,"RESIDENTIAL CARE ELDERLY",LICENSED,90,4/2/2021,"Premier"
"WEST HILLS ASSISTED LIVING","7055 SHOUP AVENUE","WEST HILLS",CA,91307,"LOS ANGELES","(818) 883-7201","EDGARDO GALANG","WEST HILLS ASSISTED LIVING LLC",197610121,"RESIDENTIAL CARE ELDERLY",LICENSED,90,2/3/2021,"Premier"
"CYPRESS PLACE ASSISTED LIVING","1200 CYPRESS POINT LANE","VENTURA",CA,93003,"VENTURA","(805) 650-8000","GINA SALMAN","MH VENTURA AL OPERATING LLC;MERIDIAN SR LVG LLC",567609978,"RESIDENTIAL CARE ELDERLY",LICENSED,89,6/23/2020,"None"
"CYPRESS PLACE ASSISTED LIVING","1200 CYPRESS POINT LANE","VENTURA",CA,93003,"VENTURA","(805) 650-6000","ROZANER, GINA","MSLA CYPRESS OPERATING, LLC;MERIDIAN SENIOR LIVING",565850555,"RESIDENTIAL CARE ELDERLY",PENDING,89,,"None"
"LOMA CLARA SENIOR LIVING","16515 BUTTERFIELD BLVD","MORGAN HILL",CA,95037,"SANTA CLARA","(669) 258-3500","EUGENIA SMITH","STEADFAST COLLIN MORGAN HILL LLC;INTEGRAL SR LG MG",435202665,"RESIDENTIAL CARE ELDERLY",LICENSED,89,2/4/2019,"Vizient"
"SUNRISE ASSISTED LIVING OF DANVILLE","1027 DIABLO RD","DANVILLE",CA,94526,"CONTRA COSTA","(925) 831-1740","KIRSTEN KORFHAGE","SUNRISE WEST AL GP & LP; SUNRISE SENIOR LIVING MGT",79200294,"RESIDENTIAL CARE ELDERLY",LICENSED,89,1/9/2013,"None"
"AVENIR MEMORY CARE WESTSIDE","7501 OSAGE AVE","LOS ANGELES",CA,90045,"LOS ANGELES","(424) 282-0040","JODI KANOWITZ","AMCLA GP INC. ; AVENIR SENIOR LIVING, LLC",198320184,"RESIDENTIAL CARE ELDERLY",LICENSED,88,10/1/2021,"Vizient"
"HERITAGE COURT ASSISTED LIVING","275 GARNET WAY B","UPLAND",CA,91786,"SAN BERNARDINO","(909) 204-5000","SCHLOTTMAN, JACOB","GHC OF UPLAND RCFE, LLC",366413073,"RESIDENTIAL CARE ELDERLY",LICENSED,88,9/28/2007,"Premier"
"HOPKINS MANOR","1235 HOPKINS AVE","REDWOOD CITY",CA,94062,"SAN MATEO","(510) 390-8078","RICARDO ABAN","SCOTT VILLAS CORP",415601140,"RESIDENTIAL CARE ELDERLY",LICENSED,88,9/25/2023,"None"
"LIVING GRACE ASSISTED LIVING AND MEMORY CARE","1960 WEST LOWELL AVENUE","TRACY",CA,95376,"SAN JOAQUIN","(559) 313-8062","BREMER, MARLENE","LOWELL INVESTMENT LLC , SSG LOWELL INVESTMENT LLC",392701540,"RESIDENTIAL CARE ELDERLY",LICENSED,88,4/24/2025,"None"
"MADONNA GARDENS","1335 BYRON DR","SALINAS",CA,93901,"MONTEREY","(831) 758-0931","TYLER BRANES","SH 2 SALINAS OPCO LLC; CRFLD MANAGEMENT, LLC",275202569,"RESIDENTIAL CARE ELDERLY",LICENSED,88,7/7/2017,"Vizient"
"MARBELLA OROVILLE","400 EXECUTIVE PARKWAY","OROVILLE",CA,95966,"BUTTE","(530) 534-8160","LAINE, KRISTIE","OROVILLE ASST LIVING LLC; INTEGRAL SENIOR LIV MGMT",45000603,"RESIDENTIAL CARE ELDERLY",LICENSED,88,5/1/1998,"None"
"MARBELLA OROVILLE","400 EXECUTIVE PARKWAY","OROVILLE",CA,95966,"BUTTE","(530) 537-8160","SHARP, MEGAN","VOP OROVILLE,LP & INTEGRAL SENIOR LIVING MGMT LLC",45920290,"RESIDENTIAL CARE ELDERLY",PENDING,88,,"None"
"OAKMONT OF FOLSOM","1574 CREEKSIDE DR","FOLSOM",CA,95630,"SACRAMENTO","(916) 817-4500","HILL, ANYSSA","HCRI OF FOLSOM TENANT; OAKMONT MANAGEMENT GROUP",347005427,"RESIDENTIAL CARE ELDERLY",LICENSED,88,9/26/2014,"Vizient"
"SEA BLUFFS, THE","25421 AND 25401 SEA BLUFFS DR","DANA POINT",CA,92629,"ORANGE","(949) 234-3000","BRENT BROADHURST","WELL OAK TENANT LLC;OAKMONT MANAGEMENT GROUP LLC",306006345,"RESIDENTIAL CARE ELDERLY",LICENSED,88,11/17/2023,"None"
"SUNRISE AT CANYON CREST","5265 CHAPALA DR","RIVERSIDE",CA,92507,"RIVERSIDE","(951) 686-6075","SEGURA, HEATHER","SZR RIVERSIDE ASSISTED LVG; SUNRISE SENIOR LVG MGT",336403028,"RESIDENTIAL CARE ELDERLY",LICENSED,88,7/30/1999,"None"
"WINDHAM, THE","1100 E SPRUCE AVE","FRESNO",CA,93720,"FRESNO","(559) 449-8070","EARLEY, JOHN","CADENCE SL WINDHAM FRSNO LLC; CAP IX-WINDHAM LLC",107208930,"RESIDENTIAL CARE ELDERLY",LICENSED,88,6/7/2019,"Premier"
"WOODRUFF CARE HOME INC","16409 WOODRUFF AVENUE","BELLFLOWER",CA,90706,"LOS ANGELES","(562) 925-6581","GEMMA DEOSO","WOODRUFF CARE HOME, INC.",191592947,"RESIDENTIAL CARE ELDERLY",LICENSED,88,1/18/1991,"Premier"
"BUENA VISTA MANOR HOUSE","399 BUENA VISTA EAST","SAN FRANCISCO",CA,94117,"SAN FRANCISCO","(415) 863-1721","ANGELINA GUZMAN","BUENA VISTA ASSOCIATES(A LIMITED PARTNERSHIP)",380540203,"RESIDENTIAL CARE ELDERLY",LICENSED,87,11/13/1990,"Premier"
"BUENA VISTA MANOR HOUSE","399 BUENA VISTA AVENUE EAST","SAN FRANCISCO",CA,94117,"SAN FRANCISCO","(415) 863-1721","WALL, DAVID R.","BUENA VISTA MANOR HOUSE CO.",385601188,"RESIDENTIAL CARE ELDERLY",PENDING,87,,"None"
"SILVERADO SENIOR LIVING-SIERRA VISTA","125 E. SIERRA MADRE AVE","AZUSA",CA,91702,"LOS ANGELES","(626) 812-9777","GWINN, VIDA","SILVERADO SIERRA VISTA LLC; SILVERADO SR LVNG MGMT",198603267,"RESIDENTIAL CARE ELDERLY",LICENSED,87,3/8/2021,"Premier"
"INN ON VILLA LANE, THE","3255 VILLA LANE","NAPA",CA,94558,"NAPA","(707) 252-3333","DORLA LICAUSI","CHANCELLOR HEALTH CARE OF CALIFORNIA XIV INC,ET AL",286804069,"RESIDENTIAL CARE ELDERLY",LICENSED,86,7/1/2022,"Premier"
"IVY PARK AT WALNUT CREEK","2175 YGNACIO VALLEY ROAD","WALNUT CREEK",CA,94598,"CONTRA COSTA","(925) 932-3500","LINDA NGUYEN","TRANSFORMER OPCO LLC;OAKMONT MANAGEMENT GROUP LLC",79201317,"RESIDENTIAL CARE ELDERLY",LICENSED,86,4/15/2024,"Vizient"
"LASSEN HOUSE SENIOR LIVING","705 LUTHER RD","RED BLUFF",CA,96080,"TEHAMA","(530) 529-2900","BRASWELL, NICOLE","ASSISTED LIVING FACILITIES, INC.;COMPASS SENIOR LV",525002755,"RESIDENTIAL CARE ELDERLY",LICENSED,86,7/1/2020,"Premier"
"OAKS AT INGLEWOOD ASSISTED LIVING, THE","6725 INGLEWOOD AVE","STOCKTON",CA,95207,"SAN JOAQUIN","(209) 957-6257","BRITTANY ANDREWS","WELLTOWER PEGASUS TENANT LLC;PSL ASSOCAITES LLC",392700475,"RESIDENTIAL CARE ELDERLY",LICENSED,86,2/1/2019,"Premier"
"OCEANVIEW LIVING OF SAN PEDRO","2100 SOUTH WESTERN AVENUE","SAN PEDRO",CA,90732,"LOS ANGELES","(310) 548-0625","SABINA NAYBERG","9 GEM ENTERPRISES LLC; OCEANVIEW LIVING OF ET AL",198320433,"RESIDENTIAL CARE ELDERLY",LICENSED,86,6/1/2024,"None"
"AEGIS GARDENS","36281 FREMONT BLVD","FREMONT",CA,94536,"ALAMEDA","(510) 739-0909","POON, EMILY","FREMONT BLVD FREMONT LLC ; AEGIS SENIOR COMMUNITIE",19201063,"RESIDENTIAL CARE ELDERLY",LICENSED,85,6/29/2021,"Premier, Vizient"
"CALIFORNIA MISSION INN","8417 MISSION DR","ROSEMEAD",CA,91770,"LOS ANGELES","(626) 287-0438","JARED GREEN","SAN GABRIEL SENIOR LIVING, INC.",198603161,"RESIDENTIAL CARE ELDERLY",LICENSED,85,10/1/2019,"Premier"
"CALIFORNIA MISSION INN - ROSE MANOR","4825 EARLE AVE","ROSEMEAD",CA,91770,"LOS ANGELES","(626) 287-0438","JARED GREEN","SAN GABRIEL SENIOR LIVING, INC.",198603163,"RESIDENTIAL CARE ELDERLY",LICENSED,85,10/1/2019,"None"
"ENCINO TERRACE SENIOR LIVING","16025 VENTURA BLVD","ENCINO",CA,91436,"LOS ANGELES","(818) 986-8466","ROSE YOUSEFIAN","ASLO GP, ENCINO HILLS OPCO. LP;ENCINO TERRACE, LLC",197609496,"RESIDENTIAL CARE ELDERLY",LICENSED,85,11/13/2018,"None"
"GRAMERCY COURT","2200 GRAMERCY DRIVE","SACRAMENTO",CA,95825,"SACRAMENTO","(916) 482-2200","TONI JONES","GHC OF SAC RCFE LLC",342700064,"RESIDENTIAL CARE ELDERLY",LICENSED,85,8/10/2018,"Premier"
"GRAND OAKS ASSISTED LIVING","999 NORTH M STREET","TULARE",CA,93274,"TULARE","(559) 684-1001","SHELLHAMER, DAVID","GRAND OAKS ASSISTED LIVING",547209374,"RESIDENTIAL CARE ELDERLY",LICENSED,85,6/6/2024,"Premier"
"IVY PARK AT FULLERTON","2226 NORTH EUCLID STREET","FULLERTON",CA,92835,"ORANGE","(714) 738-3656","HALE, CHRISTINA","TRANSFORMER OPCO LLC;OAKMONT MANAGEMENT GROUP LLC",306006463,"RESIDENTIAL CARE ELDERLY",LICENSED,85,11/26/2024,"Vizient"
"JASMIN TERRACE AT YUCCA VALLEY","55425 SANTA FE TRAIL","YUCCA VALLEY",CA,92284,"SAN BERNARDINO","(760) 365-0887","MICHAEL GARCIA","VVS1, LLC",361880801,"RESIDENTIAL CARE ELDERLY",LICENSED,85,9/8/2020,"Premier"
"MONTECITO MANOR","311 MONTECITO AVE.","WATSONVILLE",CA,95076,"SANTA CRUZ","(831) 724-3055","JOLENE SICLEY","S. SCAGLIOTTI, INC. DBA MONTECITO MANOR",445202356,"RESIDENTIAL CARE ELDERLY",LICENSED,85,1/31/2013,"None"
"OAKDALE HEIGHTS OF REDDING","101 QUARTZ HILL RD","REDDING",CA,96003,"SHASTA","(530) 241-6047","BOBAN, KRISTINE","QUAIL CREST REDDING 1, LLC ; LENITY MANAGEMENT,LLC",455002786,"RESIDENTIAL CARE ELDERLY",LICENSED,85,4/12/2022,"None"
"PARK VISTA AT MORNINGSIDE","2527 BREA BLVD","FULLERTON",CA,92835,"ORANGE","(714) 256-8008","HAIDY MIKHAEL ANDRAWES","MORNINGSIDE SP ASSOCIATES INC, GP OF CORECARE V",300613274,"RESIDENTIAL CARE ELDERLY",LICENSED,85,11/9/1993,"None"
"PLAZA VILLAGE SENIOR LIVING","950 L AVE","NATIONAL CITY",CA,91950,"SAN DIEGO","(619) 474-4844","SHETLER, MARIA","PLAZA VILLAGE SR LVG LLC; MALLARD SR LVG MGMT LLC",374602972,"RESIDENTIAL CARE ELDERLY",LICENSED,85,1/10/2011,"None"
"SUNRISE OF SAN MATEO","955 S EL CAMINO REAL","SAN MATEO",CA,94402,"SAN MATEO","(650) 558-8555","ABBIE APOLINARIO","SZR SAN MATEO LLC; SUNRISE SENIOR LIVING MGT",415600255,"RESIDENTIAL CARE ELDERLY",LICENSED,85,4/25/2001,"None"
"VILLA LORENA","14740 VIA FIESTA","SAN DIEGO",CA,92127,"SAN DIEGO","(858) 583-8480","GARZA, NORA","SANTALUZ SENIOR PARTNERS,LP;VLGP INC(GEN. PARTNER)",374603750,"RESIDENTIAL CARE ELDERLY",LICENSED,85,3/30/2017,"None"
"CORAL OAKS CARE LIVING","4271 CARLIN AVE","LYNWOOD",CA,90262,"LOS ANGELES","(310) 763-4881","ELEANOR BARRIENTOS","CORAL OAKS CARE LIVING, INC.",198602099,"RESIDENTIAL CARE ELDERLY",LICENSED,84,4/10/2015,"None"
"MANTECA RTRMT COM-HAPPY LVNG BY COGIR/COGIR MANTEC","430 NORTH UNION RD","MANTECA",CA,95337,"SAN JOAQUIN","(209) 823-0164","JAMES HALL","WELLTOWER COGIR TENANT LLC;COGIR MGT USA INC",392700473,"RESIDENTIAL CARE ELDERLY",LICENSED,84,2/1/2019,"None"
"SEA CLIFF ASSISTED LIVING","18851 FLORIDA STREET","HUNTINGTON BEACH",CA,92648,"ORANGE","(714) 847-3999","CLARK, TAYLOR","SANDPIPER SENIOR LIVING LLC",306006146,"RESIDENTIAL CARE ELDERLY",LICENSED,84,7/6/2022,"Premier, Vizient"
"SUNNYSIDE GARDENS","1025 CARSON DRIVE","SUNNYVALE",CA,94086,"SANTA CLARA","(408) 730-4070","KAREN MANDAIR","MONTVALE INC.",430708612,"RESIDENTIAL CARE ELDERLY",LICENSED,84,3/7/1989,"Premier"
"VALENCIA TERRACE","2300 SOUTH MAIN STREET","CORONA",CA,92882,"RIVERSIDE","(951) 273-1300","EDGAR GALLARDO","KSL CORONA, LP & KISCO SENIOR LIVING, LLC",336424105,"RESIDENTIAL CARE ELDERLY",LICENSED,84,8/11/2009,"Premier"
"VETERANS HOME OF CALIFORNIA - WEST LOS ANGELES","11500 NIMITZ AVENUE","LOS ANGELES",CA,90049,"LOS ANGELES","(424) 832-8200","DEVON YOUNG","VETERANS HOME OF CALIFORNIA - WEST LOS ANGELES",197607966,"RESIDENTIAL CARE ELDERLY",LICENSED,84,8/2/2010,"Premier"
"VILLAGE AT SYDNEY CREEK, THE","1234 LAUREL LANE","SAN LUIS OBISPO",CA,93401,"SAN LUIS OBISPO","(805) 543-2350","LIZA HIX","VILLAGE PACIFIC MANAGEMENT GROUP, LLC, THE",405800577,"RESIDENTIAL CARE ELDERLY",LICENSED,84,8/14/2000,"Premier"
"COGIR OF NORTH BAY","2261 TUOLUMNE ST","VALLEJO",CA,94589,"SOLANO","(707) 552-3336","FREUDENDAHL,TRACY","WELLTOWER COGIR TENANT LLC; COGIR MNGT USA INC",486803810,"RESIDENTIAL CARE ELDERLY",LICENSED,83,2/1/2019,"Premier"
"GRANVIDA SENIOR LIVING AND MEMORY CARE","5464 CARPINTERIA AVENUE","CARPINTERIA",CA,93013,"SANTA BARBARA","(805) 566-0017","CHARLES EUSEY","RBP CARPINTERIA OP LLC;MALLARD SENIOR MGMT, LLC",425850335,"RESIDENTIAL CARE ELDERLY",LICENSED,83,7/31/2023,"Premier, Vizient"
"VISTA HARDEN RANCH","290 REGENCY CIRCLE","SALINAS",CA,93906,"MONTEREY","(805) 319-7370","CARTER, JOY","RBP SALINAS OP LLC; MALLARD SENIOR LIVING MGT LLC",275202817,"RESIDENTIAL CARE ELDERLY",LICENSED,83,1/18/2022,"Premier"
"BROOKDALE LODI","2220 W. KETTLEMAN LANE","LODI",CA,95242,"SAN JOAQUIN","(209) 367-8870","MARY MARGARET CHAPPELL","BLC CHANCELLOR-LODI LH, LLC",397003771,"RESIDENTIAL CARE ELDERLY",LICENSED,82,10/18/2007,"Premier"
"BROOKDALE MURRIETA","24350 JACKSON AVE","MURRIETA",CA,92562,"RIVERSIDE","(951) 696-5753","CINDY GARCIA","BLC CHANCELLOR-MURRIETA LH LLC",336413087,"RESIDENTIAL CARE ELDERLY",LICENSED,82,6/1/2007,"Premier"
"CAREFIELD PLEASANTON","4115 MOHR AVE.","PLEASANTON",CA,94566,"ALAMEDA","(925) 461-8409","O'FARRELL, EUNICE","SH 10 PLEASANTON OPCO, LLC ; CRFLD MANAGEMENT, LLC",19201039,"RESIDENTIAL CARE ELDERLY",LICENSED,82,8/30/2021,"None"
"COGIR OF SONOMA","800 OREGON ST","SONOMA",CA,95476,"SONOMA","(707) 996-7101","RAFAEL MENDOZA","WELLTOWER COGIR TENANT; COGIR MANAGEMENT USA",496803812,"RESIDENTIAL CARE ELDERLY",LICENSED,82,2/1/2019,"None"
"GORDON MANOR","1616 GORDON STREET","REDWOOD CITY",CA,94061,"SAN MATEO","(650) 562-0555","GADDI, PORTIA","MZR,INC GORDON MANOR",415601115,"RESIDENTIAL CARE ELDERLY",LICENSED,82,3/3/2022,"None"
"GRANDVIEW MANOR","4411 CHICAGO AVE","RIVERSIDE",CA,92507,"RIVERSIDE","(909) 781-8400","SHALABI, JAMAL","INLAND CARE SERVICE INC",331881456,"RESIDENTIAL CARE ELDERLY",LICENSED,82,9/13/2023,"None"
"HEALDSBURG SENIOR LIVING COMMUNITY","725 GROVE STREET","HEALDSBURG",CA,95448,"SONOMA","(707) 433-4877","RODRIGUEZ, BRANDEE","PACIFICA SL GROVE ST LP; HEALDSBURG MGR LLC",496803751,"RESIDENTIAL CARE ELDERLY",ON PROBATION,82,12/28/2022,"Premier"
"HIGH DESERT HAVEN","1240 COLLEGE HEIGHTS BLVD","RIDGECREST",CA,93555,"KERN","(760) 371-1989","MATHEW, ABRAHAM","DESERT BLOOM INC; HIGH DESERT HAVEN LLC",157209068,"RESIDENTIAL CARE ELDERLY",LICENSED,82,10/1/2020,"None"
"IVY PARK AT SAN TOMAS","3930 WILLIAMS RD","SAN JOSE",CA,95117,"SANTA CLARA","(669) 201-2015","PADILLA SANCHEZ, KENIA","WEST VALLEY MC,LLC; OAKMONT MANAGEMENT GROUP LLC",435202874,"RESIDENTIAL CARE ELDERLY",LICENSED,82,6/6/2023,"None"
"SILVERADO SENIOR LIVING- NEWPORT MESA","350 W BAY STREET","COSTA MESA",CA,92627,"ORANGE","(949) 631-2212","HEATHER YOUNAN","SILVERADO NEWPORT MESA LLC;SILVERADO SR LVNG MGMT",306005693,"RESIDENTIAL CARE ELDERLY",LICENSED,82,2/9/2021,"None"
"SILVERADO THOUSAND OAKS, LLC","980 WARWICK AVE","THOUSAND OAKS",CA,91360,"VENTURA","(805) 307-7300","ROBLOE BABASANTA","SILVERADO THOUSAND OAKS LLC;SILVERADO SR LVNG MGMT",565850072,"RESIDENTIAL CARE ELDERLY",LICENSED,82,3/5/2021,"None"
"SUNRISE OF ROCKLIN","6100 SIERRA COLLEGE BLVD","ROCKLIN",CA,95677,"PLACER","(916) 632-3003","LAURIE SPURLOCK","SUNRISE ROCKLIN SR LVG; SUNRISE SENIOR LIVING MGT",315001968,"RESIDENTIAL CARE ELDERLY",LICENSED,82,3/30/2007,"None"
"VINEYARD PLACE","24325 WASHINGTON AVE","MURRIETA",CA,92562,"RIVERSIDE","(951) 387-8410","ARLENE CRAWFORD","ANTHEM MURRIETA MANAGEMENT, LLC",331800073,"RESIDENTIAL CARE ELDERLY",LICENSED,82,9/26/2016,"Vizient"
"VINEYARD PLACE","24325 WASHINGTON AVE","MURRIETA",CA,92562,"RIVERSIDE","(951) 387-8410","TAYLOR, THOMAS","MURRIETA 24325, LLC",331881737,"RESIDENTIAL CARE ELDERLY",PENDING,82,,"Vizient"
"IVY PARK AT CLAREMONT","2053 NORTH TOWNE AVE","CLAREMONT",CA,91711,"LOS ANGELES","(909) 398-4688","HERNANDEZ, DAISY","TRANSFORMER OPCO LLC;OAKMONT MANGEMENT GROUP LLC",198603729,"RESIDENTIAL CARE ELDERLY",LICENSED,81,8/5/2024,"None"
"OAKMONT OF BROOKSIDE","3318 BROOKSIDE ROAD","STOCKTON",CA,95219,"SAN JOAQUIN","(209) 473-1300","TRACY BURKE","OAKMONT SENIOR LIVING OF BROOKSIDE OPCO, LLC AND",392701057,"RESIDENTIAL CARE ELDERLY",LICENSED,81,8/13/2021,"None"
"ACTIVCARE AT BRESSI RANCH","6255 NYGAARD","CARLSBAD",CA,92009,"SAN DIEGO","(760) 603-9999","MCDONALD, JASON","RAC BRESSI RANCH/HEALTH CARE GRP/INCOME PROP. GRP",374603190,"RESIDENTIAL CARE ELDERLY",LICENSED,80,11/4/2011,"Vizient"
"ACTIVCARE AT ROLLING HILLS RANCH","850 DUNCAN RANCH ROAD","CHULA VISTA",CA,91914,"SAN DIEGO","(619) 482-8000","BONGHABIH N. SHEY","RAC RLG HLS LP/INCOME PRTY GRP GP/ACTIVCARE LV INC",374603431,"RESIDENTIAL CARE ELDERLY",LICENSED,80,10/3/2013,"Premier, Vizient"
"ACTIVCARE AT YORBA LINDA","4725 VALLEY VIEW AVE","YORBA LINDA",CA,92886,"ORANGE","(714) 577-8005","ELVA LEDESMA","RAC YORBA LINDA,INCOME PROP GRP; ACTIVCARE LIVING",306005322,"RESIDENTIAL CARE ELDERLY",LICENSED,80,7/31/2017,"Vizient"
"BROOKDALE WINDSOR","907 ADELE DR","WINDSOR",CA,95492,"SONOMA","(707) 837-8785","KINNEY, JEANNETTE","BLC CHANCELLOR-WINDSOR INC GP BLC CHANCELOR-WIN LP",496802025,"RESIDENTIAL CARE ELDERLY",LICENSED,80,5/25/2007,"Premier"
"COGIR OF VALLEJO HILLS","350 LOCUST DRIVE","VALLEJO",CA,94591,"SOLANO","(707) 553-2698","ALLEN, SUSAN","WELLTOWER COGIR TENANT LLC; COGIR MNGT USA INC",486803808,"RESIDENTIAL CARE ELDERLY",LICENSED,80,2/1/2019,"Premier"
"COURTYARD AT RIO LAS PALMAS, THE","877 EAST MARCH LANE","STOCKTON",CA,95207,"SAN JOAQUIN","(209) 957-4711","GUERRERO, LIZETH","SNH CAL TENANT LLC FVE MANAGERS, INC",392700640,"RESIDENTIAL CARE ELDERLY",LICENSED,80,1/16/2020,"Premier"
"COURTYARD AT RIO LAS PALMAS, THE","877 EAST MARCH LANE","STOCKTON",CA,95207,"SAN JOAQUIN","(209) 957-4711","GUERRERO,LIZETH","STOCKTON CA SLC TENANT LLC; FVE MANAGERS INC",392701662,"RESIDENTIAL CARE ELDERLY",PENDING,80,,"None"
"COURTYARD, THE","1240 WILLIAMS WAY","YUBA CITY",CA,95991,"SUTTER","(530) 790-3050","BRANDY STRAHL","UNITED COM-SERVE FREMONT-RIDEOUT HEALTH GROUP",515000683,"RESIDENTIAL CARE ELDERLY",LICENSED,80,1/1/1999,"Premier"
"CRYSTAL CREEK SENIOR LIVING","2435 WAGNER HEIGHTS ROAD","STOCKTON",CA,95209,"SAN JOAQUIN","(209) 477-5353","PUNNI,MANISHA","NARRAGANSETT BAY HOLDINGS, LLC",392701576,"RESIDENTIAL CARE ELDERLY",PENDING,80,,"Premier"
"DAVIS GUEST HOME #8","5348 KIERNAN AVENUE","SALIDA",CA,95368,"STANISLAUS","(209) 622-2042","SPEEGLE, MISTY","DAVIS GUEST HOME, INC.",502700233,"RESIDENTIAL CARE ELDERLY",LICENSED,80,9/17/2018,"None"
"EMERALD VALLEY","7601 AMADOR VALLEY BLVD","DUBLIN",CA,94568,"ALAMEDA","(925) 361-0913","ESPINOZA, MARISSA K","AMADOR VALLEY 1, LLC;MSL COMMUNITY MGMT LLC",19201167,"RESIDENTIAL CARE ELDERLY",LICENSED,80,8/1/2022,"None"
"HENRIETTA'S LEVEN OAKS","120 S. MYRTLE AVENUE","MONROVIA",CA,91016,"LOS ANGELES","(213) 478-0800","STEPHANY PEREZ","SPECIALIZED COMMUNITY HEALTHCARE COMPANY",198603586,"RESIDENTIAL CARE ELDERLY",LICENSED,80,8/30/2022,"None"
"HOSPITALITY HOUSE","5400 KIERNAN AVENUE","SALIDA",CA,95368,"STANISLAUS","(209) 543-9275","PADILLA, LORRAINE","SIPNK ADMIN, LLC",502701194,"RESIDENTIAL CARE ELDERLY",LICENSED,80,1/23/2023,"Vizient"
"IVY PARK AT LA PALMA","5321 LA PALMA AVENUE","LA PALMA",CA,90623,"ORANGE","(724) 739-8111","MUNOZ, JENNIFER","TRANSFORMER OPCO LLC;OAKMONT MANAGEMENT GROUP LLC",306006451,"RESIDENTIAL CARE ELDERLY",LICENSED,80,7/30/2024,"Vizient"
"LA VERNE MANOR","2555 6TH STREET","LA VERNE",CA,91750,"LOS ANGELES","(909) 593-4567","JOHN MICHAEL TANADA","EON RESOURCES CORPORATION",197606540,"RESIDENTIAL CARE ELDERLY",LICENSED,80,2/28/2006,"None"
"LINCOLN VILLA","41040 LINCOLN STREET","FREMONT",CA,94538,"ALAMEDA","(510) 656-4373","WU, LULIN","LINCOLN VILLA CORP",19201495,"RESIDENTIAL CARE ELDERLY",PENDING,80,,"Vizient"
"MUIRWOODS MEMORY CARE","750 NORTH MCDOWELL BLVD","PETALUMA",CA,94954,"SONOMA","(707) 775-4330","KARINA MEDINA","MUIRWOODS MSL LLC; MSL COMMUNITY MANAGEMENT LLC",496830756,"RESIDENTIAL CARE ELDERLY",LICENSED,80,5/25/2018,"None"
"OAKMONT OF MARINER POINT","2400  MARINER SQUARE DRIVE","ALAMEDA",CA,94502,"ALAMEDA","(510) 347-5959","HAN, MINDY M","OAKMONT SENIOR LIVING OF MARINER OPCO, LLC AND OAK",19201084,"RESIDENTIAL CARE ELDERLY",LICENSED,80,9/14/2021,"Vizient"
"RAYA'S PARADISE OF SAN CLEMENTE","101 AVENIDA CALAFIA","SAN CLEMENTE",CA,92672,"ORANGE","(949) 420-9898","WESTPHALN, MONICA","RP OF SC INC",306006014,"RESIDENTIAL CARE ELDERLY",LICENSED,80,7/19/2022,"Premier"
"RIVER FOUNTAINS OF LODI","311 WEST TURNER ROAD","LODI",CA,95240,"SAN JOAQUIN","(209) 334-3763","REBECCA COBB","RIVER FOUNTAINS OF LODI A CALIFORNIA CORP",397004012,"RESIDENTIAL CARE ELDERLY",LICENSED,80,10/8/2008,"Premier"
"ROYAL OAKS INN","45 ERBES RD","THOUSAND OAKS",CA,91362,"VENTURA","(805) 495-4657","JAKOBOVICH, BRANDON","OCEAN GROUP HOLDINGS, LLC",567609831,"RESIDENTIAL CARE ELDERLY",LICENSED,80,10/10/2019,"None"
"SAVANT OF NORWALK","11515 FIRESTONE BLVD","NORWALK",CA,90650,"LOS ANGELES","(562) 379-9200","CHANEL A. SANCHEZ","NORWALK RETIREMENT VILLA LLC",198603172,"RESIDENTIAL CARE ELDERLY",LICENSED,80,12/17/2020,"None"
"SONNET HILL","429 MERIDIAN AVE","SAN JOSE",CA,95126,"SANTA CLARA","(408) 731-0019","LATU, JASMINE","STELLA SNR HOUSING HOLDINGS LLC; ALLY SNR LVG, LLC",435202780,"RESIDENTIAL CARE ELDERLY",LICENSED,80,5/27/2021,"Premier"
"VILLA CAPRI","1397 FOUNTAINGROVE PKWY","SANTA ROSA",CA,95403,"SONOMA","(707) 526-9090","CORTES, MARIA","VARENNA ASSISTED LIVING LLC; WELLQUEST LIVING LLC",496802026,"RESIDENTIAL CARE ELDERLY",LICENSED,80,5/29/2007,"Premier, Vizient"
"VILLA REDONDO CARE HOME","237 REDONDO AVENUE","LONG BEACH",CA,90803,"LOS ANGELES","(562) 434-9931","MARIA BRAVO","VILLA REDONDO CARE HOME INC.",198204399,"RESIDENTIAL CARE ELDERLY",LICENSED,80,10/27/2004,"None"
"WAGNER HEIGHTS RESIDENTIAL","2435 WAGNER HEIGHTS RD","STOCKTON",CA,95209,"SAN JOAQUIN","(209) 477-5353","MANISHA PUNNI","COVENANT CARE CALIFORINA LLC",392700306,"RESIDENTIAL CARE ELDERLY",LICENSED,80,5/7/2018,"Vizient"
"MARBELLA CHICO","1351 E. LASSEN AVENUE","CHICO",CA,95973,"BUTTE","(530) 899-0814","BLOW, SCOTT","CHICO VENTURES LLC; INTEGRAL SENIOR LIV MGMT LLC",45000644,"RESIDENTIAL CARE ELDERLY",LICENSED,79,9/1/1998,"Premier"
"MARBELLA CHICO","1351 EAST LASSEN AVENUE","CHICO",CA,95973,"BUTTE","(530) 899-0814","SCOTT BLOW","VOP CHICO, LP; INTEGRAL SENIOR LIVING MGMT LLC",45920288,"RESIDENTIAL CARE ELDERLY",PENDING,79,,"None"
"OAKMONT GARDENS","301 WHITE OAK DRIVE","SANTA ROSA",CA,95409,"SONOMA","(707) 538-1914","MORGAN HOLIEN","FFI OAKMONT TENANT LLC; LIFE CARE SERVICES LLC",496803998,"RESIDENTIAL CARE ELDERLY",LICENSED,79,1/31/2022,"Premier"
"SIERRA VIEW HOMES RESIDENTIAL CARE","1155 E. SPRINGFIELD","REEDLEY",CA,93654,"FRESNO","(559) 638-9226","PENNER, VIRGINIA B.","SIERRA VIEW HOMES, INC.",100406684,"RCFE-CONTINUING CARE RETIREMENT COMMUNITY",LICENSED,78,3/18/1991,"Premier"
"ABBEY ROAD VILLA","14132 HUBBARD STREET","SYLMAR",CA,91342,"LOS ANGELES","(818) 837-0077","MARINE KARAPETIAN","ABBEY ROAD VILLA, LLC",197608349,"RESIDENTIAL CARE ELDERLY",LICENSED,78,8/1/2012,"None"
"ALMOND GROVE ASSISTED LIVING","6135 ALMOND AVENUE","ORANGEVALE",CA,95662,"SACRAMENTO","(916) 988-7506","PRICE, DARRELL","ALMOND HOUSE ASSISTED LIVING, LLC",345002854,"RESIDENTIAL CARE ELDERLY",LICENSED,78,3/25/2022,"Premier"
"COTTAGES OF CARMEL","26245 CARMEL RANCHO BLVD.","CARMEL",CA,93923,"MONTEREY","(831) 620-1800","ESTRELLADO, JULE MAY","26245 CARMEL RANCHO BLVD. OPCO LLC;OAKMONT MGMT.",277209489,"RESIDENTIAL CARE ELDERLY",LICENSED,78,9/27/2024,"Premier, Vizient"
"FOOTHILL VILLAGE SENIOR LIVING","1400 FOOTHILL VILLAGE DRIVE","ANGELS CAMP",CA,95222,"CALAVERAS","(805) 801-0404","JACOB HARRYMAN","AUERBACH-PRADO SR LVG/FOOTHILL; RED BENCH MGMT LLC",52700992,"RESIDENTIAL CARE ELDERLY",LICENSED,78,5/18/2021,"Premier"
"HERITAGE HILLS","2108 EL CAMINO REAL","OCEANSIDE",CA,92054,"SAN DIEGO","(760) 206-7930","MICHAEL MCCOY","HAWKES O-SIDE 1 LLC; BAYSHIRE LLC",374603778,"RESIDENTIAL CARE ELDERLY",LICENSED,78,10/6/2017,"None"
"OAKWOOD MEADOWS ASSISTED LIVING","7241 CANELO HILLS DR","CITUS HEIGHTS",CA,95610,"SACRAMENTO","(916) 722-2800","TORGERSEN, DANIEL","MAKENA BAY, LLC",345920108,"RESIDENTIAL CARE ELDERLY",LICENSED,78,9/26/2024,"None"
"WATERLEAF AT LAND PARK, THE","966 43RD AVENUE","SACRAMENTO",CA,95831,"SACRAMENTO","(916) 394-9400","COREEN TIGLEY","VALINE COURT SENIOR CARE, INC.",347001970,"RESIDENTIAL CARE ELDERLY",LICENSED,78,6/18/2002,"None"
"IVY PARK AT ALTA LOMA","9519 BASELINE ROAD","RANCHO CUCAMONGA",CA,91730,"SAN BERNARDINO","(909) 941-3001","SANCHEZ, JENNIFER","TRANSFORMER OPCO LLC;OAKMONT MANAGEMENT GROUP LLC",365530195,"RESIDENTIAL CARE ELDERLY",LICENSED,77,9/18/2024,"Vizient"
"LEICHTAG FAMILY ASSISTED LIVING RESIDENCE","211 SAXONY ROAD","ENCINITAS",CA,92024,"SAN DIEGO","(760) 632-0081","CARL MEASER","SAN DIEGO HEBREW HOMES",374600619,"RESIDENTIAL CARE ELDERLY",LICENSED,77,2/23/1998,"Premier"
"VILLA SIENA","1855 MIRAMONTE AVENUE","MOUNTAIN VIEW",CA,94040,"SANTA CLARA","(650) 961-6484","BERNARD,CORINE","VILLA SIENA INC",430708114,"RESIDENTIAL CARE ELDERLY",LICENSED,77,7/27/1993,"Premier"
"SENIOR LIVING COMMUNITY FOR THE EASTERN STAR IN CA","16850 E. BASTANCHURY ROAD","YORBA LINDA",CA,92886,"ORANGE","(714) 577-9281","KAT FARRIS","EASTERN STAR HOMES OF CALIFORNIA INC.",306000889,"RCFE-CONTINUING CARE RETIREMENT COMMUNITY",LICENSED,76,12/9/1998,"None"
"AEGIS LIVING DANA POINT","26922 CAMINO DE ESTRELLA","DANA POINT",CA,92624,"ORANGE","(949) 488-2650","NAZARETH, SHEILA","CAMINO DE ESTRELLA DANA POINT LLC & AEGIS SENIOR",306005948,"RESIDENTIAL CARE ELDERLY",LICENSED,76,1/19/2022,"None"
"ARBOR PLACE","17 LOUIE AVE","LODI",CA,95240,"SAN JOAQUIN","(209) 369-8282","BELINDA GUZMAN","COVENANT CARE LODI, LLC",397004353,"RESIDENTIAL CARE ELDERLY",ON PROBATION,76,8/12/2009,"Premier"
"ARBOR PLACE","17 LOUIE AVENUE","LODI",CA,95240,"SAN JOAQUIN","(949) 487-9500","GUZMAN, BELINDA M.","DRAGONFLY SENIOR, LIVING INC.",392701601,"RESIDENTIAL CARE ELDERLY",PENDING,76,,"Vizient"
"EAGLE LAKE VILLAGE","2001 PAUL BUNYAN RD","SUSANVILLE",CA,96130,"LASSEN","(530) 257-6673","FAULKNER, ANTHONY","EAGLE LAKE VILLAGE;CIMINOCARE",185002877,"RESIDENTIAL CARE ELDERLY",LICENSED,76,9/1/2022,"Premier"
"IVY PARK AT LA JOLLA","810 TURQUOISE STREET","SAN DIEGO",CA,92109,"SAN DIEGO","(858) 488-4300","FRANZ, MEGAN","TRANSFORMER OPCO LLC;OAKMONT MANAGEMENT GROUP LLC",374604768,"RESIDENTIAL CARE ELDERLY",LICENSED,76,8/28/2024,"None"
"KARLTON RESIDENTIAL CARE CENTER","3615 WEST BALL RD.","ANAHEIM",CA,92804,"ORANGE","(714) 236-1170","ELENA WEINER","KARLTON RESIDENTIAL CARE CENTER",306000295,"RESIDENTIAL CARE ELDERLY",LICENSED,76,3/19/1996,"None"
"LAKESIDE PARK","468 PERKINS ST","OAKLAND",CA,94610,"ALAMEDA","(510) 444-4684","GRANT HAYWOOD","WATERMARK LAKESIDE; WATERMARK RTMT. COMM. LLC",19200529,"RESIDENTIAL CARE ELDERLY",LICENSED,76,2/24/2015,"Premier, Vizient"
"LINCOLN VILLA","41040 LINCOLN STREET","FREMONT",CA,94538,"ALAMEDA","(510) 656-4373","FERNANDEZ, DIVINA","LINCOLN RETIREMENT VILLA, LLC",19201025,"RESIDENTIAL CARE ELDERLY",LICENSED,76,3/25/2021,"Vizient"
"NEW BETHANY","1441 BERKELEY DRIVE","LOS BANOS",CA,93635,"MERCED","(209) 827-8933","ELDAOUCH,BASUNY","FRANCISCAN HOSPITALLER SISTERS OF THE I.C.",247200745,"RESIDENTIAL CARE ELDERLY",LICENSED,76,2/18/1999,"None"
"BROOKDALE MONROVIA","201 E FOOTHILL BLVD","MONROVIA",CA,91016,"LOS ANGELES","(626) 301-0204","BALBIN, RALPH","BLC GABLES-MONROVIA LP",197606301,"RESIDENTIAL CARE ELDERLY",LICENSED,75,8/24/2005,"Premier"
"COGIR OF ROHNERT PARK","4855 SNYDER LANE","ROHNERT PARK",CA,94928,"SONOMA","(707) 585-7878","ORDING, KELLY","WELLTOWER COGIR TENANT LLC; COGIR MNGT USA INC",496803807,"RESIDENTIAL CARE ELDERLY",LICENSED,75,2/1/2019,"Premier"
"MEMORY CARE OF CONTRA COSTA","540 PATTERSON BOULEVARD","PLEASANT HILL",CA,94523,"CONTRA COSTA","(925) 287-8750","DIALA, ERICA","CARLTON SENIOR LIVING, LLC",75601363,"RESIDENTIAL CARE ELDERLY",LICENSED,75,1/25/2008,"Premier"
"REGENCY FALLBROOK","609 E.ELDER STREET","FALLBROOK",CA,92028,"SAN DIEGO","(760) 728-8504","KARI MORENO","REGENCY FALLBROOK, LLC",374601685,"RESIDENTIAL CARE ELDERLY",LICENSED,75,11/19/2003,"Vizient"
"SOUTHLAND LIVING","11701 STUDEBAKER ROAD","NORWALK",CA,90650,"LOS ANGELES","(562) 406-7326","TRAN, VICTORIA","SOUTHLAND MANAGEMENT LLC",198601962,"RESIDENTIAL CARE ELDERLY",LICENSED,75,2/25/2016,"Premier"
"SUMMERFIELD OF REDLANDS","1319 BROOKSIDE AVENUE","REDLANDS",CA,92373,"SAN BERNARDINO","(909) 793-9500","HEDI CHARETTE","SNH CAL TENANT LLC; NORTHSTAR SENIOR LIVING,INC.",361880786,"RESIDENTIAL CARE ELDERLY",LICENSED,75,4/13/2020,"Premier"
"TIMBER RIDGE AT EUREKA","2740 TIMBER RIDGE LANE","EUREKA",CA,95503,"HUMBOLDT","(707) 443-3000","FARNUM, LARONA","WESTERN LIVING CONCEPTS",125000579,"RESIDENTIAL CARE ELDERLY",LICENSED,75,4/30/1998,"Vizient"
"VACAVILLE MEMORY CARE","431 NUT TREE ROAD","VACAVILLE",CA,95687,"SOLANO","(707) 449-1350","CAMILLE BROWN","PACIFICA SENIOR LVG VACAVILLE; VACAVILLE MGR LLC",486803645,"RESIDENTIAL CARE ELDERLY",LICENSED,75,12/7/2016,"None"
"WATERMARK AT BEVERLY HILLS, THE","220 N CLARK DRIVE","BEVERLY HILLS",CA,90211,"LOS ANGELES","(310) 860-9234","JAMES HOWLAND","WATERMARK BEVERLY HILLS, LLC; WATERMARK RTMT COMM",197609311,"RESIDENTIAL CARE ELDERLY",LICENSED,75,11/30/2017,"Premier"
"CALOAKS SENIOR LIVING","3891 POLK STREET","RIVERSIDE",CA,92505,"RIVERSIDE","(951) 689-6162","AMELIA ALADIN","CALOAKS CARE GROUP, INC.",336426029,"RESIDENTIAL CARE ELDERLY",LICENSED,74,2/27/2014,"None"
"ESKATON VILLAGE PLACERVILLE","3380 BLAIRS LN","PLACERVILLE",CA,95667,"EL DORADO","(530) 295-3400","TIBURCIO, MELISA","ESKATON VILLAGE-PLACERVILLE; ESKATON PROPERTIES",97005046,"RESIDENTIAL CARE ELDERLY",LICENSED,74,10/3/2012,"Premier"
"GROVE, THE","2801 LOU ANN DRIVE","MODESTO",CA,95350,"STANISLAUS","(209) 575-1950","ZUNIGA, MARY","CHRIS AND NICK CORPORATION",502700636,"RESIDENTIAL CARE ELDERLY",LICENSED,74,8/26/2019,"None"
"IVY PARK AT SAN MARINO","8332 HUNTINGTON DRIVE","SAN GABRIEL",CA,91775,"LOS ANGELES","(626) 292-7800","SANCHEZ, KIMBERLY","TRANSFORMER OPCO LLC;OAKMONT MANAGEMENT GROUP LLC",198603715,"RESIDENTIAL CARE ELDERLY",LICENSED,74,10/2/2024,"Premier, Vizient"
"ST. FRANCIS HOME","1718 WEST SIXTH STREET","SANTA ANA",CA,92703,"ORANGE","(714) 542-0381","VERONICA VILLALPANDO","FRANCISCAN MISSIONARY SISTERS",300600905,"RESIDENTIAL CARE ELDERLY",LICENSED,74,1/1/1994,"None"
"SUN CITY GARDENS","28500 BRADLEY ROAD","SUN CITY",CA,92586,"RIVERSIDE","(951) 679-2391","DIANE DOMINGO","BRADLEY ROAD HOLDINGS LLC;CA SR. LVNG. MGMT. LLC",331881358,"RESIDENTIAL CARE ELDERLY",LICENSED,74,2/1/2023,"Premier, Vizient"
"SUNRISE ASSISTED LIVING OF FAIR OAKS","4820 HAZEL AVE","FAIR OAKS",CA,95628,"SACRAMENTO","(916) 863-1499","SPURLOCK, LAURIE","FAIR OAK ASSISTED LVG; SUNRISE SENIOR LIVING MGT",347001957,"RESIDENTIAL CARE ELDERLY",LICENSED,74,3/29/2002,"None"
"VILLAS AT SARATOGA SKILLED NURSING & ASST LVG, THE","20400 SARATOGA LOS GATOS RD","SARATOGA",CA,95070,"SANTA CLARA","(408) 741-2950","WILLIAMS, RYAN","STRANDS LLC",435202710,"RESIDENTIAL CARE ELDERLY",LICENSED,74,9/10/2019,"Premier"
"GARDENS OF MODESTO, THE","2325 ST. PAULS WAY","MODESTO",CA,95355,"STANISLAUS","(530) 242-8300","DOINA S. RADU-APAHIDEAN","NORTHSTAR SENIOR LIVING,INC.",502701206,"RESIDENTIAL CARE ELDERLY",LICENSED,73,9/23/2022,"Premier"
"WYNDHAM RESIDENCE","222 S. ELM STREET","ARROYO GRANDE",CA,93420,"SAN LUIS OBISPO","(805) 474-7260","JODI BELTRAMA","COMPASS HEALTH, INC.",405800361,"RCFE-CONTINUING CARE RETIREMENT COMMUNITY",LICENSED,72,7/24/1998,"Premier"
"ACTIVCARE LAGUNA HILLS","25200 PASEO DE ALICIA","LAGUNA HILLS",CA,92653,"ORANGE","(858) 565-4424","MILLER, PATRICIA","INCOME PROPERTY GROUP GP;ACTIVCARE LIVING INC",306005986,"RESIDENTIAL CARE ELDERLY",LICENSED,72,12/28/2021,"Premier"
"ACTIVCARE ORANGE","2629 E. CHAPMAN AVENUE","ORANGE",CA,92869,"ORANGE","(714) 215-9944","VANESSA VALENCIA","R.A.C. ORANGE,LP;ACTIVCARE LIVING, INC.",306005796,"RESIDENTIAL CARE ELDERLY",LICENSED,72,9/1/2020,"Premier"
"ARTESIAN OF OJAI, THE","203 E EL ROBLAR DRIVE","OJAI",CA,93023,"VENTURA","(805) 798-9305","DAVID SCARLETT","OJAI VALLEY ASSISTED LIVING",567609954,"RESIDENTIAL CARE ELDERLY",LICENSED,72,7/10/2020,"None"
"ARTESIAN OJAI, THE","203 E EL ROBLAR DRIVE","OJAI",CA,93023,"VENTURA","(805) 798-9305","SCARLETT, DAVID","CRFLD MANAGEMENT LLC.",565850442,"RESIDENTIAL CARE ELDERLY",PENDING,72,,"None"
"BAYWOOD COURT","21966 DOLORES STREET","CASTRO VALLEY",CA,94546,"ALAMEDA","(510) 733-2422","MANJOT KAUR","BAYWOOD COURT",11440776,"RESIDENTIAL CARE ELDERLY",LICENSED,72,3/11/1991,"Vizient"
"BELLA VISTA","1760 N FAIR OAKS AVE","PASADENA",CA,91103,"LOS ANGELES","(626) 794-4103","BAKER, IAN","ROBSAG INC",197608297,"RESIDENTIAL CARE ELDERLY",LICENSED,72,6/1/2012,"None"
"BERKSHIRE, THE","2300 BROWN STREET","NAPA",CA,94558,"NAPA","(510) 996-8520","DHAWAN, BABITA","SERENE CARE HOME LLC",286804030,"RESIDENTIAL CARE ELDERLY",LICENSED,72,4/5/2022,"None"
"CLIFF VIEW TERRACE","1020 CLIFF DRIVE","SANTA BARBARA",CA,93109,"SANTA BARBARA","(805) 963-7556","MURPHY, EVELINA L.","CLIFF VIEW TERRACE, INC.",421701844,"RESIDENTIAL CARE ELDERLY",LICENSED,72,4/8/1993,"Vizient"
"EL RIO MEMORY CARE COMMUNITY","2828 HEALTHCARE WAY","MODESTO",CA,95356,"STANISLAUS","(209) 543-3805","THERESA PETTAPIECE","MODESTO MEMORY CARE; KOELSCH SENIOR COMMUNITIES",502700235,"RESIDENTIAL CARE ELDERLY",LICENSED,72,12/15/2017,"None"
"FOOTHILL RETIREMENT CARE HOME","6720 SAINT ESTEBAN STREET","TUJUNGA",CA,91042,"LOS ANGELES","(818) 353-3350","CABRERA, MARIA","FOOTHILL RETIREMENT OPERATOR LLC;PARADISE OF N VLY",197608711,"RESIDENTIAL CARE ELDERLY",LICENSED,72,11/17/2015,"None"
"FOOTHILL RETIREMENT CARE HOME","6720 SAINT ESTEBAN STREET","TUJUNGA",CA,91042,"LOS ANGELES","(562) 843-4843","CABRERA, MARIA","PARADISE OF NORTH VALLEY LLC",197610774,"RESIDENTIAL CARE ELDERLY",PENDING,72,,"None"
"GARDEN CREEK","73 BROAD STREET","SAN LUIS OBISPO",CA,93405,"SAN LUIS OBISPO","(805) 543-2311","LIZA HIX","VILLAGE PACIFIC MANAGEMENT GROUP, LLC, THE",405800467,"RESIDENTIAL CARE ELDERLY",LICENSED,72,11/30/1999,"Premier"
"GARDEN SILVER TOWN","2830 FRANCIS AVE","LOS ANGELES",CA,90005,"LOS ANGELES","(213) 384-7305","KIM, STEVE","A BETTER TOMORROW CARE CORP",198603330,"RESIDENTIAL CARE ELDERLY",LICENSED,72,6/17/2020,"None"
"IVY TERRACE AT FULLERTON","1510 E. COMMONWEALTH AVENUE","FULLERTON",CA,92831,"ORANGE","(419) 247-2800","JESUS SOTO","WELLTOWER TENANT GROUP LLC;OAKMONT MGMT GROUP LLC",306006017,"RESIDENTIAL CARE ELDERLY",LICENSED,72,6/14/2023,"None"
"IVY TERRACE AT FULLERTON","1510 E. COMMONWEALTH AVENUE","FULLERTON",CA,92831,"ORANGE","(714) 441-2636","SOTO, JESUE","1510 E. COMMONWEALTH AVENUE OPCO, LLC;ET AL.",306006767,"RESIDENTIAL CARE ELDERLY",PENDING,72,,"None"
"IVY TERRACE AT GARDEN GROVE","11848 VALLEY VIEW STREET","GARDEN GROVE",CA,92845,"ORANGE","(419) 247-2800","COLEMAN, KYLE","WELLTOWER TENANT GROUP LLC; OAKMONT MGMT GROUP LLC",306006019,"RESIDENTIAL CARE ELDERLY",LICENSED,72,6/14/2023,"None"
"IVY TERRACE AT GARDEN GROVE","11848 VALLEY VIEW STREET","GARDEN GROVE",CA,92845,"ORANGE","(714) 895-9898","COLEMAN, KYLE","11848 VALLEY VIEW STREET OPCO LLC:ET AL.",306006766,"RESIDENTIAL CARE ELDERLY",PENDING,72,,"None"
"IVY TERRACE AT SANTA ANA","3730 S. GREENVILLE AVENUE","SANTA ANA",CA,92704,"ORANGE","(714) 641-0959","TORRES, JUDITH","WELLTOWER TENANT GROUP LLC; OAKMONT MGMT GROUP LLC",306006018,"RESIDENTIAL CARE ELDERLY",LICENSED,72,6/14/2023,"None"
"IVY TERRACE AT SANTA ANA","3730 S. GREENVILLE STREET","SANTA ANA",CA,92704,"ORANGE","(714) 641-0959","TORRES, JUDITH","3730 S. GREENVILLE STREET OPCO LLC;ET. AL.",306006764,"RESIDENTIAL CARE ELDERLY",PENDING,72,,"None"
"MARBELLA MARYSVILLE","515 HARRIS STREET","MARYSVILLE",CA,95901,"YUBA","(530) 749-1786","KRISTIE LAINE","MARYSVILLE VENTURES LLC; INTEGRAL SENIOR LIV MGMT",585000698,"RESIDENTIAL CARE ELDERLY",LICENSED,72,2/8/1999,"Premier"
"MARBELLA MARYSVILLE","515 HARRIS STREET","MARYSVILLE",CA,95901,"YUBA","(530) 749-1786","COE, ROBERT","VOP MARYSVILLE LP; INTEGRAL SR LIVING MGMT LLC",585920293,"RESIDENTIAL CARE ELDERLY",PENDING,72,,"None"
"MARBELLA VISALIA","3120 W. CALDWELL","VISALIA",CA,93277,"TULARE","(559) 735-0828","BENSON, LAURA","VISALIA VENTURES, LLC;INTEGRAL SENIOR LIV MGMT LLC",547200844,"RESIDENTIAL CARE ELDERLY",LICENSED,72,8/20/1999,"None"
"MARBELLA VISALIA","3120 CALDWELL","VISALIA",CA,93278,"TULARE","(559) 735-0828","RAMOS, MESHELL","VOP VISALIA LP & INTEGRAL SENIOR LIVING MANAGEMENT",547209593,"RESIDENTIAL CARE ELDERLY",PENDING,72,,"None"
"PACIFICA SENIOR LIVING POWAY","12750 GATEWAY PARK ROAD","POWAY",CA,92064,"SAN DIEGO","(858) 451-9933","AZEMIKHAH, CAMERON","GATEWAY PARK HOLDINGS LLC; CALIFORNIA SENIOR ET AL",374604604,"RESIDENTIAL CARE ELDERLY",LICENSED,72,3/7/2023,"Premier"
"REVERE COURT","7707 RUSH RIVER DRIVE","SACRAMENTO",CA,95831,"SACRAMENTO","(916) 392-3510","IRENE CHARNELL","CHANCELLOR HEALTH CARE OF CALIFORNIA VIII INC",342700005,"RESIDENTIAL CARE ELDERLY",LICENSED,72,11/30/2016,"Premier"
"WALNUT CREEK WILLOWS","2015 MT. DIABLO BLVD.","WALNUT CREEK",CA,94596,"CONTRA COSTA","(925) 256-8708","CORTES, ELIZABETH","RAZEL & RUZTIN, LLC",75601431,"RESIDENTIAL CARE ELDERLY",LICENSED,72,6/24/2008,"None"
"WOOD GLEN HALL, INC.","3010 FOOTHILL ROAD","SANTA BARBARA",CA,93105,"SANTA BARBARA","(213) 544-2070","JESSICA HONG","WOOD GLEN HALL INC.",421700457,"RESIDENTIAL CARE ELDERLY",LICENSED,72,10/18/1993,"None"
"ALTA VISTA GARDENS","829 NORTH ALTA VISTA BLVD.","LOS ANGELES",CA,90046,"LOS ANGELES","(323) 937-1940","STACI MARMERSHTEYN","ALTA VISTA GARDENS, INC.",197608200,"RESIDENTIAL CARE ELDERLY",LICENSED,70,12/1/2015,"None"
"AMBER GROVE PLACE","3049 ESPLANADE","CHICO",CA,95973,"BUTTE","(530) 826-3226","REITZ, BRENDA","ANTHEM CHICO MANAGEMENT LLC",45002441,"RESIDENTIAL CARE ELDERLY",LICENSED,70,11/7/2012,"Vizient"
"BRIGHT STAR ASSISTED LIVING","9349 ROSE STREET","BELLFLOWER",CA,90706,"LOS ANGELES","(818) 642-3668","MARQUEZ, JOSE M","PREMIERCARE 2 CONGREGATE LIVING, INC.",198603331,"RESIDENTIAL CARE ELDERLY",LICENSED,70,9/9/2020,"None"
"CLOISTERS OF THE VALLEY, LLC","4171 CAMINO DEL RIO SOUTH","SAN DIEGO",CA,92108,"SAN DIEGO","(619) 283-2226","DISHA FRANCES-HALL","DEL RIO CARE, LLC; BAYSHIRE, LLC",374604267,"RESIDENTIAL CARE ELDERLY",LICENSED,70,6/3/2020,"Premier"
"COGIR OF SAN RAFAEL","111 MERRYDALE ROAD","SAN RAFAEL",CA,94903,"MARIN","(707) 334-1620","HUMPHREY,KIMBERLY","WELL CA WA TENANT LLC;COGIR MGMT USA INC.",216804000,"RESIDENTIAL CARE ELDERLY",LICENSED,70,1/5/2022,"None"
"FAMILY COURTYARD","2840 SALESIAN AVENUE","RICHMOND",CA,94804,"CONTRA COSTA","(510) 235-8284","TEJERO, NORMA","UNITED FAMILY CARE, LLC",75600757,"RESIDENTIAL CARE ELDERLY",LICENSED,70,10/22/2003,"None"
"GARDENS AT LAGUNA SPRINGS MEMORY CARE, THE","9750 LAGUNA SPRINGS DRIVE","ELK GROVE",CA,95757,"SACRAMENTO","(916) 667-3167","RAMIREZ, GUADALUPE","ELK GROVE MEMORY CARE, LLC",342700886,"RESIDENTIAL CARE ELDERLY",LICENSED,70,12/30/2020,"None"
"IVY PARK AT SACRAMENTO","345 MUNROE STREET","SACRAMENTO",CA,95825,"SACRAMENTO","(916) 486-0200","WEININGER, SARA","TRANSFORMER OPCO LLC;OAKMONT MANAGMENT GROUP LLC",342701363,"RESIDENTIAL CARE ELDERLY",LICENSED,70,10/2/2024,"None"
"IVY PARK AT SACRAMENTO","345 MUNROE ST","SACRAMENTO",CA,95825,"SACRAMENTO","(916) 486-0200","SARA WEININGER","WELLTOWER OPCO GROUP; OAKMONT MANAGEMENT GROUP LLC",347005180,"RESIDENTIAL CARE ELDERLY",LICENSED,70,5/6/2015,"Vizient"
"IVY PARK AT TUSTIN","12291 S. NEWPORT AVE.","SANTA ANA",CA,92705,"ORANGE","(714) 544-5959","LOUER, SANDRA ACOSTA","TRANSFORMER OPCO LLC;OAKMONT MANAGEMENT GROUP LLC",306006435,"RESIDENTIAL CARE ELDERLY",LICENSED,70,7/26/2024,"Vizient"
"JACKSON HILLS ASSISTED LIVING LLC","223 NEW YORK RANCH ROAD","JACKSON",CA,95642,"AMADOR","(916) 212-0275","JORDAN, JAMES","JACKSON HILLS ASSISTED LIVING LLC",32701408,"RESIDENTIAL CARE ELDERLY",LICENSED,70,9/19/2024,"None"
"PARKVIEW MEMORY CARE AT PARADISE VILLAGE","735 ARCADIA AVENUE","NATIONAL CITY",CA,91950,"SAN DIEGO","(619) 475-5040","AGUILAR, GEOVANNI","PVHR2 LLC; GENERATIONS CA LLC",374603713,"RESIDENTIAL CARE ELDERLY",LICENSED,70,7/25/2016,"None"
"REHABILITATION CENTRE OF FRESNO","1665 M ST","FRESNO",CA,93721,"FRESNO","(559) 268-5361","BAINS, AMAN","REHAB OF FRESNO ASSISTED LIVING LLC",107206544,"RESIDENTIAL CARE ELDERLY",LICENSED,70,12/30/2013,"Premier"
"SERRA SOL","31451 AVENIDA LOS CERRITOS","SAN JUAN CAPISTRANO",CA,92675,"ORANGE","(949) 485-2022","LINDSAY SCHROEDER","SAN JUAN OPCO LLC ; AGEMARK MANAGEMENT LLC",306005946,"RESIDENTIAL CARE ELDERLY",LICENSED,70,6/4/2021,"None"
"SILVERADO BREA LLC","149 W LAMBERT RD","BREA",CA,92821,"ORANGE","(714) 598-2052","ASHIMAN GILL","SILVERADO BREA LLC; SILVERADO SENIOR LIVING MGT",306005652,"RESIDENTIAL CARE ELDERLY",LICENSED,70,10/11/2019,"None"
"STERLING COMMONS","17797 LINDERO ROAD","VICTORVILLE",CA,92392,"SAN BERNARDINO","(760) 245-3300","DEBORAH STAGGS","KOERICK STERLING COMMONS G.P, VICTORVILLE, LLC",366413245,"RESIDENTIAL CARE ELDERLY",LICENSED,70,11/30/2007,"None"
"ST. RICHARD PAMPURI","2458 S. ST. ANDREWS PLACE","LOS ANGELES",CA,90018,"LOS ANGELES","(323) 731-0641","EDGARDO  B. GALANG","ST. JOHN OF GOD RETIREMENT & CARE CENTER",197603725,"RESIDENTIAL CARE ELDERLY",LICENSED,70,4/23/2002,"None"
"VILLA TOSCANA A MEMORY CARE COMMUNITY","939 W. EL CAMINO REAL","MOUNTAIN VIEW",CA,94040,"SANTA CLARA","(707) 592-4252","ENGRACIA SANDOVAL","MV MEMORY CARE LLC;CALSON MANAGEMENT, LLC.",435202919,"RESIDENTIAL CARE ELDERLY",LICENSED,70,5/14/2024,"None"
"ARBOR VISTA","811 E WASHINGTON BLVD","PASADENA",CA,91104,"LOS ANGELES","(626) 797-7296","COMMODORE, KIM","ROBSAG INC",197602925,"RESIDENTIAL CARE ELDERLY",LICENSED,69,11/20/2000,"None"
"BELLAMAR LANCASTER","43454 30TH STREET WEST","LANCASTER",CA,93536,"LOS ANGELES","(661) 949-2177","ANALILIA ZARZGOZA","LANCASTER VENTURES, LLC; INTEGRAL SENIOR LIV MGMT",197602540,"RESIDENTIAL CARE ELDERLY",LICENSED,68,11/22/1999,"None"
"BELLAMAR LANCASTER","43454 30TH STREET WEST","LANCASTER",CA,93536,"LOS ANGELES","(661) 949-2177","SPITZNOGLE, KORTNIE","VOP LANCASTER, LP ; INTEGRAL SR LIVING MGMT, LLC",197610775,"RESIDENTIAL CARE ELDERLY",PENDING,68,,"None"
"CEDARBROOK MEMORY CARE COMMUNITY","1425 E. NEES AVE","FRESNO",CA,93720,"FRESNO","(559) 412-2299","VENEGAS, EMILY ANNE","FRESNO MEMORY CARE, LLC.",107206749,"RESIDENTIAL CARE ELDERLY",LICENSED,68,4/7/2014,"None"
"CLAREMONT HACIENDA, THE","501 SOUTH COLLEGE AVENUE","CLAREMONT",CA,91711,"LOS ANGELES","(956) 452-1554","PEREZ,RICARDO LARA","GHC OF CLAREMONT LLC",198603801,"RESIDENTIAL CARE ELDERLY",LICENSED,68,12/12/2024,"None"
"EAST BAY ASSISTED LIVING","1301 EAST 31ST STREET","OAKLAND",CA,94602,"ALAMEDA","(510) 532-5986","KUANG, ALICE & MICHAEL","EAST BAY ASSISTED LIVING LLC",15601443,"RESIDENTIAL CARE ELDERLY",LICENSED,68,7/7/2009,"None"
"HERITAGE HOUSE-AN ASSISTED LIVING COMMUNITY","5200 HOLLISTER AVE.","SANTA BARBARA",CA,93111,"SANTA BARBARA","(805) 967-2661","ALEJANDRA NUNEZ","HERITAGE HOUSE GROUP",425800777,"RESIDENTIAL CARE ELDERLY",LICENSED,68,10/4/2002,"Premier"
"IVY PARK AT SAN LAUREN","5300 HAGEMAN RD","BAKERSFIELD",CA,93308,"KERN","(661) 218-8333","RICE, DOUGLAS","5151KNUDSEN DR BAKERSFIELD INC;OAKMONT MGMT GR LLC",157208915,"RESIDENTIAL CARE ELDERLY",LICENSED,68,4/24/2019,"None"
"LO-HAR SENIOR LIVING","768 DOROTHY ST","EL CAJON",CA,92019,"SAN DIEGO","(619) 444-8270","WHEELER, JONATHAN","GRANITE HILLS SENIOR LIVING, INC.",374604171,"RESIDENTIAL CARE ELDERLY",LICENSED,68,10/1/2019,"Premier, Vizient"
"MELROSE VILLAS","823 N POINSETTIA PLACE","LOS ANGELES",CA,90046,"LOS ANGELES","(323) 746-7840","VERGARA, KANDICE","MELROSE VILLAS INC",197609076,"RESIDENTIAL CARE ELDERLY",LICENSED,68,4/26/2018,"Premier"
"RAMONA SENIOR GARDENS","1240 H STREET","RAMONA",CA,92065,"SAN DIEGO","(858) 663-9200","JAMIL, FAIZAN","REHMAN CARE CORPORATION",374604777,"RESIDENTIAL CARE ELDERLY",LICENSED,68,8/14/2024,"None"
"RIDGEVIEW ASSISTED LIVING COMMUNITY","9825 GLEN CENTER DRIVE","SAN DIEGO",CA,92131,"SAN DIEGO","(858) 293-3905","PRABHJOT KAUR","CRESTVIEW HC LLC",374604426,"RESIDENTIAL CARE ELDERLY",LICENSED,68,8/10/2021,"None"
"SILVERADO ROLLING HILLS","2455 PACIFIC COAST HWY","TORRANCE",CA,90505,"LOS ANGELES","(424) 488-0593","TAYLOR GIUNTO","SILVERADO SENIOR LIVING MANAGT INC;ROLLING HILLS",198320131,"RESIDENTIAL CARE ELDERLY",LICENSED,68,5/7/2021,"None"
"SILVERADO ROLLING HILLS","2455 PACIFIC COAST HWY","TORRANCE",CA,90505,"LOS ANGELES","(949) 240-7200","GIUNTO, TAYLOR","SILVERADO ROLLING HILLS LLC",198320514,"RESIDENTIAL CARE ELDERLY",PENDING,68,,"None"
"VISTA COVE AT RANCHO MIRAGE","70201 MIRAGE COVE DRIVE","RANCHO MIRAGE",CA,92270,"RIVERSIDE","(760) 324-4604","PATRICK MCADOO-MORTON","VISTA COVE AT RANCHO MIRAGE, INC.",336408433,"RESIDENTIAL CARE ELDERLY",LICENSED,68,11/24/2003,"None"
"VISTA PRADO","105 POWER DRIVE","VALLEJO",CA,94589,"SOLANO","(707) 343-9352","CHO, LINDA","VISTA PRADO, INC.",486804161,"RESIDENTIAL CARE ELDERLY",LICENSED,68,10/3/2023,"Vizient"
"VISTA TERRACE OF BELMONT","900 SIXTH AVENUE","BELMONT",CA,94002,"SAN MATEO","(650) 591-2008","KAITLYN CLAREY","GAHC4 BELMONT CA TRS SUB, LLC;COGIR SL BELMONT LLC",415601080,"RESIDENTIAL CARE ELDERLY",LICENSED,68,5/1/2020,"Vizient"
"WYNGATE VILLA GARDENS","7634 WYNGATE STREET","TUJUNGA",CA,91042,"LOS ANGELES","(818) 352-4270","CHAVEZ, OSCAR","ALL HEALTH OPERATIONS, INC.",197610099,"RESIDENTIAL CARE ELDERLY",LICENSED,68,1/27/2021,"None"
"KENSINGTON PLACE REDWOOD CITY","2800 EL CAMINO REAL","REDWOOD CITY",CA,94061,"SAN MATEO","(650) 363-9200","ALBERTO GOLIA","FSDW REDWOOD CITY LLC & KENSINGTON SENIOR LIVING",415600964,"RESIDENTIAL CARE ELDERLY",LICENSED,67,10/28/2015,"Vizient"
"NEW WEST HAVEN II","2551 CAMEO DRIVE","CAMERON PARK",CA,95682,"EL DORADO","(530) 677-2979","TANIA LANGLAND","CAMEO RCFE, INC.",97002991,"RESIDENTIAL CARE ELDERLY",ON PROBATION,67,4/7/2005,"None"
"MONTE VISTA GROVE HOMES","2889 SAN PASQUAL STREET","PASADENA",CA,91107,"LOS ANGELES","(626) 796-6135","DEBORAH A HERBERT","MONTE VISTA GROVE HOMES",191222411,"RCFE-CONTINUING CARE RETIREMENT COMMUNITY",LICENSED,66,12/2/1992,"None"
"BLOSSOM GROVE ALZHEIMER'S SPECIAL CARE CENTER","11116 NEW JERSEY ST","REDLANDS",CA,92373,"SAN BERNARDINO","(909) 335-6660","CRISTINA R. MILLER","BLOSSOM GROVE MNGT CA LLC; SUN MERIDIAN SR LIV",361800071,"RESIDENTIAL CARE ELDERLY",LICENSED,66,8/23/2017,"None"
"CALEO BAY ALZHEIMER'S SPECIAL CARE CENTER","47805 CALEO BAY DRIVE","LA QUINTA",CA,92253,"RIVERSIDE","(760) 771-6100","MARIA ARRIAGA","WESTBROOK MGMT, LLC; LAQUINTA INVESTORS LP",336426054,"RESIDENTIAL CARE ELDERLY",LICENSED,66,7/19/2013,"None"
"COGIR OF FOLSOM","1801 EAST NATOMA STREET","FOLSOM",CA,95630,"SACRAMENTO","(916) 608-0800","TAYLOR, DEBORAH","WELL CA WA TENANT LLC; COGIR MANAGEMENT USA INC",345002909,"RESIDENTIAL CARE ELDERLY",LICENSED,66,6/1/2022,"None"
"DELTA AT THE PORTSIDE","1950 E SONORA STREET","STOCKTON",CA,95205,"SAN JOAQUIN","(209) 689-3180","MOMO R DUOA","EVER WELL HEALTH SYSTEMS LLC",392700885,"RESIDENTIAL CARE ELDERLY",LICENSED,66,11/30/2020,"None"
"FILLMORE COUNTRY CLUB","827 RIVER STREET","FILLMORE",CA,93015,"VENTURA","(805) 524-5080","CONNIE SMILEY","FILLMORE COUNTRY CLUB, LLC.",565801892,"RESIDENTIAL CARE ELDERLY",LICENSED,66,12/18/2013,"Premier"
"GROVE ASSISTED LIVING, THE","3401 LEMON STREET","RIVERSIDE",CA,92501,"RIVERSIDE","(951) 686-8202","MORA, MICHELLE","GOLDEN EAGLE SENIOR LIVING,INC.",331881323,"RESIDENTIAL CARE ELDERLY",LICENSED,66,1/30/2023,"Premier"
"HACIENDA SENIOR LIVING","161 N HEMET ST","HEMET",CA,92544,"RIVERSIDE","(951) 927-6817","MARLYA DUNHAM","CHATEAU BATTISTE LEASING-HEMET LLC; HACIENDA HEMET",336426760,"RESIDENTIAL CARE ELDERLY",LICENSED,66,9/28/2015,"None"
"HACIENDA SENIOR LIVING","161 N HEMET STREET","HEMET",CA,92544,"RIVERSIDE","(951) 927-6817","DUNHAM, MARLYA","HACIENDA HEMET, LLC",331881749,"RESIDENTIAL CARE ELDERLY",PENDING,66,,"None"
"KIRKWOOD ORANGE","1525 E TAFT AVENUE","ORANGE",CA,92865,"ORANGE","(714) 282-1409","ZEHRA SYED","KIRKWOOD ORANGE MSL LLC; MSL COMMUNITY MGMT LLC",306005835,"RESIDENTIAL CARE ELDERLY",LICENSED,66,8/11/2020,"Premier"
"SUNRISE ASSISTED LIVING OF CARMICHAEL","5451 FAIR OAKS BLVD","CARMICHAEL",CA,95608,"SACRAMENTO","(916) 485-4500","TANIA LANGLAND","MS CARMICHAEL SH LLC; SUNRISE SENIOR LIVING MGT",347004346,"RESIDENTIAL CARE ELDERLY",LICENSED,66,7/24/2009,"None"
"TIFFANY COURT","1866 SAN MIGUEL DRIVE","WALNUT CREEK",CA,94596,"CONTRA COSTA","(925) 933-5555","BAIRD, PATTI","SNH CALI TENANT LLC; NORTHSTAR SENIOR LIVING, INC.",75601558,"RESIDENTIAL CARE ELDERLY",LICENSED,66,12/1/2011,"None"
"BAY TOWERS AT BIXBY KNOLLS","3747 ATLANTIC AVENUE","LONG BEACH",CA,90807,"LOS ANGELES","(562) 426-6123","MCDONALD, DON","ATLANTIC AVE HOLDINGS LLC;CA SR LVG MGMT LLC",198320315,"RESIDENTIAL CARE ELDERLY",LICENSED,65,9/5/2023,"Premier"
"CASCADES OF GRASS VALLEY","415 SIERRA COLLEGE DRIVE","GRASS VALLEY",CA,95945,"NEVADA","(530) 272-8002","HALEY PARKER","CASCADE LVG GRP-GRS VLY LLC; KRE TGR GRS VLY OPS",292700563,"RESIDENTIAL CARE ELDERLY",LICENSED,65,9/26/2019,"Vizient"
"DEL MONTE CARE","1221/1229 DAVID AVE","PACIFIC GROVE",CA,93950,"MONTEREY","(919) 439-8488","CABUCO, KAY","DEL MONTE CARE",277209399,"RESIDENTIAL CARE ELDERLY",LICENSED,65,10/31/2023,"None"
"HERITAGE ESTATES","900 E STANLEY BLVD","LIVERMORE",CA,94550,"ALAMEDA","(925) 373-3636","SUSAN DONAGHY","LIVERMORE SENIOR LIVING ASSOC LP; LEISURE CARE LLC",15601095,"RESIDENTIAL CARE ELDERLY",LICENSED,65,8/4/2004,"Premier, Vizient"
"SIERRA RIDGE SENIOR LIVING","3265 BLUE OAKS DRIVE","AUBURN",CA,95602,"PLACER","(530) 718-1553","ALEXIS THACKER","VOP SIERRA RIDGE LP & MILESTONE RETIREMENT COMMUNI",315920040,"RESIDENTIAL CARE ELDERLY",LICENSED,65,4/25/2024,"Premier"
"SUNDIAL ASSISTED LIVING","395 HILLTOP DRIVE","REDDING",CA,96003,"SHASTA","(530) 241-2900","ELIZABETH AMLIN","SUNDIAL OPERATIONS LLC;NORTHSTAR SR LVG, INC.",455002959,"RESIDENTIAL CARE ELDERLY",LICENSED,65,11/21/2022,"Vizient"
"VALLEY CREST","18524 CORWIN RD","APPLE VALLEY",CA,92307,"SAN BERNARDINO","(760) 242-3188","JORDAN, KIMBERLY","VALLEY CREST MEMORY CARE LLC",365530263,"RESIDENTIAL CARE ELDERLY",LICENSED,65,1/24/2025,"Premier"
"CARRINGTON OF SHAFTER","250 EAST TULARE AVENUE","SHAFTER",CA,93263,"KERN","(661) 746-6521","ALICIA WEBB","DV ASSISTED LIVING, LLC; CARRINGTON SR LIVING LLC",157202769,"RESIDENTIAL CARE ELDERLY",LICENSED,64,1/20/2004,"None"
"GROSSMONT GARDENS MEMORY CARE","4960 MILLS STREET","LA MESA",CA,91942,"SAN DIEGO","(619) 644-1100","SUZETTE JOHNSON","VISTA LA MESA SENIOR LIVING, INC.",374604684,"RESIDENTIAL CARE ELDERLY",LICENSED,64,6/7/2023,"None"
"HERITAGE GARDENS","25271 BARTON RD","LOMA LINDA",CA,92354,"SAN BERNARDINO","(909) 796-0219","JESSICA J. RAMOS","HERITAGE HEALTH CARE INC",360900455,"RESIDENTIAL CARE ELDERLY",LICENSED,64,1/31/1994,"Vizient"
"KNOLLS WEST ASSISTED LIVING","16890 GREEN TREE BLVD.","VICTORVILLE",CA,92395,"SAN BERNARDINO","(760) 245-0107","TERRONSAY WHALEY","KNOLLS WEST ASSISTED LIVING LLC",366426335,"RESIDENTIAL CARE ELDERLY",LICENSED,64,6/13/2015,"Premier"
"LINDA VALLEY ASSISTED LIVING","25393 COLE ST.","LOMA LINDA",CA,92354,"SAN BERNARDINO","(909) 799-3117","EILEEN SANCHEZ","CHANCELLOR HLTH CA. VII, INC; LOMA LINDA ALF, LLC",366426710,"RESIDENTIAL CARE ELDERLY",LICENSED,64,9/4/2015,"None"
"LOMA LINDA ASSISTED LIVING","25393 COLE ST","LOMA LINDA",CA,92354,"SAN BERNARDINO","(909) 799-3117","SANCHEZ, ELLEEN","LOMA LINDA ALF, LLC",365530221,"RESIDENTIAL CARE ELDERLY",LICENSED,64,11/27/2024,"None"
"MOUNTAIN VIEW ASSISTED LIVING","1343 S DORA ST","UKIAH",CA,95482,"MENDOCINO","(707) 462-6212","ZENIA SHAH","FC RANGER OPS MOUNTAIN VIEW (CA); TARANTINO SR LVG",236803448,"RESIDENTIAL CARE ELDERLY",LICENSED,64,6/27/2013,"Premier, Vizient"
"PAVILION AT EL DORADO HILLS, THE","2288 FRANCISCO DR","EL DORADO HILLS",CA,95762,"EL DORADO","(916) 542-3452","WALL, ALISON M","EL DORADO HILLS MEMORY CARE; MOSAIC MANAGEMENT INC",92700445,"RESIDENTIAL CARE ELDERLY",LICENSED,64,5/6/2019,"None"
"PAVILION AT EL DORADO HILLS, THE","2288 FRANCISCO DR","EL DORADO HILLS",CA,95762,"EL DORADO","(916) 542-3452","BOTEZ, BRIDGET","EL DORADO HILLS MC LTD. PARTNERSHIP/MOSAIC CA LLC",95920187,"RESIDENTIAL CARE ELDERLY",PENDING,64,,"None"
"RESERVE AT FOUNTAINGROVE MEMORY CARE, THE","200 FOUNTAINGROVE PKWY","SANTA ROSA",CA,95403,"SONOMA","(707) 544-4909","DOWNEY, DENISE","OOC - SANTA ROSA, LLC; ONELIFE SENIOR LIVING LLC",496804324,"RESIDENTIAL CARE ELDERLY",PENDING,64,,"Premier"
"SUMMERFIELD OF FRESNO","6075 N. MARKS","FRESNO",CA,93711,"FRESNO","(559) 446-6226","HUNTLEY, ROBERT","SNH CAL TENANT LLC; NORTHSTAR SENIOR LIVING, INC.",107208983,"RESIDENTIAL CARE ELDERLY",LICENSED,64,1/16/2020,"None"
"SUMMERFIELD OF ROSEVILLE","110 STERLING COURT","ROSEVILLE",CA,95661,"PLACER","(916) 772-6500","MAY TATE","SNH CAL TENANT LLC; NORTHSTAR SENIOR LIVING, INC.",312700641,"RESIDENTIAL CARE ELDERLY",LICENSED,64,5/18/2020,"Premier"
"VINEYARD AT FOUNTAINGROVE, THE","200 FOUNTAINGROVE PKWY","SANTA ROSA",CA,95403,"SONOMA","(707) 544-4909","DOWNEY, DENISE","ONELIFE SENIOR LIVING LLC, FM SANTA ROSA INVESTORS",496803698,"RESIDENTIAL CARE ELDERLY",LICENSED,64,8/8/2017,"None"
"ADDIE MEEDOM HOUSE","1445 PARKWAY DRIVE","CRESCENT CITY",CA,95531,"HUMBOLDT","(707) 464-3311","STEVENS,ANGELA","CRESCENT CITY SENIOR LIVING, INC",126803254,"RESIDENTIAL CARE ELDERLY",LICENSED,63,3/31/2010,"None"
"ATRIA WILLOW GLEN","1660 GATON DR","SAN JOSE",CA,95125,"SANTA CLARA","(408) 266-1660","GURSU, UGUR (KURT)","WG WILLOW GLEN SH LP; ATRIA MANAGEMENT CO LLC",435200605,"RESIDENTIAL CARE ELDERLY",LICENSED,63,9/15/1998,"Vizient"
"OAKVIEW","3557 CAMPUS DR.","THOUSAND OAKS",CA,91360,"LOS ANGELES","(805) 241-2000","JEANNETTE RUGGIERO","OAKVIEW HC LLC",197607372,"RESIDENTIAL CARE ELDERLY",LICENSED,63,3/28/2008,"Premier"
"ROSE GARDEN RESIDENTIAL CARE","1350 WABASH AVE.","MENTONE",CA,92359,"SAN BERNARDINO","(909) 794-1040","GARCIA, CELIA","ROSE GARDEN RES OPERATOR LLC; PARADISE GARDENS MNR",366426422,"RESIDENTIAL CARE ELDERLY",LICENSED,63,12/8/2014,"Premier"
"ROSE GARDEN RESIDENTIAL CARE","1350 WABASH AVENUE","MENTONE",CA,92359,"SAN BERNARDINO","(909) 794-1040","BARD, SCHAMONE","PARADISE GARDENS MANOR, LLC",365530359,"RESIDENTIAL CARE ELDERLY",PENDING,63,,"None"
"TWELVE OAKS","2820 SYCAMORE AVE","LA CRESCENTA",CA,91214,"LOS ANGELES","(747) 255-7272","DENISE M GOTTO","TWELVE OAKS FOUNDATION; ECS MANAGEMENT, LLC",191202146,"RESIDENTIAL CARE ELDERLY",LICENSED,63,3/24/1986,"Premier"
"CREEKWOOD","830 TAMALPAIS AVE","NOVATO",CA,94947,"MARIN","(415) 897-2661","HYLTON, RACHEL","SAUVE PARTNERS, INC",216801691,"RESIDENTIAL CARE ELDERLY",LICENSED,62,2/2/2005,"None"
"SILVERADO SENIOR LIVING - THE HUNTINGTON","1118 N STONEMAN AVE","ALHAMBRA",CA,91801,"LOS ANGELES","(626) 308-9777","ROCHELLE CARPIO","SUBTENANT 1118 N STONEMAN; SILVERADO SR LVG MGT",197608180,"RESIDENTIAL CARE ELDERLY",LICENSED,62,10/24/2011,"Premier"
"BRASWELLS YUCAIPA LEISURE MANOR","32195 AVENUE E","YUCAIPA",CA,92399,"SAN BERNARDINO","(909) 797-1314","LINDA WOOFTER","BRASWELL JAMES ENTERPRISES, INC.",360900100,"RESIDENTIAL CARE ELDERLY",LICENSED,61,5/7/1993,"None"
"KOKORO ASSISTED LIVING","1881 BUSH ST","SAN FRANCISCO",CA,94109,"SAN FRANCISCO","(415) 776-8066","CHANTELLE HUDSON","KOKORO ASSITED LIVING INC; NCP SENIOR VENTURES LLC",385600235,"RESIDENTIAL CARE ELDERLY",LICENSED,61,10/16/2003,"None"
"REGENCY PLACE","8190 ARROYO VISTA DRIVE","SACRAMENTO",CA,95823,"SACRAMENTO","(916) 681-7800","DAMION E. ANDERSON","REGENCY PLACE ACQUISITIONS OPCO, LLC;NORTHSTAR SR",342701107,"RESIDENTIAL CARE ELDERLY",LICENSED,61,11/10/2021,"None"
"ACTIVCARE AT 4S RANCH","10603 RANCHO BERNARDO ROAD","SAN DIEGO",CA,92127,"SAN DIEGO","(858) 485-8001","DENISE NOTTER","RAC DOVE CNYN,INCOME PROPERTY GRP;ACTIVCARE LIVING",374603714,"RESIDENTIAL CARE ELDERLY",LICENSED,60,6/16/2016,"Vizient"
"ACTIVCARE AT MISSION BAY","2440 GRAND AVENUE","SAN DIEGO",CA,92109,"SAN DIEGO","(858) 270-8000","DESTEFANI, DAWN","RAC MISSION BAY/INCOME PROP. GRP/ACTIVCARE LV INC",374603584,"RESIDENTIAL CARE ELDERLY",LICENSED,60,12/10/2014,"Premier, Vizient"
"ATRIA PARK OF PACIFIC PALISADES","15441 W SUNSET BLVD","PACIFIC PALISADES",CA,90272,"LOS ANGELES","(310) 573-9545","JOE SALDANA","AL SUBFUNDING LLC; ATRIA MANAGEMENT CO LLC",198204494,"RESIDENTIAL CARE ELDERLY",LICENSED,60,6/24/2005,"None"
"BROOKDALE CORONA","2005 KELLOGG AVE","CORONA",CA,92879,"RIVERSIDE","(951) 898-6991","BRITTNEY MARTINEZ","EMERITUS CORPORATION",336426434,"RESIDENTIAL CARE ELDERLY",LICENSED,60,7/31/2014,"Premier, Vizient"
"BROOKDALE SUNWEST","1085 SUNWEST DR","HEMET",CA,92545,"RIVERSIDE","(951) 925-0822","THERESA M. WARD","SUMMERVILLE AT COBBCO INC; EMERITUS CORPORATION",336426239,"RESIDENTIAL CARE ELDERLY",LICENSED,60,11/21/2014,"None"
"ELDERS INN ON WEBSTER","1721 WEBSTER STREET","ALAMEDA",CA,94501,"ALAMEDA","(510) 521-9200","MARIE ANN LAGASCA","ZIMMERMAN, C. ZIMMRMAN, J. & DUGAN, M.",15600526,"RESIDENTIAL CARE ELDERLY",LICENSED,60,1/16/2001,"None"
"FOLSOM COUNTRYHOUSE","2005 IRON POINT RD","FOLSOM",CA,95630,"SACRAMENTO","(916) 836-8022","LETICIA FERMOSO HIGARES","AVENIDA PARTNERS DIRECTOR LLC; AGEMARK MGMT LLC",342700902,"RESIDENTIAL CARE ELDERLY",LICENSED,60,3/12/2021,"Premier"
"GARFIELD TERRACE LLC","1435 N GARFIELD AVE","PASADENA",CA,91104,"LOS ANGELES","(626) 398-0527","SANDOVAL, ROSALIE","GARFIELD TERRACE LLC",198602243,"RESIDENTIAL CARE ELDERLY",LICENSED,60,7/13/2018,"None"
"GOLDEN HILLS RETIREMENT CTR INC","10159 HILLHAVEN AVE","TUJUNGA",CA,91042,"LOS ANGELES","(818) 352-1559","GUEVARA, ITZEL","GOLDEN HILLS RETIREMENT CENTER INC",197609631,"RESIDENTIAL CARE ELDERLY",LICENSED,60,8/14/2018,"None"
"MAGNOLIA CROSSING","32 W SIERRA AVE","CLOVIS",CA,93612,"FRESNO","(559) 765-4916","PETERS, CONSTANCE","IDLS SIERRA AVENUE LLC",107208838,"RESIDENTIAL CARE ELDERLY",LICENSED,60,2/14/2018,"Vizient"
"MISSION VILLA SENIOR LIVING","995 E MARKET ST","DALY CITY",CA,94014,"SAN MATEO","(650) 756-1995","GHEISAR, SHAYAN","PACIFICA DALY LLC AND DALY CITY 1 MGR. LLC.",415601046,"RESIDENTIAL CARE ELDERLY",LICENSED,60,7/8/2019,"Premier"
"PRESERVE AT WOODLAND HILLS, THE","6221 FALLBROOK AVENUE","WOODLAND HILLS",CA,91367,"LOS ANGELES","(747) 226-5834","SUSAN WEISBARTH","WELBROOK WOODLAND HILLS OPCO LLC;WOODLAND HILLS MC",195850091,"RESIDENTIAL CARE ELDERLY",LICENSED,60,8/27/2021,"None"
"ROSELEAF OROVILLE","1900 20TH ST","OROVILLE",CA,95965,"BUTTE","(530) 538-8200","BAXTER, STACEY","GOLDEN ROSELEAF OROVILLE OPCO LLC",45002773,"RESIDENTIAL CARE ELDERLY",LICENSED,60,4/19/2021,"None"
"SUMMERFIELD OF STOCKTON","3530 DEER PARK DRIVE","STOCKTON",CA,95219,"SAN JOAQUIN","(209) 951-6500","ANDERSON, LESLIE","SNH CAL TENANT LLC; NORTHSTAR SENIOR LIVING, INC.",392700644,"RESIDENTIAL CARE ELDERLY",LICENSED,60,3/6/2020,"Premier"
"TERRACES AT VIA VERDE-A MEMORY CARE COMMUNITY, THE","1155 VIA VERDE","SAN DIMAS",CA,91773,"LOS ANGELES","(909) 293-6466","JAKINI, ROBERT","ADP OF SAN DIMAS, LLC; AGEMARK MANAGEMENT LLC",198603383,"RESIDENTIAL CARE ELDERLY",LICENSED,60,8/5/2021,"None"
"VACA VALLEY LIVING A MEMORY CARE COMMUNITY","80 ORANGE TREE CIRCLE","VACAVILLE",CA,95687,"SOLANO","(707) 724-6751","JAMIE HEALER","MEMORY CARE VACAVILLE; J & J SENIOR CARE MGT",486830735,"RESIDENTIAL CARE ELDERLY",LICENSED,60,2/27/2018,"None"
"VETERANS HOME OF CALIFORNIA-VENTURA","10900 TELEPHONE ROAD","VENTURA",CA,93004,"VENTURA","(805) 659-7501","RAY SENA","CALIFORNIA DEPARTMENT OF VETERANS AFFAIRS",565801637,"RESIDENTIAL CARE ELDERLY",LICENSED,60,1/7/2010,"None"
"VICTOR ROYALE, LLC","120 E. LAUREL STREET","GLENDALE",CA,91205,"LOS ANGELES","(818) 243-7442","PETER BABAIAN","VICTOR ROYALE, LLC.",197608401,"RESIDENTIAL CARE ELDERLY",LICENSED,60,1/31/2013,"None"
"WELCOME HOME ATASCADERO","14900 EL CAMINO REAL","ATASCADERO",CA,93422,"SAN LUIS OBISPO","(805) 703-4686","FLORES, RACQUEL P","WELCOME HOME ATASCADERO",405850527,"RESIDENTIAL CARE ELDERLY",LICENSED,60,12/17/2024,"Premier"
"WESTGATE VILLA","5425 MAYME AVENUE","SAN JOSE",CA,95129,"SANTA CLARA","(408) 366-6510","TAYAG, AIDAH","HALF MOON BAY HOLDINGS, LLC",435202759,"RESIDENTIAL CARE ELDERLY",LICENSED,60,6/16/2020,"Premier"
"WILLIAM J.  PETE  KNIGHT VETERANS HOME-LANCASTER","45221 30TH STREET WEST","LANCASTER",CA,93536,"LOS ANGELES","(661) 974-7035","EDINA LEMUS","CALIFORNIA DEPARTMENT OF VETERANS AFFAIRS",197607726,"RESIDENTIAL CARE ELDERLY",LICENSED,60,1/7/2010,"None"
"WILLOW GLEN CARE CENTER","1547 PLUMAS COURT","YUBA CITY",CA,95991,"SUTTER","(530) 751-9900","ANGIE KARIS","WILLOW GLEN CARE CENTER",515001963,"RESIDENTIAL CARE ELDERLY",LICENSED,60,1/8/2007,"None"
"BETH HAVEN","368 S. WILMA AVE.","RIPON",CA,95366,"SAN JOAQUIN","(209) 599-7670","JOSE VENTURA","BETHANY HOME SOCIETY OF SAN JOAQUIN COUNTY",390312809,"RESIDENTIAL CARE ELDERLY",LICENSED,59,1/17/1990,"None"
"SAN FRANCISCO RCFE","887 POTRERO AVENUE","SAN FRANCISCO",CA,94110,"SAN FRANCISCO","(628) 206-6402","CHARISSE LI","SAN FRANCISCO DEPARTMENT OF PUBLIC HEALTH",385600399,"RESIDENTIAL CARE ELDERLY",LICENSED,59,9/8/2014,"None"
"VILLAGE AT MILL CREEK","2948 & 2950 E DOUGLAS AVE","VISALIA",CA,93292,"TULARE","(559) 625-6001","BADOUD, ANDREW","ALLIANCE SENIOR LIVING MANAGEMENT CO.",547209463,"RESIDENTIAL CARE ELDERLY",LICENSED,59,2/18/2025,"None"
"WESTWIND MEMORY CARE","160 JEWELL STREET","SANTA CRUZ",CA,95060,"SANTA CRUZ","(831) 421-9100","STEVEN SILACCI","SEASONS MGT; SM SANTA CRUZ MEMORY; AMV CAPITAL GRP",445202597,"RESIDENTIAL CARE ELDERLY",LICENSED,59,12/13/2017,"None"
"BELLAKEN GARDEN","2780 26TH AVENUE","OAKLAND",CA,94601,"ALAMEDA","(510) 536-1838","BELINDA LEUNG","BELLAKEN HEALTH GROUP,INC",15600413,"RESIDENTIAL CARE ELDERLY",LICENSED,58,2/24/2000,"None"
"BETHANY HOME SENIOR LIVING, LLC","3322 EAST AVE.","LIVERMORE",CA,94550,"ALAMEDA","(925) 443-6822","NAGY, ARPAD","BETHANY HOMES SENIOR LIVING, LLC",19200973,"RESIDENTIAL CARE ELDERLY",LICENSED,58,4/20/2021,"None"
"CEDAR CREEK ALZHEIMER'S & DEMENTIA CARE CENTER","15245 NATIONAL AVENUE","LOS GATOS",CA,95032,"SANTA CLARA","(408) 356-5636","DEBBIE COTA","ALTCARE CEDAR CREEK LLC",435201413,"RESIDENTIAL CARE ELDERLY",LICENSED,58,9/25/2003,"None"
"DESERT HILLS MEMORY CARE CENTER","25818 COLUMBIA ST","HEMET",CA,92544,"RIVERSIDE","(951) 652-1837","HUDSON, CHANTELLE","CASCADE LVG GRP HEMET; KRE TIGER DESERT HILLS OP",331880722,"RESIDENTIAL CARE ELDERLY",LICENSED,58,1/3/2020,"Premier, Vizient"
"FRYE'S CARE HOME","2240 FERN STREET","EUREKA",CA,95503,"HUMBOLDT","(707) 442-2712","DELORES FRYE","FRYE, PYONG SIL",121372020,"RESIDENTIAL CARE ELDERLY",LICENSED,58,2/6/1989,"None"
"OARS AT GREENBACK LANE, THE","6550 GREENBACK LANE","CITRUS HEIGHTS",CA,95621,"SACRAMENTO","(916) 212-0388","CHRISTAL ANDERSON","OARS SENIOR LIVING, INC., THE",342700963,"RESIDENTIAL CARE ELDERLY",LICENSED,57,2/19/2021,"None"
"PENINSULA REFLECTIONS","205 COLLINS AVE","COLMA",CA,94014,"SAN MATEO","(650) 731-4670","ANNA ALLAS","CLAREMONT RETIREMENT MANAGEMENT SERVICES INC",415600976,"RESIDENTIAL CARE ELDERLY",LICENSED,57,10/6/2016,"None"
"AEGIS ASSISTED LIVING OF NAPA","2100 REDWOOD ROAD","NAPA",CA,94558,"NAPA","(707) 251-1409","PAUL OSESO","AEGIS SENIOR COMMUNITIES, LLC",286803028,"RESIDENTIAL CARE ELDERLY",LICENSED,56,9/4/2008,"Premier"
"BROOKDALE KETTLEMAN LANE","2150 W KETTLEMAN LN","LODI",CA,95242,"SAN JOAQUIN","(209) 333-8033","MARY MARGARET CHAPPELL","EMERITUS CORPORATION",397005466,"RESIDENTIAL CARE ELDERLY",LICENSED,56,7/31/2014,"Premier, Vizient"
"BROOKDALE SYLVAN RANCH","7375 STOCK RANCH RD","CITRUS HEIGHTS",CA,95621,"SACRAMENTO","(916) 729-2722","JERILYN PUROL","BREA CITRUS HEIGHTS LLC; EMERITUS CORPORATION",347003712,"RESIDENTIAL CARE ELDERLY",LICENSED,56,5/1/2007,"Premier"
"DESERT COVE ASSISTED LIVING","13660 MOUNTAIN VIEW ROAD","DESERT HOT SPRINGS",CA,92240,"RIVERSIDE","(760) 671-7820","SCOTT, HEATHER","DESERT COVE ASSISTED LIVING LLC",331881680,"RESIDENTIAL CARE ELDERLY",LICENSED,56,5/8/2025,"Premier"
"DESERT COVE ASSISTED LIVING AT DESERT HOT SPRINGS","13660 MOUNTAIN VIEW ROAD","DESERT HOT SPRINGS",CA,92240,"RIVERSIDE","(760) 671-7820","HEATHER SCOTT","DES CV ASST LIV@DESHOTSPR LLC;DES CV ASST LIV LLC",336426550,"RESIDENTIAL CARE ELDERLY",LICENSED,56,1/12/2015,"None"
"MUGUNGHWA SILVERTOWN","1423 S. MANHATTAN PLACE","LOS ANGELES",CA,90019,"LOS ANGELES","(323) 373-1980","ESTHER HONG","S.M. HEALTHCARE, INC.",197606175,"RESIDENTIAL CARE ELDERLY",LICENSED,56,6/23/2005,"None"
"ORCHARD PARK SENIOR LIVING COMMUNITY","14789 BURNS VALLEY ROAD","CLEARLAKE",CA,95422,"LAKE","(707) 995-1900","JONES, MELISSA","EP OPERATION CLEARLAKE; LAKESIDE VISTA SENIOR LLC",176803831,"RESIDENTIAL CARE ELDERLY",LICENSED,56,11/22/2019,"Premier"
"ROSELEAF GARDENS","2770 SIERRA LADERA","CHICO",CA,95928,"BUTTE","(530) 895-0800","EADS, TERESA","GOLDEN ROSELEAF GARDENS OPCO LLC",45002775,"RESIDENTIAL CARE ELDERLY",LICENSED,56,4/19/2021,"Vizient"
"SUMMERFIELD OF ENCINITAS","1350 S. EL CAMINO REAL","ENCINITAS",CA,92024,"SAN DIEGO","(760) 479-1818","MYERS,HEATHER","SNH CAL TENANT LLC; NORTHSTAR SENIOR LIVING, INC.",374604227,"RESIDENTIAL CARE ELDERLY",LICENSED,56,2/18/2020,"Premier"
"SUNNYSIDE SENIOR LIVING INC","120 2OTH CENTURY BLVD","TURLOCK",CA,95380,"STANISLAUS","(209) 614-5171","MELISSA BRICHKA","SUNNYSIDE SENIOR LIVING INC",502701283,"RESIDENTIAL CARE ELDERLY",LICENSED,56,11/28/2023,"None"
"WILLOW SPRINGS ALZHEIMER'S SPECIAL CARE CENTER","191 CHURN CREEK RD","REDDING",CA,96003,"SHASTA","(530) 242-0654","CLARK, PATRICIA","REDDING MC LLC; ANTHEM MEMORY CARE LLC",455920262,"RESIDENTIAL CARE ELDERLY",LICENSED,56,4/17/2025,"None"
"CITRUS GARDENS","25911 STANFORD ST","HEMET",CA,92544,"RIVERSIDE","(951) 925-7107","TRACY LANGENDOEN","CITRUS GARDENS LEASING LLC",336426759,"RESIDENTIAL CARE ELDERLY",LICENSED,55,7/27/2015,"None"
"COTTAGES AT ARTESIA, THE","6041 KINGMAN AVENUE","BUENA PARK",CA,90621,"ORANGE","(800) 570-2273","OLAIS, AURELIA","COTTAGES AT ARTESIA L.L.C, THE",306005999,"RESIDENTIAL CARE ELDERLY",LICENSED,55,1/14/2022,"None"
"DRAKE HOUSE","399 DRAKE AVENUE","MONTEREY",CA,93940,"MONTEREY","(831) 643-9069","JULIE HUYNH","FRONT STREET INC.",275294182,"RESIDENTIAL CARE ELDERLY",LICENSED,55,6/20/2006,"Vizient"
"HALLMARK-PALM SPRINGS","344 NORTH SUNRISE WAY","PALM SPRINGS",CA,92262,"RIVERSIDE","(760) 322-3955","GLORIA GOURLAY","HALLMARK-PALM SPRINGS LIMITED PARTNERSHIP",336412441,"RESIDENTIAL CARE ELDERLY",LICENSED,55,3/29/2007,"None"
"HOME SWEET HOME SENIOR CARE","1560 BRYANT STREET","DALY CITY",CA,94015,"SAN MATEO","(650) 992-2727","IRENA MATIJAS","HOME SWEET HOME SENIOR CARE DALY CITY, INC.",415600821,"RESIDENTIAL CARE ELDERLY",LICENSED,55,9/23/2010,"Premier"
"LYTTON GARDENS COMMUNITY CARE","649 UNIVERSITY AVENUE","PALO ALTO",CA,94301,"SANTA CLARA","(650) 617-7338","ANAHI MCKANE","COMMUNITY HOUSING INC.",430701864,"RESIDENTIAL CARE ELDERLY",LICENSED,55,8/30/1993,"None"
"RIVERSTONE TERRACE SENIOR LIVING","3209 BOOKSIDE DR","BAKERSFIELD",CA,93311,"KERN","(661) 663-9671","RICE, DOUGLAS G.","PACIFICA BAKERSFIELDLP;CALSON CARE BAKERSFIELD LLC",157204130,"RESIDENTIAL CARE ELDERLY",LICENSED,55,7/30/2008,"Premier"
"VETERANS HOME CHULA VISTA","700 EAST NAPLES COURT","CHULA VISTA",CA,91911,"SAN DIEGO","(619) 205-1154","KATHRYN GABRIEL","VETERANS HOME OF CALIFORNIA - CHULA VISTA",374601005,"RESIDENTIAL CARE ELDERLY",LICENSED,55,8/29/2000,"None"
"WINDCHIME OF MARIN","1111 SIR FRANCIS DRAKE RD","KENTFIELD",CA,94904,"MARIN","(415) 482-4100","LAUREN COTTMAN","WINDCHIME GROUP LLC; INTEGRAL SENIOR LIVING LLC",216800977,"RESIDENTIAL CARE ELDERLY",LICENSED,55,7/10/2001,"Vizient"
"WEBSTER HOUSE","401 WEBSTER STREET","PALO ALTO",CA,94301,"SANTA CLARA","(650) 327-4333","SELLECK, TIM","FRONT PORCH COMMUNITIES AND SERVICES",435202504,"RCFE-CONTINUING CARE RETIREMENT COMMUNITY",LICENSED,54,6/1/2015,"Vizient"
"AUTUMN RIDGE ASSISTED LIVING","14280 W STANISLAUS AVE","KERMAN",CA,93630,"FRESNO","(661) 972-4646","DHALIWAL, KAREN","PATHWAY ASSISTED LIVING AUTUMN RIDGE LLC",107209492,"RESIDENTIAL CARE ELDERLY",LICENSED,54,8/15/2024,"None"
"ELMS RESIDENTIAL CARE","67 EAST BARNETT","VENTURA",CA,93001,"VENTURA","(805) 643-2176","HIGGINS, FE LILIA  98","HIGGINS, FE LILIA",561703573,"RESIDENTIAL CARE ELDERLY",LICENSED,54,8/31/1989,"None"
"QUALITY CARE ASSISTED LIVING","2607 MT. VERNON AVENUE","BAKERSFIELD",CA,93306,"KERN","(661) 871-8133","ESPINAL, ALMA","QUALITY CARE SYSTEMS, INC.",157209146,"RESIDENTIAL CARE ELDERLY",LICENSED,54,6/29/2021,"None"
"RINCON ASSISTED LIVING","67 EAST BARNETT ST.","VENTURA",CA,93001,"LOS ANGELES","(805) 652-0000","SPRING, REBECCA","TURNING POINT FOUNDATION",195850613,"RESIDENTIAL CARE ELDERLY",PENDING,54,,"None"
"RINCON ASSISTED LIVING","67 EAST BARNETT ST.","VENTURA",CA,93001,"VENTURA","(805) 643-2176","SPRING, REBECCA","TURNING POINT FOUNDATION",565850439,"RESIDENTIAL CARE ELDERLY",PENDING,54,,"None"
"VISTA ESPERANZA","5240 JACKSON STREET","NORTH HIGHLANDS",CA,95660,"SACRAMENTO","(415) 590-0579","VALENCIA, BRANDY","PSYNERGY PROGRAMS, INC",345920088,"RESIDENTIAL CARE ELDERLY",LICENSED,54,9/10/2024,"None"
"A & J ASSISTED LIVING FACILITY","130 VALE STREET","DALY CITY",CA,94014,"SAN MATEO","(650) 755-0411","PACALDO, JULIET","PACALDO LLC",415601066,"RESIDENTIAL CARE ELDERLY",LICENSED,53,3/17/2020,"Premier"
"MONARCH COTTAGES LA JOLLA","7630 FAY AVENUE","LA JOLLA",CA,92037,"SAN DIEGO","(858) 924-8530","JESTER, RISA","MONARCH LA JOLLA LLC, MONARCH SENIOR LIVING LLC",374603724,"RESIDENTIAL CARE ELDERLY",LICENSED,52,1/22/2018,"None"
"SPRING SENIOR ASSISTED LIVING","20900 EARL STREET","TORRANCE",CA,90503,"LOS ANGELES","(310) 370-3594","MONNIECE BOATWRIGHT","SPRING SR. ASST.LVG,LLC;NEWGEN OPERATIONS MGMT,LLC",198204079,"RESIDENTIAL CARE ELDERLY",LICENSED,51,1/9/2004,"Premier"
"ST JOHN GRANDE","2446 S ST ANDREWS PLACE","LOS ANGELES",CA,90018,"LOS ANGELES","(323) 731-0641","SABRINA TUCKER","ST JOHN OF GOD RETIREMENT & CARE CENTER CORP.",198601817,"RESIDENTIAL CARE ELDERLY",LICENSED,51,6/12/2015,"None"
"PARADISE VALLEY MANOR","2575 E. EIGHTH STREET","NATIONAL CITY",CA,91950,"SAN DIEGO","(619) 470-6700","AARON BURRUP","STERLING CARE, INC.",374601395,"RCFE-CONTINUING CARE RETIREMENT COMMUNITY",LICENSED,50,5/27/2003,"None"
"BLUE SKY MANOR INC","280 N WILSHIRE AVE","ANAHEIM",CA,92801,"ORANGE","(714) 844-2667","GABRIEL AIRAPETIAN","BLUE SKY MANOR INC.",306005792,"RESIDENTIAL CARE ELDERLY",LICENSED,50,1/25/2021,"None"
"OAK COTTAGE OF SANTA BARBARA MEMORY CARE","1820 DE LA VINA STREET","SANTA BARBARA",CA,93101,"SANTA BARBARA","(805) 456-7270","TYLER BARNES","OAK COTTAGE OPERATOR NT HCI LLC; INTEGRAL SL MGMT",425802118,"RESIDENTIAL CARE ELDERLY",LICENSED,50,4/10/2018,"None"
"PRIMROSE ALZHEIMER'S LIVING INC","2080 GUERNEVILLE RD","SANTA ROSA",CA,95403,"SONOMA","(707) 578-8360","WOTRING, JOHN J","PRIMROSE ALZHEIMER'S LIVING INC",496803764,"RESIDENTIAL CARE ELDERLY",LICENSED,50,5/9/2019,"None"
"VALLEY SPRING MEMORY CARE","555 MILLER LANE","LOS BANOS",CA,93635,"MERCED","(209) 710-4783","REYNAGA, ELIZABETH","VALLEY SPRINGS OF LOS BANOS LLC",247209172,"RESIDENTIAL CARE ELDERLY",LICENSED,50,2/4/2022,"Vizient"
"WELBROOK SENIOR LIVING SANTA MONICA","1450 17TH STREET","SANTA MONICA",CA,90404,"LOS ANGELES","(424) 282-3002","COLE, CATALINA","WELBROOK SR LVNG SNTA MONICA LLC;ALTA SR LVNG, INC",197609336,"RESIDENTIAL CARE ELDERLY",LICENSED,50,10/9/2017,"Premier"
"WESTFIELD VILLA GARDENS","3863 WEST RAMSEY ST","BANNING",CA,92220,"RIVERSIDE","(951) 849-7521","ALMA ESPINAL","ALL HEALTH VENTURES, INC",331881248,"RESIDENTIAL CARE ELDERLY",LICENSED,50,3/30/2022,"None"
"ALDER BAY ASSISTED LIVING","1355 MYRTLE","EUREKA",CA,95501,"HUMBOLDT","(707) 444-8000","ANDERSON, SARA","EUREKA ASSISTED LIVING, LLC/RIDGELINE MGMT COMPANY",126801871,"RESIDENTIAL CARE ELDERLY",LICENSED,49,3/7/2006,"Premier, Vizient"
"AMADOR RESIDENTIAL CARE FACILITY","155 PLACER DRIVE","JACKSON",CA,95642,"AMADOR","(209) 223-4444","KARLY STURGEON","AMADOR RESIDENTIAL CARE INC.,",30317773,"RESIDENTIAL CARE ELDERLY",LICENSED,49,8/25/1993,"None"
"ANNAI HOUSE","175 W SIERA AVE","CLOVIS",CA,93612,"FRESNO","(559) 779-4071","KENDAKUR, SUNDARI SUSAN","ANJALEONI ENTERPRISES INC",107209542,"RESIDENTIAL CARE ELDERLY",PENDING,49,,"None"
"BUENA VISTA ASSISTED LIVING","1393 S. BUENA VISTA ST.","HEMET",CA,92543,"RIVERSIDE","(951) 658-5160","GRISELDA GARCIA","BUENA VISTA AL, LLC",331880902,"RESIDENTIAL CARE ELDERLY",LICENSED,49,5/20/2020,"None"
"CARDINAL YU-PIN MANOR","15602 BELSHIRE AVENUE","NORWALK",CA,90650,"LOS ANGELES","(562) 926-1289","KUN HU","CARDINAL PAUL YU-PIN MEMORIAL FOUNDATION",197607034,"RESIDENTIAL CARE ELDERLY",LICENSED,49,6/28/2007,"None"
"CITRUS HEIGHTS TERRACE","7952 OLD AUBURN ROAD","CITRUS HEIGHTS",CA,95610,"SACRAMENTO","(916) 727-4400","VERONICA MORALES","CITRUS HEIGHTS TERRACE",347001498,"RESIDENTIAL CARE ELDERLY",LICENSED,49,4/13/2000,"Premier"
"COGIR OF VACAVILLE","799 YELLOWSTONE DRIVE","VACAVILLE",CA,95687,"SOLANO","(707) 447-7496","SAVOIE, DEBORAH","WELLTOWER COGIR TENANT LLC; COGIR MNGT USA INC",486803809,"RESIDENTIAL CARE ELDERLY",LICENSED,49,2/1/2019,"Premier"
"CORONA RCFE","2600 SOUTH MAIN STREET","CORONA",CA,92882,"RIVERSIDE","(951) 736-4900","JENNIFER D. MONTGOMERY","CORONA RCFE, LLC",336423880,"RESIDENTIAL CARE ELDERLY",LICENSED,49,12/31/2008,"None"
"COUNTRY PLACE ASSISTED LIVING","1715 OLIVE LANE","ANTIOCH",CA,94509,"CONTRA COSTA","(925) 778-5000","RICHARDSON, JENNIFER","ANTIOCH MGT, LLC",75601547,"RESIDENTIAL CARE ELDERLY",LICENSED,49,12/28/2011,"None"
"COURTYARD AT LITTLE CHICO CREEK, THE","1770 HUMBOLDT ROAD","CHICO",CA,95928,"BUTTE","(530) 342-0707","MORALES, MELISSA","COURTYARD AT LITTLE CHICO CREEK/HIGNELL & HIGNELL",45000700,"RESIDENTIAL CARE ELDERLY",LICENSED,49,1/15/1999,"None"
"COVENANT CARE-TURLOCK RESIDENTIAL","1101 E. TUOLUMNE ROAD","TURLOCK",CA,95380,"STANISLAUS","(209) 667-8409","JENNIFER WARKENTIN","COVENANT CARE CALIFORNIA, INC.",507000306,"RESIDENTIAL CARE ELDERLY",LICENSED,49,7/6/1995,"None"
"EAST BAY LONGEVITY ASSISTED LIVING","388 12TH STREET","OAKLAND",CA,94607,"ALAMEDA","(510) 808-7783","KAUNG, ALICE","EAST BAY LONGEVITY ASSISTED LIVING LLC",19200751,"RESIDENTIAL CARE ELDERLY",LICENSED,49,7/30/2018,"None"
"FOUR SEASONS ASSISTED LIVING CENTER LLC","12120 CHANDLER BLVD","NORTH HOLLYWOOD",CA,91607,"LOS ANGELES","(818) 487-0770","CLARIZZE PUNIT","M",197608280,"RESIDENTIAL CARE ELDERLY",LICENSED,49,6/20/2012,"None"
"GARDEN MANOR INC.","4983 E. OLIVE","FRESNO",CA,93727,"FRESNO","(559) 255-8650","BLACK, JOAN","GARDEN MANOR INC.",100408901,"RESIDENTIAL CARE ELDERLY",LICENSED,49,12/6/1993,"Premier"
"GARDENS, THE","840 WASHINGTON AVENUE","YUBA CITY",CA,95991,"SUTTER","(530) 790-3075","BRANDY STRAHL","FREMONT-RIDEOUT HEALTH GROUP; UNITED COM-SERVE",515001365,"RESIDENTIAL CARE ELDERLY",LICENSED,49,7/10/2003,"Premier"
"GLEN PARK AT MONROVIA","110 N MOUNTAIN AVE","MONROVIA",CA,91016,"LOS ANGELES","(626) 357-6818","ACHARYA, NIRJARA","GLEN PARK AT MONROVIA",197802560,"RESIDENTIAL CARE ELDERLY",LICENSED,49,4/28/1999,"None"
"GRANITE BAY COUNTRYHOUSE LLC","8485 BARTON RD","GRANITE BAY",CA,95746,"PLACER","(916) 899-6565","PENA, MARIA","GRANITE BAY COUNTRYHOUSE LLC;AGEMARK MGMT LLC",312700033,"RESIDENTIAL CARE ELDERLY",LICENSED,49,10/24/2016,"None"
"JOYFUL CHAPTER","340 ALTA VISTA DRIVE","SOUTH SAN FRANCISCO",CA,94080,"SAN MATEO","(650) 827-5228","ROBERT WONG","NEXT CHAPTER, INC., THE",415600832,"RESIDENTIAL CARE ELDERLY",LICENSED,49,5/11/2011,"None"
"LAKEVIEW LODGE","530 LAKEVIEW WAY","EMERALD HILLS",CA,94062,"SAN MATEO","(650) 369-7476","CAMPBELL, ROSALINDA","LAKEVIEW LODGE INC",415600864,"RESIDENTIAL CARE ELDERLY",LICENSED,49,12/12/2012,"Vizient"
"LIGHTHOUSE, THE","10406 MAGNOLIA BLVD.","TOLUCA LAKE",CA,91601,"LOS ANGELES","(818) 766-3764","GABRIELA VISOVAN","CARPATI CORPORATION",191222083,"RESIDENTIAL CARE ELDERLY",LICENSED,49,2/19/1992,"None"
"MARIN TERRACE","297 MILLER AVE","MILL VALLEY",CA,94941,"MARIN","(415) 388-9526","ERLINDA FERRIS","MARIN TERRACE LLC",216803891,"RESIDENTIAL CARE ELDERLY",LICENSED,49,4/9/2020,"Premier"
"MEADOWBROOK PLACE ASSISTED LIVING","461 E JOHNSTON AVENUE","HEMET",CA,92543,"RIVERSIDE","(818) 470-6457","SCOTT, ANDREA","MEADOWBROOK PLACE ASSISTED LIVING",331881631,"RESIDENTIAL CARE ELDERLY",LICENSED,49,12/10/2024,"None"
"PALM VILLAS","1931 WOODSIDE ROAD","REDWOOD CITY",CA,94061,"SAN MATEO","(650) 369-3197","SNEPER, GARRY","FOREVER YOUNG ASSISTED LIVING, INC.",415600787,"RESIDENTIAL CARE ELDERLY",LICENSED,49,4/22/2009,"None"
"PLEASANT HILL OASIS","40 BOYD RD","PLEASANT HILL",CA,94523,"CONTRA COSTA","(925) 937-5348","ELEGADO, LIZA","PH SENIOR CARE LLC; NORTHSTAR SENIOR LIVING INC",79200765,"RESIDENTIAL CARE ELDERLY",LICENSED,49,9/26/2018,"Vizient"
"SIERRA VIEW SENIOR LIVING","120 DORSEY DRIVE","GRASS VALLEY",CA,95945,"NEVADA","(530) 273-4849","WINGET, LISA VIXIE","SIERRA VIEW SENIOR LIVING LLC",295002836,"RESIDENTIAL CARE ELDERLY",LICENSED,49,11/16/2021,"None"
"SIERRA VILLA REST HOME","175 W. SIERRA AVE.","CLOVIS",CA,93612,"FRESNO","(559) 345-4929","SUNDARI SUSAN KENDAKUR","THERAPEUTIC RESIDENTIAL SERVICES, INC.",107203505,"RESIDENTIAL CARE ELDERLY",LICENSED,49,5/30/2007,"None"
"ST MICHAEL ASSISTED LIVING","550 N LILLIE AVE","DINUBA",CA,93618,"TULARE","(925) 285-9881","KUMAR,HARMESH","THERAPEUTIC RESIDENTIAL CARE SERVICES",547209600,"RESIDENTIAL CARE ELDERLY",PENDING,49,,"None"
"ST. THOMAS RETIREMENT CENTER","2937 NORTH BERKELEY AVENUE","TURLOCK",CA,95382,"STANISLAUS","(209) 634-7252","SR.BASIMA MARGARET HOMA","CHALDEAN SISTERS, DAUGHTERS OF MARY IMMACULATE CON",500310664,"RESIDENTIAL CARE ELDERLY",LICENSED,49,6/27/1988,"None"
"TURLOCK RESIDENTIAL","1101 E TUOLUMNE RD","TURLOCK",CA,95382,"STANISLAUS","(209) 667-8409","WARKENTIN, JENNIFER","LOST CANE SENIOR LIVING INC",502701594,"RESIDENTIAL CARE ELDERLY",PENDING,49,,"Premier, Vizient"
"VALLEY PINES","545 EAST MAIN AVENUE","MORGAN HILL",CA,95037,"SANTA CLARA","(408) 779-2855","HEINAN, JAMES","HEINAN, JAMES & CAROLYN",430702352,"RESIDENTIAL CARE ELDERLY",LICENSED,49,12/19/1993,"None"
"VENTURA GRAND CHATEAU","5430 TELEGRAPH ROAD","VENTURA",CA,93003,"VENTURA","(805) 642-2567","SEAN BEHARRY","VENTURA GRAND CHATEAU LLC",565802472,"RESIDENTIAL CARE ELDERLY",LICENSED,49,12/11/2018,"None"
"VENTURA VILLA ASSISTED LIVING","3482 LOMA VISTA ROAD","VENTURA",CA,93003,"VENTURA","(805) 644-1292","WARD-MICHAYLUK, EVANGELINE","HEALTHY SENIOR CARE PARTNERS",565850093,"RESIDENTIAL CARE ELDERLY",LICENSED,49,6/22/2021,"Premier"
"VINTAGE FAIRE RESIDENTIAL","3620-A DALE ROAD","MODESTO",CA,95356,"STANISLAUS","(209) 521-1798","PRITHIKA B SINGH","COVENANT CARE CALIFORNIA, INC.",507000307,"RESIDENTIAL CARE ELDERLY",LICENSED,49,7/6/1995,"Premier, Vizient"
"VINTAGE FAIRE RESIDENTIAL","3620-A DALE ROAD","MODESTO",CA,95356,"STANISLAUS","(949) 540-1720","SINGH, PRITHIKA BANDHANA","DEER TAIL SENIOR LIVING, INC.",502701602,"RESIDENTIAL CARE ELDERLY",PENDING,49,,"Vizient"
"WILLOW CREEK ALZHEIMER'S & DEMENTIA CARE CENTER","22424 CHARLENE WAY","CASTRO VALLEY",CA,94546,"ALAMEDA","(510) 889-1300","CARSON, ELIZABETH M","ALTCARE WILLOW CREEK, INC.",15601256,"RESIDENTIAL CARE ELDERLY",LICENSED,49,9/5/2006,"None"
"CARMEL VILLAGE MEMORY CARE","2145 STANFORD AVE","CLOVIS",CA,93611,"FRESNO","(559) 322-8500","POPE, LINDA","GENCLOVIS LLC; GENERATIONS-CA LLC",107208996,"RESIDENTIAL CARE ELDERLY",LICENSED,48,9/26/2019,"None"
"COMFORT HAVEN FOR THE ELDERLY","125 E TENTH STREET","MARYSVILLE",CA,95901,"YUBA","(530) 777-9698","JUMAWAN, SUSIE","JUMAWAN, BRIAN & SUSIE",585002798,"RESIDENTIAL CARE ELDERLY",ON PROBATION,48,2/2/2016,"None"
"COURTE AT CITRUS HEIGHTS, THE","6825 SUNRISE BLVD","CITRUS HEIGHTS",CA,95610,"SACRAMENTO","(916) 721-0644","KYLIE WHITAKER","CITRUS HEIGHTS MEMORY CARE DEV; SUNRISE OAKS MC PR",342700077,"RESIDENTIAL CARE ELDERLY",ON PROBATION,48,11/23/2016,"None"
"GLEN PARK AT OJAI","225 N LOMITA AVE","OJAI",CA,93023,"VENTURA","(805) 646-2402","GARY Y LEE","GLEN PARK AT OJAI",565850221,"RESIDENTIAL CARE ELDERLY",LICENSED,48,10/15/2021,"None"
"GREENHAVEN PLACE INDEPENDENT LVG AND ASSISTED LVG","6350 RIVERSIDE BLVD","SACRAMENTO",CA,95831,"SACRAMENTO","(916) 427-1133","BRITTANY A ANDREWS","WELLTOWER PEGASUS TENANT LLC;PSL ASSOCAITES LLC",342700474,"RESIDENTIAL CARE ELDERLY",LICENSED,48,2/1/2019,"Premier"
"MILLBRAE ASSISTED LIVING HOME","1001 HEMLOCK AVE","MILLBRAE",CA,94030,"SAN MATEO","(650) 689-5776","PO, GINGER","MILLBRAE ASSISTED LIVING HOME LLC",415601112,"RESIDENTIAL CARE ELDERLY",LICENSED,48,12/21/2021,"None"
"PALM VILLAS, CAMPBELL","3333 SOUTH BASCOM AVENUE","CAMPBELL",CA,95008,"SANTA CLARA","(408) 559-8301","SNEPER, GARRY","FOREVER YOUNG AL CAMPBELL, INC.",435202301,"RESIDENTIAL CARE ELDERLY",LICENSED,48,8/3/2012,"None"
"SHADOWRIDGE SENIOR LIVING","2354 WATSON WAY","VISTA",CA,92081,"SAN DIEGO","(760) 295-3888","FUHRMAN, MICHELE","SYCAMORE CARE LLC",371881590,"RESIDENTIAL CARE ELDERLY",LICENSED,48,4/7/2025,"Premier"
"SHADOWRIDGE SENIOR LIVING","2354 WATSON WAY","VISTA",CA,92081,"SAN DIEGO","(760) 295-3888","MICHELE FUHRMAN","SEQUOIA AFFORDABLE HOUSING FDN; SYCAMORE CARE LLC",374604135,"RESIDENTIAL CARE ELDERLY",LICENSED,48,12/6/2018,"None"
"TWIN RIVERS AT NATOMAS","421 SAN JUAN ROAD","SACRAMENTO",CA,95834,"SACRAMENTO","(916) 216-3058","EMONNIE ROWE","TWIN RIVERS AT NATOMAS INC",342700012,"RESIDENTIAL CARE ELDERLY",LICENSED,48,6/23/2016,"None"
"VALLEY HAVEN III","2266 CHANTICLEER AVE.","SANTA CRUZ",CA,95062,"SANTA CRUZ","(831) 818-8372","JOSEPHINE ARCILLA","JESUS & JOSEPHINE ARCILLA",445202401,"RESIDENTIAL CARE ELDERLY",LICENSED,48,8/30/2013,"None"
"VETERANS HOME OF CALIFORNIA TRUMAN HALL","300 CALIFORNIA DR","YOUNTVILLE",CA,94599,"NAPA","(707) 944-4884","THERESA JONES","STATE OF CA/DEPT. OF VETERANS AFFAIRS",280109377,"RESIDENTIAL CARE ELDERLY",LICENSED,48,8/10/1989,"None"
"WESLEY HEALTH CENTERS-SKID ROW RES CARE FACILITY","444 SOUTH CROCKER STREET","LOS ANGELES",CA,90013,"LOS ANGELES","(818) 731-4317","VANDERHIDER, DONAHUE","JWCH INSTITUTE, INC.",198603771,"RESIDENTIAL CARE ELDERLY",PENDING,48,,"None"
"WESTMONT OF CHICO-COMPASS ROSE","2750 SIERRA SUNRISE TERRACE","CHICO",CA,95928,"BUTTE","(530) 774-2705","KEENE, CLIFF","TERRACES OPERATIONS LP, THE; WESTMONT LIVING INC",45001756,"RESIDENTIAL CARE ELDERLY",LICENSED,48,4/11/2006,"None"
"BAYVIEW VILLA","777 BAYVIEW DRIVE","SAN CARLOS",CA,94070,"SAN MATEO","(650) 596-3489","LONCAR, LJUBICA VIOLET","LONCAR ENTERPRISES INC.",415600222,"RESIDENTIAL CARE ELDERLY",LICENSED,47,6/29/2000,"None"
"GARDEN GROVE GUEST HOME LLC","12882 SHACKELFORD LANE","GARDEN GROVE",CA,92841,"ORANGE","(714) 430-3534","CONNOR KELLEY","GARDEN GROVE GUEST HOME, LLC",306005991,"RESIDENTIAL CARE ELDERLY",LICENSED,47,9/14/2021,"Premier"
"GOLD QUARTZ INN RETIREMENT HOME","15 BRYSON DRIVE","SUTTER CREEK",CA,95685,"AMADOR","(209) 267-9155","LOREEN HICKMAN","AMADOR RESIDENTIAL PARTNERS INC.",37001001,"RESIDENTIAL CARE ELDERLY",LICENSED,47,2/27/1998,"None"
"GREENWOOD ASSISTED LIVING","233 WEST END AVE","SAN RAFAEL",CA,94901,"MARIN","(415) 258-1560","JOLLY CARUNGCONG","ASSISTED LIVING MARIN LLC",216803761,"RESIDENTIAL CARE ELDERLY",LICENSED,47,9/21/2018,"None"
"MILLS ESTATE VILLA","1733 CALIFORNIA DRIVE","BURLINGAME",CA,94010,"SAN MATEO","(650) 692-0600","MONTANO, DELIA GODOY","CALIFORNIA DRIVE PARTNERS",415600033,"RESIDENTIAL CARE ELDERLY",LICENSED,47,2/15/1996,"Premier"
"BLISSFUL GARDEN","4210 PRODUCT DRIVE","CAMERON PARK",CA,95682,"EL DORADO","(530) 313-0364","SOKIMI, MOTUOMANONO","BLISSFUL GARDEN",92700822,"RESIDENTIAL CARE ELDERLY",LICENSED,46,12/9/2020,"None"
"GOLD COUNTRY ASSISTED LIVING","4301 GOLDEN CENTER DRIVE","PLACERVILLE",CA,95667,"EL DORADO","(530) 621-1100","STONE, BONNIE","DEL ORO ALF LLC",95920119,"RESIDENTIAL CARE ELDERLY",LICENSED,46,5/28/2024,"Premier"
"NAZARETH CLASSIC CARE OF NAPA INC","2465 REDWOOD ROAD","NAPA",CA,94558,"NAPA","(707) 258-8300","MINERVA VILLEGAS","NAZARETH CLASSIC CARE OF NAPA INC",286804041,"RESIDENTIAL CARE ELDERLY",LICENSED,46,7/19/2022,"None"
"PARADISE IN THE VALLEY LLC","13530 SHERMAN WAY","VAN NUYS",CA,91405,"LOS ANGELES","(818) 902-9501","COHEN, YEHUDA","PARADISE IN THE VALLEY LLC",197609982,"RESIDENTIAL CARE ELDERLY",LICENSED,46,2/1/2021,"Premier"
"SOUTH COUNTY RETIREMENT HOME INC.","460 CHURCH AVENUE","SAN MARTIN",CA,95046,"SANTA CLARA","(408) 683-0229","APOSTOL, SAMUEL C.","SOUTH COUNTY RETIREMENT HOME INC.",435294143,"RESIDENTIAL CARE ELDERLY",LICENSED,46,12/1/2005,"None"
"SUNOL CREEK MEMORY CARE","5980 SUNOL BLVD","PLEASANTON",CA,94566,"ALAMEDA","(925) 846-8283","NEWMAN, JOAN","PRI SUNOL LLC; AGEMARK MANAGEMENT LLC",19200484,"RESIDENTIAL CARE ELDERLY",LICENSED,46,4/7/2014,"Vizient"
"ASTORIA AT OAKDALE","700 LAUREL AVE","OAKDALE",CA,95361,"STANISLAUS","(209) 847-0864","JACQUELINE HERNANDEZ","ASTORIA AT OAKDALE, LLC",507005604,"RESIDENTIAL CARE ELDERLY",LICENSED,45,8/14/2015,"Vizient"
"AVANTGARDE SENIOR LIVING OF LA JOLLA","6211 LA JOLLA HERMOSA AVE","LA JOLLA",CA,92037,"SAN DIEGO","(818) 692-5284","ESCOBAR, AGUSTIN","AVANTGARDE SENIOR LIVING OF LA JOLLA",374604261,"RESIDENTIAL CARE ELDERLY",LICENSED,45,4/27/2020,"None"
"BEVERLY HILLS SENIOR CARE","1015 S ORANGE GROVE AVE","LOS ANGELES",CA,90019,"LOS ANGELES","(323) 933-8271","ORDONEZ, DANA","ALWAYS AND READY CARE INC",198603723,"RESIDENTIAL CARE ELDERLY",LICENSED,45,6/28/2024,"None"
"PECH5 MG OC LLC","800 ROBLE AVENUE","MENLO PARK",CA,94025,"SAN MATEO","(408) 807-1984","VERMA, NEERU","PECH5 MG OC LLC",415601180,"RESIDENTIAL CARE ELDERLY",LICENSED,45,9/30/2024,"None"
"PICO DE LORO","620 NORTH PERRIS BLVD","PERRIS",CA,92571,"RIVERSIDE","(951) 943-8081","VIVIEN RILLO/EFREN RILLO","PICO DE LORO, INC.",336407734,"RESIDENTIAL CARE ELDERLY",LICENSED,45,7/11/2003,"None"
"ROSEMONT GARDENS","1345 CLARKE STREET","SAN LEANDRO",CA,94577,"ALAMEDA","(510) 483-0150","LEUNG, BELINDA","ROSEMONT GARDENS INC.",19201382,"RESIDENTIAL CARE ELDERLY",PENDING,45,,"Premier"
"AUTUMN OAKS","848 N. JAYE STREET","PORTERVILLE",CA,93257,"TULARE","(559) 784-4144","ONG, ANTONIO G.","R & O MANAGEMENT SERVICES, INC.",547203298,"RESIDENTIAL CARE ELDERLY",LICENSED,44,7/24/2007,"None"
"BENTLEY SUITES","851 4TH STREET","SANTA MONICA",CA,90403,"LOS ANGELES","(213) 478-0460","AQUINO, ROBIN","SPECIALIZED COMMUNITY HEALTHCARE COMPANY",198320302,"RESIDENTIAL CARE ELDERLY",LICENSED,44,8/26/2022,"None"
"CRESCENT OAKS","147 CRESCENT AVE","SUNNYVALE",CA,94087,"SANTA CLARA","(408) 730-4004","JOSHUA LAMBENGCO","ARKHAM OPERATIONS LLC;CALSON MANAGEMENT LLC",435202705,"RESIDENTIAL CARE ELDERLY",LICENSED,44,5/23/2019,"None"
"ELIM PLACE","1808 5TH STREET","SANGER",CA,93657,"FRESNO","(650) 776-2280","CEBALLOS, MARIA","5TH STREET 1808 LLC",107209543,"RESIDENTIAL CARE ELDERLY",LICENSED,44,5/23/2025,"None"
"ELIM PLACE","1808 5TH STREET","SANGER",CA,93657,"FRESNO","(559) 875-7268","WOLF, RACHEL E.","ELIM PLACE, INC.",107206629,"RESIDENTIAL CARE ELDERLY",LICENSED,44,3/28/2013,"None"
"GARDEN CREST","889 LUCILE AVE","LOS ANGELES",CA,90026,"LOS ANGELES","(323) 663-8281","EDWIN VILLANUEVA","GARDEN CREST CONVALESCENT HOSPITAL, INC.",191801803,"RESIDENTIAL CARE ELDERLY",LICENSED,44,11/2/1986,"None"
"MANOR OF OJAI, THE","108 W. EUCALYPTUS ST.","OJAI",CA,93023,"VENTURA","(805) 646-1489","HALINA GARBACZ","RIVERRUN ENTERPRISES, INC.",565801114,"RESIDENTIAL CARE ELDERLY",LICENSED,44,6/24/2004,"None"
"NAZARETH ROSE GARDEN OF NAPA","903 SARATOGA DRIVE","NAPA",CA,94559,"NAPA","(707) 252-7488","RAGLAND, SHANTI","NAZARETH ROSE GARDEN OF NAPA INC",286804053,"RESIDENTIAL CARE ELDERLY",LICENSED,44,1/20/2023,"None"
"QUAIL PARK MEMORY CARE RESIDENCES","5050 TULARE AVENUE","VISALIA",CA,93277,"TULARE","(559) 624-3560","OTERO-GROSS, LENETTE","LAUREL COURT AT QP LLC & MILLENIUM ADVISORS INC.",547206596,"RESIDENTIAL CARE ELDERLY",LICENSED,44,7/11/2012,"None"
"SAINT MICHAEL'S EXTENDED CARE","416 4TH STREET","SAN RAFAEL",CA,94901,"MARIN","(415) 453-4600","ZINGKHAI, RUFUS","SAINT MICHAEL'S EXTENDED CARE, LLC",216801999,"RESIDENTIAL CARE ELDERLY",LICENSED,44,5/16/2007,"None"
"GRAND RIVER VILLA","509 MICHIGAN BLVD","WEST SACRAMENTO",CA,95691,"YOLO","(916) 373-1591","MAGDA LUIS","GRV A CA CORPORATION;CIMINOCARE",576804173,"RESIDENTIAL CARE ELDERLY",LICENSED,43,8/14/2024,"Premier"
"SILVER OAKS","16 COLEMAN PLACE","MENLO PARK",CA,94025,"SAN MATEO","(650) 322-2022","JOSHUA LAMBENGCO","FOX OPS LLC; CALSON MANAGEMENT LLC",415601052,"RESIDENTIAL CARE ELDERLY",LICENSED,43,7/5/2019,"None"
"SPRINGVILLE","12755 TORCH ST","BALDWIN PARK",CA,91706,"LOS ANGELES","(626) 337-7288","FAN, LINDA L","SISTINE MANOR INC",198603040,"RESIDENTIAL CARE ELDERLY",LICENSED,43,6/27/2019,"None"
"VILLA ALAMAR","45 E ALAMAR AVE","SANTA BARBARA",CA,93105,"SANTA BARBARA","(805) 682-9345","LEICHTER, MITCH","GL AND VL 2, LLC, GP OF G AND V 2 LP",425850001,"RESIDENTIAL CARE ELDERLY",LICENSED,43,2/20/2019,"None"
"BELLA VISTA","1641-1659 D STREET","HAYWARD",CA,94541,"ALAMEDA","(510) 397-0751","BAUTISTA, HAIDIE","ARK ANGEL II, LLC",19201202,"RESIDENTIAL CARE ELDERLY",LICENSED,42,11/17/2022,"None"
"BROOKDALE DANVILLE","400 W EL PINTADO RD","DANVILLE",CA,94506,"CONTRA COSTA","(925) 838-3020","TRUONG, TERESA HONG PHUC","SUMMERVILLE AT BARRINGTON COURT; EMERITUS CORP",75601257,"RESIDENTIAL CARE ELDERLY",LICENSED,42,5/30/2006,"Vizient"
"DELTA AT THE SHERWOODS","1215 W SWAIN ROAD","STOCKTON",CA,95207,"SAN JOAQUIN","(209) 689-3180","MOMO R DUOA","EVER WELL HEALTH SYSTEMS LLC",392700109,"RESIDENTIAL CARE ELDERLY",LICENSED,42,7/20/2018,"None"
"MERCED GIRARD RESIDENTIAL CARE FACILITY","129 GIRARD STREET","SAN FRANCISCO",CA,94134,"SAN FRANCISCO","(415) 467-8900","WU, JAMES O.D","HAFCO ELDER CARE, INC.",385600377,"RESIDENTIAL CARE ELDERLY",LICENSED,42,8/28/2009,"None"
"NEWPORT BEACH MEMORY CARE","1000 HALYARD","NEWPORT BEACH",CA,92663,"ORANGE","(949) 220-9700","SANCHEZ, EILEEN","CORKTREE HOLDINGS, LLC",306005154,"RESIDENTIAL CARE ELDERLY",LICENSED,42,4/8/2016,"Vizient"
"RANCHVIEW SENIOR ASSISTED LIVING","350 COLE RANCH ROAD","ENCINITAS",CA,92024,"SAN DIEGO","(760) 753-5082","SETTINERI, JEFFREY","RVSAL, LLC",374604538,"RESIDENTIAL CARE ELDERLY",LICENSED,42,9/23/2022,"None"
"SILVERADO SENIOR LIVING-TUSTIN HACIENDA","240 E 3RD STREET","TUSTIN",CA,92780,"ORANGE","(714) 832-7900","BENJAMIN VELASQUEZ","SILVERADO TUSTIN, LLC;SILVERADO SR. LVNG. MGMT INC",306005692,"RESIDENTIAL CARE ELDERLY",LICENSED,42,2/11/2021,"None"
"WESTHAVEN ASSISTED LIVING","1440 FAIRVIEW STREET","ORLAND",CA,95963,"GLENN","(530) 865-5299","ELLIOTT, AARON","WESTHAVEN SENIOR LIVING, A CALIFORNIA CORPORATION",115920195,"RESIDENTIAL CARE ELDERLY",LICENSED,42,3/4/2025,"Premier, Vizient"
"BRITISH HOME IN CALIFORNIA LTD, THE","647 MANZANITA AVE","SIERRA MADRE",CA,91024,"LOS ANGELES","(626) 355-7240","MARLENE RAINEN","BRITISH HOME IN CALIFORNIA, LTD THE",191501668,"RCFE-CONTINUING CARE RETIREMENT COMMUNITY",LICENSED,41,5/1/1976,"Premier"
"CHALET, THE","6487 MAIN STREET","ORANGEVALE",CA,95662,"SACRAMENTO","(925) 787-2740","SUSIE DIZON","ORANGEVALE SENIOR LIVING LLC",342700157,"RESIDENTIAL CARE ELDERLY",LICENSED,41,1/8/2018,"Premier"
"GOLDEN YEARS RESIDENTIAL CARE HOME, THE","160 S 13TH STREET","CHOWCHILLA",CA,93610,"MADERA","(707) 235-2717","LUARES, BERNARDINO","ORTEGA LUARES NURSING HOME LLC",207209150,"RESIDENTIAL CARE ELDERLY",LICENSED,41,6/14/2021,"None"
"REDWOOD SENIOR LIVING BAKERSFIELD","810 S UNION AVE","BAKERSFIELD",CA,93307,"KERN","(415) 810-0145","PONCE, BEATRIZ","REDWOOD BAKERSFIELD LLC",157209136,"RESIDENTIAL CARE ELDERLY",LICENSED,41,5/18/2021,"None"
"AA BEST CARE HOMES","857 HEARN AVE.","SANTA ROSA",CA,95407,"SONOMA","(707) 546-8413","AQUINO, NICANOR","AA BEST CARE, LLC",496801684,"RESIDENTIAL CARE ELDERLY",LICENSED,40,8/27/2004,"None"
"ANJELICA'S VILLA","555 FRANCIS AVE","SEASIDE",CA,93955,"MONTEREY","(831) 899-2644","NERISSA RAMOS","RAMOS HEALTHCARE SERVICES, INC.",275201863,"RESIDENTIAL CARE ELDERLY",LICENSED,40,8/22/2006,"None"
"ARCADIAN RESIDENTIAL COMMUNITY","24647 MOHR DRIVE","HAYWARD",CA,94545,"ALAMEDA","(510) 887-8898","LULIN WU","ARCADIAN RESIDENTIAL COMMUNITY CORPORATION",15601410,"RESIDENTIAL CARE ELDERLY",LICENSED,40,7/25/2008,"Premier"
"BROOKDALE NORTH FREMONT","38035 MARTHA AVE","FREMONT",CA,94536,"ALAMEDA","(510) 797-4011","HALL, SIMONE S","SUMMERVILLE AT ATHERTON COURT LLC",15601255,"RESIDENTIAL CARE ELDERLY",LICENSED,40,7/7/2006,"Premier"
"BROOKDALE ROSEVILLE","1 SOMER RIDGE DR","ROSEVILLE",CA,95661,"PLACER","(916) 773-5955","ABIGAIL VUE","SUMMERVILLE AT ROSEVILLE GARDENS; EMERITUS CORP",315001843,"RESIDENTIAL CARE ELDERLY",LICENSED,40,6/14/2006,"Premier, Vizient"
"CARMELO PARK","966 CARMELO STREET","MONTEREY",CA,93940,"MONTEREY","(831) 375-0665","MAZERIK, MATTHEW","SONGBIRD CARE HOMES SALINAS LLC",275202480,"RESIDENTIAL CARE ELDERLY",LICENSED,40,5/29/2015,"None"
"CLIMB SIERRA MADRE RCFE","161 W. SIERRA MADRE BLVD.","SIERRA MADRE",CA,91024,"LOS ANGELES","(626) 355-1447","VARGAS, HECTOR","CLIMB INC",198603560,"RESIDENTIAL CARE ELDERLY",LICENSED,40,8/26/2022,"None"
"COURTYARD TERRACE","3408 ALTA ARDEN EXPRESSWAY","SACRAMENTO",CA,95825,"SACRAMENTO","(916) 486-1281","MAGDA LUIS","CIMINO CARE MANGEMENT, INC.",347001078,"RESIDENTIAL CARE ELDERLY",LICENSED,40,8/17/1998,"Premier, Vizient"
"CUESTA ROSA SENIOR RESIDENCE","1691 FREDERICKS STREET","SAN LUIS OBISPO",CA,93401,"SAN LUIS OBISPO","(805) 457-9824","BAILEY, JESSICA","ROSE CARE GROUP INC.",405850513,"RESIDENTIAL CARE ELDERLY",LICENSED,40,7/22/2024,"None"
"EVERGREEN RESIDENCE","3030 W. CALDWELL AVE","VISALIA",CA,93277,"TULARE","(559) 732-3265","CORONADO, ESMERALDA","TANTINGCO, NEIL & MELANIE",547201120,"RESIDENTIAL CARE ELDERLY",LICENSED,40,10/17/2000,"None"
"FOOK HONG SF CARE HOME, INC.","5735 MISSION STREET","SAN FRANCISCO",CA,94112,"SAN FRANCISCO","(415) 533-0541","LEEWONG, SAU TING JOSEPHIN","FOOK HONG SF CARE HOME, INC.",385600394,"RESIDENTIAL CARE ELDERLY",LICENSED,40,7/3/2013,"None"
"FREMONT RTRMT COM-HAPPY LVNG BY COGIR/COGIR FREMON","2860 COUNTRY DRIVE","FREMONT",CA,94536,"ALAMEDA","(510) 790-1645","HUSAIN, SARAH","WELLTOWER COGIR TENANT LLC; COGIR MNGT USA INC",19200848,"RESIDENTIAL CARE ELDERLY",LICENSED,40,2/1/2019,"Premier"
"GARFIELD VILLAS LLC","1425 N GARFIELD AVE","PASADENA",CA,91104,"LOS ANGELES","(626) 398-3261","SANDOVAL, ROSALIE","GARFIELD VILLAS LLC",198602245,"RESIDENTIAL CARE ELDERLY",LICENSED,40,7/13/2018,"None"
"JACOB HEALTH CARE CENTER","4075 54TH STREET","SAN DIEGO",CA,92105,"SAN DIEGO","(619) 582-5168","CRUZ, JOSEPH","UTAH LAKE HOLDINGS, LLC",374604815,"RESIDENTIAL CARE ELDERLY",LICENSED,40,12/31/2024,"Vizient"
"LIFESPRING SENIOR CAMPUS, A WELLNESS COMMUNITY","936 GEER ROAD","TURLOCK",CA,95380,"STANISLAUS","(209) 634-7764","CYNTHIA MCDANIEL","PALO ALTO HEALTHCARE INTERNATONAL, INC",507000962,"RESIDENTIAL CARE ELDERLY",LICENSED,40,2/24/1998,"None"
"MAPLE HOUSE II","2000 BROMMER STREET","SANTA CRUZ",CA,95062,"SANTA CRUZ","(831) 476-6366","ROXAS, ROSE ANNE","DIVINE SENIOR CARE INC.",445202946,"RESIDENTIAL CARE ELDERLY",LICENSED,40,12/20/2024,"None"
"MOUNTAIN VIEW CENTER","715 WEST BASELINE ROAD","CLAREMONT",CA,91711,"LOS ANGELES","(909) 626-6633","LAURA HERNANDEZ","MOUNTAIN VIEW CENTERS",197801605,"RESIDENTIAL CARE ELDERLY",LICENSED,40,8/29/1997,"Vizient"
"NEWPORT MESA SENIOR LIVING","2891 BEAR ST","COSTA MESA",CA,92626,"ORANGE","(949) 629-1020","ROSE NAKADAIRA","PACIFICA NEWPORT MESA LLC; NEWPORT MESA MGR LLC",306004640,"RESIDENTIAL CARE ELDERLY",LICENSED,40,6/1/2014,"Premier"
"RIVERSTONE TERRACE SENIOR LIVING MEMORY CARE","3115 BROOKSIDE DR","BAKERSFIELD",CA,93311,"KERN","(661) 862-9777","RICE, DOUGLAS G.","PACIFICA BAKERSFIELDLP; CALSON CARE BAKERSFIELDLLC",157204131,"RESIDENTIAL CARE ELDERLY",LICENSED,40,7/30/2008,"None"
"ROSEGATE","1345 CLARKE STREET","SAN LEANDRO",CA,94577,"ALAMEDA","(510) 483-0150","LEUNG, BELINDA","KATI KNOX & ASSOCIATES, INC.;ROSEMONT GARDENS,INC.",15600148,"RESIDENTIAL CARE ELDERLY",LICENSED,40,1/7/1997,"None"
"SOLVANG FRIENDSHIP HOUSE","880 FRIENDSHIP LANE","SOLVANG",CA,93463,"SANTA BARBARA","(805) 688-8748","TAMMY WESTWOOD","SOLVANG FRIENDSHIP HOUSE",421703158,"RESIDENTIAL CARE ELDERLY",LICENSED,40,7/1/1993,"Vizient"
"ST JOHN OF GOD RESIDENCE","2468 SO. ST. ANDREWS PLACE","LOS ANGELES",CA,90018,"LOS ANGELES","(323) 731-0641","SABRINA TUCKER","ST. JOHN OF GOD RETIREMENT AND CARE CENTER",191800633,"RESIDENTIAL CARE ELDERLY",LICENSED,40,5/2/1989,"Premier"
"PARADISE ASSISTED CARE CORP","2177 17TH AVE","SANTA CRUZ",CA,95062,"SANTA CRUZ","(831) 475-1386","CHRISTINA RIVAS","PARADISE ASSISTED CARE CORP.",445202851,"RESIDENTIAL CARE ELDERLY",LICENSED,39,3/30/2022,"None"
"ACC ASSISTED LIVING AT GREENHAVEN TERRACE","1180 CORPORATE WAY","SACRAMENTO",CA,95831,"SACRAMENTO","(916) 395-0210","BRITTANY YAMADA","ASIAN COMMUNITY CENTER OF SAC VALLEY, INC.",347005257,"RESIDENTIAL CARE ELDERLY",LICENSED,38,4/30/2014,"Premier"
"ALPINE VIEW LODGE","973 ARNOLD WAY","ALPINE",CA,91901,"SAN DIEGO","(626) 437-5821","REYNOLDS, ANGELA","ALPINE VIEW LODGE LLC",374604618,"RESIDENTIAL CARE ELDERLY",LICENSED,38,12/13/2022,"None"
"COTTAGES AT ARTESIA ANAHEIM, THE","8792 CERRITOS AVENUE","ANAHEIM",CA,92804,"ORANGE","(657) 256-1063","OLAIS, AURELIA","COTTAGES AT ARTESIA LLC, THE",306006155,"RESIDENTIAL CARE ELDERLY",LICENSED,38,6/15/2022,"None"
"CRESTVIEW MANOR","350 S. VINE STREET","ESCONDIDO",CA,92025,"SAN DIEGO","(760) 745-0160","BRISTOL, AUDRA","CRESTVIEW MANOR INC",371881531,"RESIDENTIAL CARE ELDERLY",LICENSED,38,11/7/2024,"None"
"DIAMOND TERRACES","600 E. 11TH STREET","HANFORD",CA,93230,"KINGS","(559) 585-8010","NORMAN, ROBERT","RCAN, INC.",167200404,"RESIDENTIAL CARE ELDERLY",LICENSED,38,5/8/1997,"None"
"GREENRIDGE SENIOR LIVING","2150 PYRAMID DRIVE","RICHMOND",CA,94803,"CONTRA COSTA","(510) 758-9600","SINGH, RUBY","ARPD,LLC",79201152,"RESIDENTIAL CARE ELDERLY",LICENSED,38,7/28/2022,"None"
"LAKESHORE RESIDENTIAL CARE","1901 THIRD AVENUE","OAKLAND",CA,94606,"ALAMEDA","(510) 834-9880","SYED, GAFFAR","GAFFAR ENTERPRISES, INC.",15601408,"RESIDENTIAL CARE ELDERLY",LICENSED,38,12/1/2008,"None"
"MOUNTAIN VISTA OF OJAI","602 EAST OAK STREET","OJAI",CA,93023,"VENTURA","(805) 646-6850","NICKIE PEREZ","CALIFORNIA RETIREMENT HOMES INC",565801019,"RESIDENTIAL CARE ELDERLY",LICENSED,38,2/3/2004,"None"
"OAKCREEK","6127 E. CASTRO VALLEY BLVD.","CASTRO VALLEY",CA,94552,"ALAMEDA","(510) 889-7515","ROSELINE R. PRASAD","ECHO SENIOR LIVING LLC",15601507,"RESIDENTIAL CARE ELDERLY",LICENSED,38,1/19/2013,"None"
"SOLANO LIFE HOUSE ASSISTED LIVING & MEMORY CARE","575 S JEFFERSON ST","DIXON",CA,95620,"SOLANO","(707) 678-1651","FELIX, MARY","PRIME CARE SENIOR LIVING LLC",486804218,"RESIDENTIAL CARE ELDERLY",LICENSED,38,8/21/2024,"None"
"TOWNSEND HOUSE","10 ILAHEE LN","CHICO",CA,95973,"BUTTE","(530) 342-4455","PASQUALE, CHABLIS","RCFE MANAGEMENT LLC",45002696,"RESIDENTIAL CARE ELDERLY",LICENSED,38,2/12/2019,"None"
"ALEXANDER GARDENS","2120 SANTA BARBARA ST","SANTA BARBARA",CA,93105,"SANTA BARBARA","(805) 682-9644","LEICHTER, MITCHELL","GL AND VL LLC",425801995,"RESIDENTIAL CARE ELDERLY",LICENSED,36,11/16/2015,"None"
"HARVEST AT FOWLER, THE","1400 E SUMNER AVE","FOWLER",CA,93625,"FRESNO","(559) 834-5692","ZANIN, ALEX","SERENITY SENIOR LIVING INC",107208918,"RESIDENTIAL CARE ELDERLY",LICENSED,36,5/13/2019,"Premier"
"IVY RIDGE ASSISTED LIVING","2030 23RD ST","SACRAMENTO",CA,95818,"SACRAMENTO","(916) 600-3309","LEZEL BELLO","IVY RIDGE CARE INC",342701234,"RESIDENTIAL CARE ELDERLY",LICENSED,36,4/13/2023,"None"
"MAGNOLIA GARDEN ASSISTED LIVING","205 EL PINTO ROAD","DANVILLE",CA,94526,"CONTRA COSTA","(510) 364-5158","OLIVA, JOSEPH ANTHONY","ADG CARE SERVICES INC.",79201415,"RESIDENTIAL CARE ELDERLY",LICENSED,36,12/27/2024,"None"
"OAK PLACE RESIDENTIAL CARE","50 OAK ST.","CAMARILLO",CA,93010,"VENTURA","(805) 586-4086","SPRING, BECKY","TURNING POINT FOUNDATION",565850108,"RESIDENTIAL CARE ELDERLY",LICENSED,36,6/23/2021,"None"
"OUR COUNTRYSIDE RESORT","18111 HAINES STREET","PERRIS",CA,92570,"RIVERSIDE","(951) 657-3557","MAHAN, ELIZABETH","GARLYN CO.",331881645,"RESIDENTIAL CARE ELDERLY",LICENSED,36,10/17/2024,"None"
"PATHWAY ASSISTED LIVING/ WESTCHESTER GARDENS","2228 TRUXTUN AVE","BAKERSFIELD",CA,93301,"KERN","(661) 324-3091","MOREHEAD, NICOLE","PATHWAY ASST. LVG. LLC/DBA WESTCHESTER GARDENS",157209297,"RESIDENTIAL CARE ELDERLY",LICENSED,36,5/23/2023,"None"
"RIVER BLUFFS MEMORY CARE COMMUNITY","5425 W. SPRUCE AVE.","FRESNO",CA,93722,"FRESNO","(559) 840-9347","HURLEY, DONNA","SIERRA MEADOWS SENIOR CARE, INC.",107209048,"RESIDENTIAL CARE ELDERLY",LICENSED,36,5/4/2020,"None"
"SANTA BARBARA MEMORY CARE","325 W ISLAY ST","SANTA BARBARA",CA,93101,"SANTA BARBARA","(805) 880-4770","LISA GERR","PAC COAST INC,GP OF PAC COAST LP;SANTA BARBARA MGR",425802116,"RESIDENTIAL CARE ELDERLY",LICENSED,36,2/11/2019,"Premier"
"WESTERN ASSEMBLIES HOME","350 BERKELEY AVENUE","CLAREMONT",CA,91711,"LOS ANGELES","(909) 626-3711","LYNN HUGHES","WESTERN ASSEMBLIES HOME, INC.",191502342,"RESIDENTIAL CARE ELDERLY",LICENSED,36,10/31/1993,"None"
"WHISPERING PINES INN, LLC","476 LOS VIBORAS ROAD","HOLLISTER",CA,95023,"SAN BENITO","(831) 636-9620","PARK,CHARLES & MAE","WHISPERING PINES INN,LLC",355201055,"RESIDENTIAL CARE ELDERLY",LICENSED,36,7/25/2002,"None"
"DIANA'S CARE HOME","27402 MANON AVENUE","HAYWARD",CA,94544,"ALAMEDA","(510) 786-9982","REANO-AQUINO, GRACE","SCOTT VILLAS CORPORATION;DIANA'S CARE HOME",19201446,"RESIDENTIAL CARE ELDERLY",LICENSED,35,2/19/2021,"Premier"
"DIANA'S CARE HOME","27402 MANON AVENUE","HAYWARD",CA,94544,"CONTRA COSTA","(510) 786-9982","REANO-AQUINO, GRACE","SCOTT VILLAS CORPORATION;DIANA'S CARE HOME",79200787,"RESIDENTIAL CARE ELDERLY",LICENSED,35,2/19/2021,"None"
"FRIENDSHIP CARE HOME","1907 CAVALLO ROAD","ANTIOCH",CA,94509,"CONTRA COSTA","(925) 732-7364","SANDHU, SEEMA","STAR RCFE",79201172,"RESIDENTIAL CARE ELDERLY",LICENSED,35,7/21/2022,"None"
"SCOTT VILLA","1560 MIDDLE LANE","HAYWARD",CA,94545,"ALAMEDA","(510) 782-7833","JONABELLE TOLENTINO","SCOTT VILLAS CORPORATION",19200750,"RESIDENTIAL CARE ELDERLY",LICENSED,35,5/9/2018,"Premier"
"SENIOR CARE VILLA OF LOOMIS","3400 CHISOM TRAIL","LOOMIS",CA,95650,"PLACER","(916) 652-8000","ILONA CORPUS","BPG LOOMIS LLC, NORTHSTAR SENIOR LIVING INC.",315003016,"RESIDENTIAL CARE ELDERLY",LICENSED,35,12/27/2023,"None"
"STONEWALL GARDENS ASSISTED LIVING","2150 N PALM CANYON DR","PALM SPRINGS",CA,92262,"RIVERSIDE","(760) 548-0970","LAUREN KABAKOFF","PCD SENIOR #1 LLC; NORTHSTAR SENIOR LIVING INC",336426505,"RESIDENTIAL CARE ELDERLY",LICENSED,35,12/22/2014,"None"
"A SPLENDOR LIVING - THE GLENDORA INC","452 SELLERS ST.","GLENDORA",CA,91741,"LOS ANGELES","(626) 594-0152","CHRIS JENG","A SPLENDOR SENIOR LIVING - THE GLENDORA INC",198601845,"RESIDENTIAL CARE ELDERLY",LICENSED,34,7/14/2014,"None"
"COGIR OF SOUTH BAY","21507 HAWTHORNE BLVD","TORRANCE",CA,90503,"LOS ANGELES","(213) 808-4531","HILES, LINDA","TORRANCE OPERATIONS LLC; CADENCE SL TORRANCE LLC",198320454,"RESIDENTIAL CARE ELDERLY",LICENSED,34,10/8/2024,"None"
"GLEN PARK AT GLENDORA","452 SELLERS STREET","GLENDORA",CA,91741,"LOS ANGELES","(818) 242-9000","OGOT, PAMELA","GLEN PARK AT GLENDORA, LLC",198603698,"RESIDENTIAL CARE ELDERLY",PENDING,34,,"None"
"MEADOWS AT COUNTRY PLACE, THE","10 COUNTRY PLACE","SACRAMENTO",CA,95831,"SACRAMENTO","(916) 706-3949","RANGI GINER","MEADOWS AT COUNTRY PLACE, LLC, THE",347004702,"RESIDENTIAL CARE ELDERLY",LICENSED,34,5/24/2011,"None"
"MIRABEL LODGE","6950 MIRABEL ROAD","FORESTVILLE",CA,95436,"SONOMA","(707) 887-1754","VARSHAVSKY, ALEXANDER","SONOMA MODEL X",496804122,"RESIDENTIAL CARE ELDERLY",LICENSED,34,4/3/2023,"None"
"PROVIDENCE PLACE","2456 GEARY BLVD.","SAN FRANCISCO",CA,94115,"SAN FRANCISCO","(415) 359-9700","KNOP, GALINA","KNOP, ROMAN & KNOP, GALINA",385600019,"RESIDENTIAL CARE ELDERLY",LICENSED,34,8/1/2000,"Premier"
"WINTER WOODS COTTAGE LLC","845 W LA CADENA DRIVE","RIVERSIDE",CA,92501,"RIVERSIDE","(646) 523-8208","NOFAL,YUSEF IZZAT","WINTER WOODS COTTAGE LLC",331881721,"RESIDENTIAL CARE ELDERLY",PENDING,34,,"None"
"BETHEL LUTHERAN HOME, INC.","2280 DOCKERY AVENUE","SELMA",CA,93662,"FRESNO","(559) 896-4900","PATTESON, SHIKHA","BETHEL LUTHERAN HOME, INC.",100400043,"RESIDENTIAL CARE ELDERLY",LICENSED,33,7/15/1992,"None"
"MERCED THREE RESIDENTIAL CARE FACILITY","1420 HAMPSHIRE STREET","SAN FRANCISCO",CA,94110,"SAN FRANCISCO","(415) 285-7660","JOYCE, LEE","HAFCO ELDER CARE, INC.",385600349,"RESIDENTIAL CARE ELDERLY",LICENSED,33,7/14/2005,"None"
"MOUNTAIN MANOR SENIOR RESIDENCE","6101 FAIR OAKS BLVD","CARMICHAEL",CA,95608,"SACRAMENTO","(916) 488-7211","DARRELL PRICE","GRANDCARE, INC.",347005580,"RESIDENTIAL CARE ELDERLY",LICENSED,33,8/13/2015,"Premier"
"AAA KINDNESS CARE II","3811 DOMINION RD","SANTA MARIA",CA,93454,"SANTA BARBARA","(805) 937-6444","PETTIFORD, SHAYNA","SM SENIOR CARE OPERATIONS LLC",425850033,"RESIDENTIAL CARE ELDERLY",LICENSED,32,1/24/2020,"Premier"
"ALDER HOUSE","295 ALDER STREET","ARROYO GRANDE",CA,93420,"SAN LUIS OBISPO","(805) 489-1266","TODD TOSE","ALDER HOUSE INC.",405801283,"RESIDENTIAL CARE ELDERLY",LICENSED,32,7/7/2005,"None"
"ASPEN VILLE CO","5412 KIERNAN AVENUE","SALIDA",CA,95368,"STANISLAUS","(646) 416-1430","KAUR, KASHMINDAR","ADVANCED CARE FACILITY LLC",502701357,"RESIDENTIAL CARE ELDERLY",LICENSED,32,6/11/2024,"None"
"BONITA SPRINGS SENIOR LIVING","1818 SCOTT BLVD","SANTA CLARA",CA,95050,"SANTA CLARA","(669) 242-7150","CERA, DULCE","BONITA SPRINGS SENIOR LIVING LLC",435202959,"RESIDENTIAL CARE ELDERLY",LICENSED,32,3/19/2025,"None"
"FEATHER RIVER MANOR","3962 WEST ELLA AVE.","OLIVEHURST",CA,95961,"YUBA","(530) 743-5022","TERRY, NORA","TERRY, NORA AND SCOTT",581302894,"RESIDENTIAL CARE ELDERLY",LICENSED,32,4/16/1982,"None"
"HEATHERWOOD MEMORY CARE","1315 MT PISGAH ROAD","WALNUT CREEK",CA,94596,"CONTRA COSTA","(925) 939-2833","GONZALES, RITCHIE","GS EAST BAY HEALTH",79201273,"RESIDENTIAL CARE ELDERLY",LICENSED,32,7/5/2023,"None"
"HILLVIEW SENIOR LIVING","3705 HILLVIEW RD","SANTA MARIA",CA,93455,"SANTA BARBARA","(619) 990-0543","HANER-TOMASKO, GARRETT","HAPPY SENIOR LIVING INC",425850616,"RESIDENTIAL CARE ELDERLY",PENDING,32,,"None"
"J & L GUEST HOME","237 S ABBIE STREET","EMPIRE",CA,95319,"STANISLAUS","(209) 527-2765","RENEE LITTLE","LITTLE, JERRY J. & LOUISE",500309303,"RESIDENTIAL CARE ELDERLY",LICENSED,32,3/8/1983,"None"
"NEIGHBORHOODS AT WESTHAVEN, THE","1460 FAIRVIEW ST.","ORLAND",CA,95963,"GLENN","(530) 865-5299","ELLIOTT, AARON","WESTHAVEN SENIOR LIVING, A CALIFORNIA CORPORATION",115920194,"RESIDENTIAL CARE ELDERLY",LICENSED,32,3/4/2025,"Premier"
"OAK PARK MANOR","1073 OLD OAK PARK ROAD","ARROYO GRANDE",CA,93420,"SAN LUIS OBISPO","(805) 540-1503","MEFFERT, ASTRID","OAK PARK MANOR SENIOR SOLUTIONS, LLC",405850039,"RESIDENTIAL CARE ELDERLY",LICENSED,32,8/6/2019,"None"
"POWAY GARDENS SENIOR LIVING - MOUNTAIN VISTAS","12695 MONTE VISTA ROAD","POWAY",CA,92064,"SAN DIEGO","(658) 674-1255","WILLIAMS, DONELLE","SABRA WEST COAST OPERATIONS I, LLC; SH1 RED ALDER",374604633,"RESIDENTIAL CARE ELDERLY",LICENSED,32,5/31/2024,"Premier"
"SONOMA GROVE","765 DONALD STREET","SONOMA",CA,95476,"SONOMA","(415) 264-5486","ALEXANDER VARSHAVSKY","SONOMAMODELX INC.",496803924,"RESIDENTIAL CARE ELDERLY",LICENSED,32,10/14/2020,"Premier"
"SUN AND SEA ASSISTED LIVING","740 SEVENTH STREET","IMPERIAL BEACH",CA,91932,"SAN DIEGO","(619) 429-0633","AGUSTIN, MHEL J","SUN AND SEA ASSISTED LIVING, LLC",374602472,"RESIDENTIAL CARE ELDERLY",LICENSED,32,11/13/2007,"None"
"JONES REST HOME","524 CALLAN AVENUE","SAN LEANDRO",CA,94577,"ALAMEDA","(510) 483-6200","CHARLES W DRAKE","SANHYD, INC.",11441040,"RESIDENTIAL CARE ELDERLY",LICENSED,31,11/4/1993,"Premier"
"MAPLE MANOR","1744 SO. MAPLE","ESCONDIDO",CA,92025,"SAN DIEGO","(760) 743-0632","SNEZANA DJUKIC","DJUKIC, BORKA",372004436,"RESIDENTIAL CARE ELDERLY",LICENSED,31,10/30/1987,"None"
"MELROSE GARDENS","1007-1013 N. MARTEL AVE","LOS ANGELES",CA,90046,"LOS ANGELES","(323) 876-1746","VILLEGAS, MARCO","DANMAR VILLAS, LLC",197610367,"RESIDENTIAL CARE ELDERLY",LICENSED,31,11/7/2023,"None"
"MODESTO GUEST HOME","1344 E. ORANGEBURG AVENUE","MODESTO",CA,95355,"STANISLAUS","(209) 571-0116","GUILLERMINA ZEPEDA","MOLINTAS, ISABEL A.",507001908,"RESIDENTIAL CARE ELDERLY",LICENSED,31,4/8/2003,"None"
"TUSCANY VILLA SENIOR LIVING","790 HOLMES STREET","LIVERMORE",CA,94550,"ALAMEDA","(925) 371-3090","GOMBIO, JANICE","KENAI RIVER HOLDINGS, LLC",19201002,"RESIDENTIAL CARE ELDERLY",LICENSED,31,1/27/2021,"Premier"
"AMERICAN ASSISTED LIVING","405 KINGS WAY","SUISUN CITY",CA,94585,"SOLANO","(510) 604-3825","SUKHJIT SANDHU","AMERICAN ASSISTED LIVING",486803815,"RESIDENTIAL CARE ELDERLY",LICENSED,30,7/16/2019,"None"
"COUNTRY CLUB GUEST HOME","25533 RUA MICHELLE","ESCONDIDO",CA,92026,"SAN DIEGO","(760) 747-0957","RAMIREZ, JULIE","RAMIREZ, JULITA E. AND RANDY M.",372004630,"RESIDENTIAL CARE ELDERLY",LICENSED,30,8/29/1989,"None"
"DIMOND CARE","3003 FRUITVALE AVENUE","OAKLAND",CA,94602,"ALAMEDA","(510) 436-0823","BLAIN, JOHN F.","DIMOND CARE, LLC",15601241,"RESIDENTIAL CARE ELDERLY",LICENSED,30,9/21/2006,"Premier"
"FAMILY CHOICE SENIOR LIVING","3105 W. ORANGE AVENUE","ANAHEIM",CA,92804,"ORANGE","(714) 229-0069","JUNGE, PAMELA","ZH FCSL LLC",306006247,"RESIDENTIAL CARE ELDERLY",LICENSED,30,11/1/2023,"None"
"HARBORVIEW SENIOR ASSISTED LIVING","2360 ALBATROSS STREET","SAN DIEGO",CA,92101,"SAN DIEGO","(619) 233-8382","SETTINERI, JEFFREY","HVSAL, LLC",374603715,"RESIDENTIAL CARE ELDERLY",LICENSED,30,5/25/2017,"Premier"
"HELPING HANDS SENIOR CARE","825 S WILLOW AVENUE","FRESNO",CA,93727,"FRESNO","(650) 776-2280","NGUYEN, ELSA","HELPING HANDS SENIOR CARE LLC",107209444,"RESIDENTIAL CARE ELDERLY",LICENSED,30,7/24/2024,"None"
"MESAVIEW SENIOR ASSISTED LIVING","7971 CULOWEE STREET","LA MESA",CA,91942,"SAN DIEGO","(619) 466-0253","GENOVEVA GUERRERO","MVSAL, LLC",374604063,"RESIDENTIAL CARE ELDERLY",LICENSED,30,8/24/2018,"None"
"NORTH LAKE VILLAS INC.","2851 N. LAKE AVE","ALTADENA",CA,91001,"LOS ANGELES","(626) 398-8668","NOURIT BRAUN","NORTH LAKE VILLAS, INC.",197603823,"RESIDENTIAL CARE ELDERLY",LICENSED,30,8/30/2002,"None"
"OAKWOOD MEMORY & SENIOR CARE","1025 OAKWOOD AVENUE","VALLEJO",CA,94591,"SOLANO","(707) 643-0473","MAHAWAR, RASHMIKA","MAHAWAR CARE,LLC",486803614,"RESIDENTIAL CARE ELDERLY",LICENSED,30,8/5/2016,"None"
"PENINSULA SENIOR LIVING MAGNOLIA LLC","176 S BERNARDO AVE","SUNNYVALE",CA,94086,"SANTA CLARA","(408) 807-1984","VERMA, SUNIL","PENINSULA SENIOR LIVING MAGNOLIA LLC",435202832,"RESIDENTIAL CARE ELDERLY",LICENSED,30,12/7/2021,"None"
"PRINCESS LODGE","552 WEST HACIENDA AVENUE","CAMPBELL",CA,95008,"SANTA CLARA","(408) 379-9331","MORALES, JAMES","MORALES,JAMES & JUDITH",435200996,"RESIDENTIAL CARE ELDERLY",LICENSED,30,2/28/2002,"None"
"ROSE GARDEN COURT","958 VERMONT STREET","SAN JOSE",CA,95126,"SANTA CLARA","(408) 247-0815","ROSETE, LILETTE","ROSETE, LILETTE",435200967,"RESIDENTIAL CARE ELDERLY",LICENSED,30,11/28/2001,"None"
"SERENITY GARDENS","1233 WILLIS STREET","REDDING",CA,96001,"SHASTA","(530) 605-4033","CAIN, BETTY","CAIN, MATTHEW & BETTY",455002550,"RESIDENTIAL CARE ELDERLY",LICENSED,30,7/16/2014,"None"
"WESTHILLS VILLA GARDENS","5466 WEST WILSON ST.","BANNING",CA,92220,"RIVERSIDE","(951) 849-7521","THELMA MONTEBON","ALL HEALTH GROUP OF COMPANIES INC.",331881251,"RESIDENTIAL CARE ELDERLY",LICENSED,30,3/2/2022,"None"
"COUNTRY INN","1109-B LA GRANDE AVENUE","NAPA",CA,94558,"NAPA","(707) 252-3392","MACARAIG, ROLANDO","COUNTRY INN RETIREMENT HOME, INC.",286800367,"RESIDENTIAL CARE ELDERLY",LICENSED,29,2/4/1997,"None"
"CREST HOME FOR THE ELDERLY","4460 CREST VIEW DRIVE","NORCO",CA,92860,"RIVERSIDE","(951) 736-2921","RAMASAR, OSCAR","RAMASAR GHISLAINE",330905299,"RESIDENTIAL CARE ELDERLY",LICENSED,29,10/2/1993,"None"
"LAVENDER HILLS ASSISTED LIVING III","1794 COLLYER DRIVE","REDDING",CA,96003,"SHASTA","(530) 245-9970","BOSS, JENNIFER B","LAVENDER HILLS ASSISTED LIVING LLC",455002615,"RESIDENTIAL CARE ELDERLY",LICENSED,29,10/28/2016,"Premier"
"VILLA MONTICELLO ASSISTED LIVING","25695 N. CENTRE CITY PARKWAY","ESCONDIDO",CA,92026,"SAN DIEGO","(760) 738-1555","ORLANDO DY","DY CASTELAR INVESTMENTS, LLC",374603462,"RESIDENTIAL CARE ELDERLY",LICENSED,29,10/7/2014,"None"
"VILLA MARIN AMBULATORY CARE UNIT","100 THORNDALE DRIVE","SAN RAFAEL",CA,94903,"MARIN","(415) 499-8711","DURANCZYK, PAUL","VILLA MARIN HOMEOWNERS ASSOCIATION",210108102,"RCFE-CONTINUING CARE RETIREMENT COMMUNITY",LICENSED,28,,"None"
"A TOUCH OF HEAVEN","760 KERRYJEN CT","REDDING",CA,96002,"SHASTA","(530) 226-5052","LONG, JUSTINE","GOLDEN YEARS LLC",455002633,"RESIDENTIAL CARE ELDERLY",LICENSED,28,12/29/2017,"Premier"
"BETHESDA HOME","22427 MONTGOMERY","HAYWARD",CA,94541,"ALAMEDA","(510) 538-8300","DAVID R. MARTINEZ","CHRISTIAN RETIREMENT CENTER OF NORTHERN CALIFORNIA",11400061,"RESIDENTIAL CARE ELDERLY",LICENSED,28,8/21/1974,"Premier"
"CRISTO REY COTTAGE ASSISTED LIVING","1216 ROYAL OAKS DRIVE","MONROVIA",CA,91016,"LOS ANGELES","(626) 408-7802","KLEIN, KATHRYN","SANTA TERESITA, INC.",198603225,"RESIDENTIAL CARE ELDERLY",LICENSED,28,10/3/2019,"None"
"GOLDEN HOME EXTENDED CARE, INC.","1234 LAS GALLINAS AVE","SAN RAFAEL",CA,94903,"MARIN","(415) 297-4342","ZINGKHAI, RUFUS","GOLDEN HOME EXTENDED CARE, INC.",216803145,"RESIDENTIAL CARE ELDERLY",LICENSED,28,9/8/2009,"None"
"GOOD SHEPHERD COTTAGE ASSISTED LIVING","1218 ROYAL OAKS DR","MONROVIA",CA,91016,"LOS ANGELES","(626) 239-0710","KLIEN,KATHRYN","SANTA TERESITA INC",198602600,"RESIDENTIAL CARE ELDERLY",LICENSED,28,6/8/2017,"None"
"HANNA HOUSE RIDLEY","1840 RIDLEY AVENUE","SANTA ROSA",CA,95403,"SONOMA","(707) 591-0980","HANNA, DAVID","DLK VENTURES, INC.",496801090,"RESIDENTIAL CARE ELDERLY",LICENSED,28,6/27/2002,"None"
"PINER'S GUEST HOME","1800 PUEBLO AVENUE","NAPA",CA,94558,"NAPA","(707) 255-3461","PINER, GARY","PINER'S NURSING HOME INC.",280100627,"RESIDENTIAL CARE ELDERLY",LICENSED,28,4/19/1993,"None"
"RAMONA SENIOR MANOR","1236 D STREET","RAMONA",CA,92065,"SAN DIEGO","(760) 440-9844","GALANG, MARJORIE C.","REHMAN CARE CORPORATION",374603182,"RESIDENTIAL CARE ELDERLY",LICENSED,28,2/5/2013,"None"
"VILA MONTE","17090 PEAK AVENUE","MORGAN HILL",CA,95037,"SANTA CLARA","(408) 500-2693","NICHOLAS INNEH","VILA MONTE INC",435202509,"RESIDENTIAL CARE ELDERLY",LICENSED,28,4/13/2016,"None"
"ARDENT CARE","1665 SOUTH BROOKHURST STREET","ANAHEIM",CA,92804,"ORANGE","(714) 991-0991","MELINDA FLORES","ARDENT CARE LLC",306005211,"RESIDENTIAL CARE ELDERLY",LICENSED,27,8/30/2016,"None"
"BENTLEY MANOR","3425 MCLAUGHLIN AVENUE","LOS ANGELES",CA,90066,"LOS ANGELES","(213) 478-0460","ALCARAZ, MONA M","SPECIALIZED COMMUNITY HEALTHCARE COMPANY",198320301,"RESIDENTIAL CARE ELDERLY",LICENSED,27,8/22/2022,"None"
"BURLINGAME VILLA, INC.","1117 RHINETTE AVENUE","BURLINGAME",CA,94010,"SAN MATEO","(650) 344-7074","MEDORIO, ANA","BURLINGAME VILLA, INC.",410508825,"RESIDENTIAL CARE ELDERLY",LICENSED,27,5/22/1992,"Premier"
"HERITAGE HAVEN","389 JUANA AVENUE","SAN LEANDRO",CA,94577,"ALAMEDA","(510) 357-1300","FERDINAND GUTIERREZ","JUANA CARE FACILITY LLC",19200506,"RESIDENTIAL CARE ELDERLY",LICENSED,27,2/28/2014,"None"
"SAN JACINTO ASSISTED LIVING, LLC","397 E. MAIN STREET","SAN JACINTO",CA,92583,"RIVERSIDE","(909) 845-8192","ALMAZAN, LIBRERTY A.","SAN JACINTO ASSISTED LIVING, LLC",331881636,"RESIDENTIAL CARE ELDERLY",PENDING,27,,"None"
"BELLEROSE SENIOR LIVING","100 BELLEROSE","SAN JOSE",CA,95128,"SANTA CLARA","(888) 324-6520","LORI CORRAL","TRIADA CARE COMMUNITES LLC",435202571,"RESIDENTIAL CARE ELDERLY",LICENSED,26,9/12/2017,"Premier"
"GOLDEN ACRES HOME AND CARE","1101 CALIFORNIA STREET","ESCALON",CA,95320,"SAN JOAQUIN","(209) 838-3405","MARICEL YAPO","TEANO-CHUA, MARAVIC",390317215,"RESIDENTIAL CARE ELDERLY",LICENSED,26,5/27/1992,"None"
"GOLDEN OAKS SENIOR LIVING","779 KERRYJEN CT.","REDDING",CA,96002,"SHASTA","(530) 223-1538","WILLIAMS, KENNETH","NEW VISION SERVICES, INC.",455002976,"RESIDENTIAL CARE ELDERLY",LICENSED,26,1/23/2023,"Premier"
"KAEGO'S RICHMAN GARDENS","317 N. RICHMAN GARDENS","FULLERTON",CA,92831,"ORANGE","(714) 733-7518","HARVEY, LUPE","SPECIALIZED COMMUNITY HEALTHCARE COMPANY",306006189,"RESIDENTIAL CARE ELDERLY",LICENSED,26,8/2/2022,"None"
"RACHELLE'S HOME III","4101 FAIRWAY DRIVE","SOQUEL",CA,95073,"SANTA CRUZ","(831) 201-4785","ILAGAN, MYLA","RACHELLE'S HOME III INC",445202879,"RESIDENTIAL CARE ELDERLY",LICENSED,26,1/23/2024,"None"
"TLC ASSISTED LIVING FOR SENIORS","2530 S BEN MADDOX WAY","VISALIA",CA,93292,"TULARE","(559) 627-5684","COSTA, LORETTA M.","TLC ASSISTED LIVING FOR SENIORS",547208261,"RESIDENTIAL CARE ELDERLY",LICENSED,26,1/13/2017,"None"
"AUBURN RAVINE TERRACE ASSISTED LIVING","750 AUBURN RAVINE ROAD","AUBURN",CA,95603,"PLACER","(530) 823-6131","JONES, JAMIE","GLOCKSTON ALF LLC",315920196,"RESIDENTIAL CARE ELDERLY",LICENSED,25,4/1/2025,"Premier"
"BELLO GARDENS ASSISTED LIVING","46 MARIPOSA AVENUE","SAN ANSELMO",CA,94960,"MARIN","(415) 453-3494","NOLA,FRANK","46 MARIPOSA, LLC.",216803239,"RESIDENTIAL CARE ELDERLY",LICENSED,25,12/2/2009,"None"
"DE UN AMOR","460 EUREKA CANYON RD","CORRALITOS",CA,95076,"SANTA CRUZ","(210) 724-2751","KAIYOM, LUSANTA","DE UN AMOR ASSISTED LIVING CORP.",445202888,"RESIDENTIAL CARE ELDERLY",LICENSED,25,5/28/2024,"None"
"J & C CARE CENTER LLC","4240 REDDING STREET","OAKLAND",CA,94619,"ALAMEDA","(510) 482-0108","CHING, JESSICA","J & C CARE CENTER LLC",19200464,"RESIDENTIAL CARE ELDERLY",LICENSED,25,11/12/2013,"Premier"
"LAVENDER HILLS ASSISTED LIVING II","1750 COLLYER DRIVE","REDDING",CA,96003,"SHASTA","(530) 247-0749","BOSS, JENNIFER","LAVENDER HILLS ASSISTED LIVING, LLC",455002027,"RESIDENTIAL CARE ELDERLY",LICENSED,25,4/24/2008,"None"
"SERENITY VILLA","477 PETALUMA AVENUE","SEBASTOPOL",CA,95472,"SONOMA","(415) 609-3827","REZNIK, AIDA","SERENITY VILLA",496803610,"RESIDENTIAL CARE ELDERLY",LICENSED,25,1/15/2016,"None"
"SIERRA PINES GUEST HOME","5051 LA SIERRA AVE","RIVERSIDE",CA,92505,"RIVERSIDE","(786) 219-6008","HAMED, HANAN","SIERRA PINES GUEST HOME",335530063,"RESIDENTIAL CARE ELDERLY",LICENSED,25,3/8/2023,"None"
"VISTA ROSA ELDER CARE","467 HILL STREET","SAN LUIS OBISPO",CA,93401,"SAN LUIS OBISPO","(805) 586-2200","RACHELLE TELLEZ","ROSE CARE GROUP, INC.",405802306,"RESIDENTIAL CARE ELDERLY",LICENSED,25,5/23/2018,"None"